t,x,y,yaw,wz,cmd_w,phase
9.65,33.99967575073242,40.79998016357422,-0.0002600675110231532,-2.492153271305142e-06,0.0,idle
9.666666666,33.99967575073242,40.79997634887695,-0.0002636032225056498,1.939299181685783e-05,0.0,idle
9.683333333,33.99967575073242,40.79998779296875,-0.0002469453029038952,3.192336635038373e-06,0.0,idle
9.7,33.99967575073242,40.799983978271484,-0.0002462623766420207,0.00010863551869988441,0.0,idle
9.716666666,33.99967575073242,40.79997634887695,-0.00026088423011260575,8.748270374780986e-06,0.0,idle
9.733333333000001,33.99967956542969,40.799991607666016,-0.00024208753946961946,4.799948146683164e-05,0.0,idle
9.75,33.99967956542969,40.799983978271484,-0.0002553930775844993,8.135568350553513e-06,0.0,idle
9.766666666,33.99967575073242,40.79997634887695,-0.0002700455792543856,-5.96668041907833e-06,0.0,idle
9.783333333,33.99968338012695,40.79998779296875,-0.00024665379005545866,1.2814336514566094e-05,0.0,idle
9.8,33.99967956542969,40.79998016357422,-0.0002562998946932256,-7.153064416343113e-06,0.0,idle
9.816666666,33.99968338012695,40.79998016357422,-0.00025660901274465633,-1.2045015864714514e-06,0.0,idle
9.833333333,33.99968338012695,40.79997634887695,-0.0002600981660742128,-7.804806955391541e-06,0.0,idle
9.85,33.99968338012695,40.799991607666016,-0.00024267544553063265,-6.321412456600228e-06,0.0,idle
9.866666666,33.99968338012695,40.799983978271484,-0.000251403876253002,1.4817459259575116e-06,0.0,idle
9.883333333,33.99968338012695,40.79997634887695,-0.0002652746962589442,-6.091452746659343e-07,0.0,idle
9.9,33.99967956542969,40.79998779296875,-0.00024754673887833847,-2.202104042225983e-06,0.0,idle
9.916666666,33.99967956542969,40.79997634887695,-0.000261768827756261,-3.239928673792747e-06,0.0,idle
9.933333333,33.99967956542969,40.799991607666016,-0.0002448684072777119,2.2126852854853496e-05,0.0,idle
9.95,33.99967575073242,40.799983978271484,-0.0002587414962843742,2.1687728803954087e-05,0.0,idle
9.966666666,33.99967575073242,40.79998016357422,-0.0002675116739539156,6.568850494659273e-06,0.0,idle
9.983333333000001,33.99967575073242,40.79998016357422,-0.00026579263773112013,9.422835319128353e-06,0.0,idle
10.0,33.99967575073242,40.79997634887695,-0.0002694072513901885,1.0288529665558599e-05,0.0,idle
10.016666666,33.99967575073242,40.79998779296875,-0.0002526543125037615,1.054912445397349e-05,0.0,idle
10.033333333,33.99967575073242,40.799983978271484,-0.00025200093248001676,0.0001189241447718814,0.0,idle
10.05,33.99967575073242,40.79997634887695,-0.0002667433793690668,5.585957751463866e-06,0.0,idle
10.066666666,33.99967956542969,40.799991607666016,-0.00024609888117400127,0.00018374653882347047,0.0,idle
10.083333333,33.99967575073242,40.799983978271484,-0.0002592874829625259,7.959018148540054e-06,0.0,idle
10.1,33.99967575073242,40.79997634887695,-0.0002739669236793415,4.954029009240912e-07,0.0,idle
10.116666666,33.99967575073242,40.79998779296875,-0.00025670507093902996,3.2470902624481823e-06,0.0,idle
10.133333333,33.999671936035156,40.79997253417969,-0.0002720259975186597,-1.0746038242359646e-05,0.0,idle
10.15,33.99967575073242,40.79998779296875,-0.0002586538316894804,-2.578479779913323e-06,0.0,idle
10.166666666,33.999671936035156,40.79997634887695,-0.0002729602618077359,-1.428640098311007e-05,0.0,idle
10.183333333,33.99967575073242,40.79998779296875,-0.00025525216731507003,1.4579517483070958e-05,0.0,idle
10.2,33.99967575073242,40.799983978271484,-0.0002553786146440959,1.5802562529643183e-06,0.0,idle
10.216666666,33.99967575073242,40.79998016357422,-0.00026404469677121305,-7.5592834036797285e-06,0.0,idle
10.233333333,33.99967575073242,40.79998016357422,-0.00026233540359230144,2.1863992515136488e-05,0.0,idle
10.25,33.99967575073242,40.79997634887695,-0.0002659054815918518,9.047857020050287e-06,0.0,idle
10.266666666,33.99967956542969,40.79998779296875,-0.00024813897657799866,-1.7090397932406631e-06,0.0,idle
10.283333333,33.99967575073242,40.79997253417969,-0.0002637775854094295,-3.1920881156111136e-06,0.0,idle
10.3,33.99968338012695,40.79998779296875,-0.00025158027612499787,1.0803548320836853e-05,0.0,idle
10.316666666,33.99967956542969,40.79998016357422,-0.00024984779760724683,-1.756347955961246e-05,0.0,idle
10.333333333,33.99967575073242,40.79998016357422,-0.0002505064906479824,3.436103361309506e-05,0.0,idle
10.35,33.99967956542969,40.79998016357422,-0.000249254795015979,5.2346906159073114e-05,0.0,idle
10.366666666,33.99967956542969,40.799983978271484,-0.0002461582572622797,6.863456746941665e-06,0.0,idle
10.383333333,33.99967956542969,40.79998016357422,-0.0002546430261458906,-1.0528888196859043e-05,0.0,idle
10.4,33.99967575073242,40.79997634887695,-0.00025787684814777,-6.303278496488929e-06,0.0,idle
10.416666666,33.99967575073242,40.799991607666016,-0.0002402347558466437,9.955392670235597e-06,0.0,idle
10.433333333,33.99967575073242,40.799983978271484,-0.00025044325446741035,5.396970209403662e-06,0.0,idle
10.45,33.99967575073242,40.79998016357422,-0.0002591205811145027,-1.1780070053646341e-05,0.0,idle
10.466666666,33.99967575073242,40.79998016357422,-0.00025741350336974325,2.008990486501716e-05,0.0,idle
10.483333333000001,33.99967575073242,40.79997634887695,-0.0002609790254642505,1.5092751709744334e-05,0.0,idle
10.5,33.99967956542969,40.799991607666016,-0.00024362343904081664,-9.288564797316212e-06,0.0,idle
10.516666666,33.99967956542969,40.799983978271484,-0.0002538425129831075,2.1146779545233585e-06,0.0,idle
10.533333333,33.99967575073242,40.79998016357422,-0.00026254658723094383,-1.1008884030161425e-05,0.0,idle
10.55,33.99967956542969,40.79998016357422,-0.00026120437309993627,1.4478820048680063e-05,0.0,idle
10.566666666,33.99967956542969,40.79997634887695,-0.0002647901989828476,1.52970587805612e-05,0.0,idle
10.583333333,33.99968338012695,40.79998779296875,-0.00024812126563844203,3.673512537716306e-06,0.0,idle
10.6,33.99968338012695,40.799983978271484,-0.00024742888260592775,-3.657356137409806e-05,0.0,idle
10.616666666,33.99968338012695,40.79997634887695,-0.00026218121083734455,1.6421137161160004e-06,0.0,idle
10.633333333,33.99967956542969,40.799991607666016,-0.0002444008794238907,-2.655494427017402e-06,0.0,idle
10.65,33.99967956542969,40.799983978271484,-0.0002481150420166423,1.1354892421877594e-06,0.0,idle
10.666666666,33.999671936035156,40.799983978271484,-0.0002462504914511651,4.047443781018956e-06,0.0,idle
10.683333333,33.99967956542969,40.79997634887695,-0.00025601218898160447,8.30566386866849e-06,0.0,idle
10.7,33.99967956542969,40.799991607666016,-0.00024179740718014358,2.6184728994849138e-05,0.0,idle
10.716666666,33.99967956542969,40.799983978271484,-0.0002551508618790586,1.840345976233948e-05,0.0,idle
10.733333333000001,33.99967575073242,40.79997634887695,-0.0002690013072641944,1.1734849749700516e-06,0.0,idle
10.75,33.99967956542969,40.79998779296875,-0.00025226511429005127,-7.248084330058191e-06,0.0,idle
10.766666666,33.99967575073242,40.79997634887695,-0.0002665895823671452,-1.0812041182362009e-05,0.0,idle
10.783333333,33.99968338012695,40.79998779296875,-0.00024893259321128033,1.4634985745942686e-05,0.0,idle
10.8,33.99967956542969,40.79997634887695,-0.0002661610621181551,-0.00039744339301250875,0.0,idle
10.816666666,33.99968338012695,40.79998779296875,-0.00024856876460516066,1.7230428056791425e-05,0.0,idle
10.833333333,33.99968338012695,40.79997634887695,-0.0002630695287925773,-1.7847842173068784e-05,0.0,idle
10.85,33.99968338012695,40.799991607666016,-0.00024497072269138526,1.4638164884672733e-06,0.0,idle
10.866666666,33.99968338012695,40.799983978271484,-0.0002540128610905859,3.33894763571152e-06,0.0,idle
10.883333333,33.99968338012695,40.79998016357422,-0.0002626698917624465,-1.0451945854583755e-05,0.0,idle
10.9,33.99968338012695,40.79998016357422,-0.00026095143042925364,2.1656180251738988e-05,0.0,idle
10.916666666,33.99968338012695,40.79997634887695,-0.0002645215650516941,9.15361124498304e-06,0.0,idle
10.933333333,33.99967956542969,40.79998779296875,-0.00024672319337951093,-1.2939751741214423e-06,0.0,idle
10.95,33.99967956542969,40.79998016357422,-0.0002504206090039439,-2.2975916635914473e-06,0.0,idle
10.966666666,33.999671936035156,40.79998016357422,-0.00024813845907785897,1.5003249245637562e-05,0.0,idle
10.983333333000001,33.99967956542969,40.79998016357422,-0.0002465928759587777,1.4017349712958094e-05,0.0,idle
11.0,33.99967956542969,40.79997634887695,-0.00025116504572639367,6.042381210136227e-05,0.0,idle
11.016666666,33.99967575073242,40.799991607666016,-0.0002334438068861949,-6.923606179043418e-06,0.0,idle
11.033333333,33.99968338012695,40.79998779296875,-0.00024226110471980736,6.851628768345108e-06,0.0,idle
11.05,33.99967956542969,40.799983978271484,-0.0002415910472051163,9.989871614379808e-05,0.0,idle
11.066666666,33.99967575073242,40.799991607666016,-0.00023764019869741782,-1.3890804439142812e-05,0.0,idle
11.083333333,33.99967575073242,40.799983978271484,-0.000251713494536337,1.3377048162510619e-05,0.0,idle
11.1,33.99967575073242,40.79997634887695,-0.00026557292397567044,2.6208708732156083e-06,0.0,idle
11.116666666,33.99967956542969,40.79998779296875,-0.00024789838884972356,-8.522880307282321e-06,0.0,idle
11.133333333,33.99967575073242,40.79997253417969,-0.00026355052724394006,-3.859331627609208e-06,0.0,idle
11.15,33.99967956542969,40.79998779296875,-0.0002512007284158886,1.2278458598302677e-05,0.0,idle
11.166666666,33.99967956542969,40.79998016357422,-0.0002515824243608095,-5.10477502757567e-06,0.0,idle
11.183333333,33.99967575073242,40.79998016357422,-0.00025054601423391774,3.022797500307206e-05,0.0,idle
11.2,33.99968338012695,40.79998016357422,-0.0002479328058546039,1.4644268958363682e-05,0.0,idle
11.216666666,33.99967956542969,40.79998016357422,-0.0002524811856348352,-1.7776721506379545e-05,0.0,idle
11.233333333,33.99967956542969,40.79998016357422,-0.0002512213843402701,5.742202847613953e-05,0.0,idle
11.25,33.99967575073242,40.79998016357422,-0.0002500883862587575,3.8488975405925885e-05,0.0,idle
11.266666666,33.99968338012695,40.79998016357422,-0.00024746716617897143,1.604062163096387e-05,0.0,idle
11.283333333,33.99967956542969,40.79997634887695,-0.00025768001829641813,-2.2155287297209725e-05,0.0,idle
11.3,33.99967956542969,40.799991607666016,-0.00024147861410605387,3.1130255138123175e-06,0.0,idle
11.316666666,33.99967956542969,40.799983978271484,-0.00025560020650132844,3.0437922760029323e-06,0.0,idle
11.333333333,33.99967575073242,40.79997634887695,-0.0002694501829382653,1.0855922027985798e-07,0.0,idle
11.35,33.99967575073242,40.79998779296875,-0.0002515512529686978,5.190248430153588e-06,0.0,idle
11.366666666,33.99967956542969,40.799983978271484,-0.0002516921865992192,1.579289346409496e-05,0.0,idle
11.383333333,33.99967575073242,40.79998016357422,-0.0002603746239588837,-4.416408501128899e-06,0.0,idle
11.4,33.99967956542969,40.79997634887695,-0.0002594585444827475,2.832030759236659e-06,0.0,idle
11.416666666,33.99968338012695,40.799991607666016,-0.00024535206704573854,5.886573489988223e-05,0.0,idle
11.433333333,33.99968338012695,40.799983978271484,-0.0002547828207001791,-3.5280741030874196e-06,0.0,idle
11.45,33.99968338012695,40.79998016357422,-0.00026348889074086186,-1.061154944181908e-05,0.0,idle
11.466666666,33.99968338012695,40.79997634887695,-0.0002670170223881121,1.9975645045633428e-05,0.0,idle
11.483333333000001,33.99968338012695,40.79998779296875,-0.0002494766210208091,3.5778880373982247e-06,0.0,idle
11.5,33.99967956542969,40.799983978271484,-0.00024876497570459894,-1.0699217455112375e-05,0.0,idle
11.516666666,33.99967956542969,40.79998016357422,-0.0002582097066340158,0.00020494175259955227,0.0,idle
11.533333333,33.99967956542969,40.79998016357422,-0.0002568338347088468,4.484050805331208e-05,0.0,idle
11.55,33.99967956542969,40.79998016357422,-0.0002559974448421926,5.059044269728474e-05,0.0,idle
11.566666666,33.99967575073242,40.79997634887695,-0.00025912037727450477,-1.2581627743202262e-05,0.0,idle
11.583333333,33.99967956542969,40.799991607666016,-0.00024145011254878948,8.990261449071113e-06,0.0,idle
11.6,33.99967956542969,40.799983978271484,-0.0002509621422378193,0.0002016762300627306,0.0,idle
11.616666666,33.99967575073242,40.79998016357422,-0.0002589889824319112,-4.2148503780481406e-06,0.0,idle
11.633333333,33.99967575073242,40.79997634887695,-0.0002626229531248852,-7.856029924369068e-07,0.0,idle
11.65,33.99967956542969,40.799991607666016,-0.000244862675966128,-3.1560610125325184e-08,0.0,idle
11.666666666,33.99967575073242,40.79998016357422,-0.0002604978159512595,-4.0316271565643547e-07,0.0,idle
11.683333333,33.99967956542969,40.79998016357422,-0.00025997003580192376,-5.713281552743865e-06,0.0,idle
11.7,33.99967956542969,40.79998016357422,-0.0002588464973293527,3.986321098636836e-05,0.0,idle
11.716666666,33.99967956542969,40.79997634887695,-0.0002622214698539782,1.830811015679501e-05,0.0,idle
11.733333333000001,33.99968338012695,40.799991607666016,-0.00024555752126444955,1.930728103616275e-06,0.3,step_0.3
11.75,33.99968338012695,40.799983978271484,-0.0002550162253028616,-5.57642852072604e-06,0.3,step_0.3
11.766666666,33.99968338012695,40.79998016357422,-0.0002636945623919007,-1.002234512270661e-05,0.3,step_0.3
11.783333333,33.99967956542969,40.800010681152344,0.0010007107117239865,0.10318803042173386,0.3,step_0.3
11.8,33.99967575073242,40.80000305175781,0.0036964511516323706,0.17964428663253784,0.3,step_0.3
11.816666666,33.999515533447266,40.79998016357422,0.007081968356317874,0.21885937452316284,0.3,step_0.3
11.833333333,33.9994010925293,40.79999923706055,0.011037984827875972,0.254335880279541,0.3,step_0.3
11.85,33.99931335449219,40.800045013427734,0.015347581674344492,0.2744729220867157,0.3,step_0.3
11.866666666,33.99925994873047,40.800025939941406,0.01987837279870017,0.28313419222831726,0.3,step_0.3
11.883333333,33.999271392822266,40.80004119873047,0.024510274673883895,0.2870519459247589,0.3,step_0.3
11.9,33.999305725097656,40.80002212524414,0.029176300216161223,0.2886430323123932,0.3,step_0.3
11.916666666,33.9993782043457,40.800018310546875,0.033875694166957765,0.289579302072525,0.3,step_0.3
11.933333333,33.99937438964844,40.8000602722168,0.03862836032313122,0.2889191210269928,0.3,step_0.3
11.95,33.999385833740234,40.80006408691406,0.043307288986644016,0.2879650294780731,0.3,step_0.3
11.966666666,33.99935531616211,40.800113677978516,0.048001417840415894,0.29073265194892883,0.3,step_0.3
11.983333333000001,33.99933624267578,40.80009841918945,0.052702309462798635,0.29021942615509033,0.3,step_0.3
12.0,33.99932098388672,40.800086975097656,0.057421075651646426,0.2900056540966034,0.3,step_0.3
12.016666666,33.99929428100586,40.80009841918945,0.06213530404623496,0.2908961772918701,0.3,step_0.3
12.033333333,33.99928283691406,40.80010986328125,0.06684204568664372,0.29048821330070496,0.3,step_0.3
12.05,33.999298095703125,40.800086975097656,0.07156733521947646,0.2921258211135864,0.3,step_0.3
12.066666666,33.999324798583984,40.80010986328125,0.07629814773187159,0.2927325963973999,0.3,step_0.3
12.083333333,33.99932861328125,40.80012130737305,0.08101492071398758,0.29092350602149963,0.3,step_0.3
12.1,33.99930191040039,40.80013656616211,0.0857231438940476,0.2882082164287567,0.3,step_0.3
12.116666666,33.99930953979492,40.800140380859375,0.0904326229998241,0.29119670391082764,0.3,step_0.3
12.133333333,33.99935531616211,40.800113677978516,0.0951477579676505,0.2913365960121155,0.3,step_0.3
12.15,33.9993896484375,40.80018615722656,0.09984924234186275,0.28834447264671326,0.3,step_0.3
12.166666666,33.99940490722656,40.80018997192383,0.10453032231839607,0.289066344499588,0.3,step_0.3
12.183333333,33.999420166015625,40.80021286010742,0.10921625331351743,0.2898029685020447,0.3,step_0.3
12.2,33.99940872192383,40.80027770996094,0.11391622947460187,0.28909409046173096,0.3,step_0.3
12.216666666,33.999393463134766,40.800262451171875,0.11860508640618375,0.2909708321094513,0.3,step_0.3
12.233333333,33.9993896484375,40.80025863647461,0.12330710801570467,0.29036396741867065,0.3,step_0.3
12.25,33.9993896484375,40.80026626586914,0.12801581485892166,0.29128938913345337,0.3,step_0.3
12.266666666,33.99937438964844,40.80031967163086,0.1327290129529017,0.29048433899879456,0.3,step_0.3
12.283333333,33.999351501464844,40.80030059814453,0.1374320396173557,0.28935086727142334,0.3,step_0.3
12.3,33.999351501464844,40.800323486328125,0.1421311298641624,0.2895011603832245,0.3,step_0.3
12.316666666,33.999351501464844,40.8003044128418,0.1468203402199898,0.28966087102890015,0.3,step_0.3
12.333333333,33.99935531616211,40.80030822753906,0.15152274945615923,0.2898988127708435,0.3,step_0.3
12.35,33.99933624267578,40.80033874511719,0.15622560929004328,0.29095470905303955,0.3,step_0.3
12.366666666,33.99931335449219,40.800331115722656,0.16093085273782973,0.2914377748966217,0.3,step_0.3
12.383333333,33.99931335449219,40.80027389526367,0.16563862569052487,0.2921253740787506,0.3,step_0.3
12.4,33.99932098388672,40.80027770996094,0.17036418512593823,0.29298150539398193,0.3,step_0.3
12.416666666,33.99932861328125,40.80022430419922,0.17508132212474045,0.2939358651638031,0.3,step_0.3
12.433333333,33.99931716918945,40.80022430419922,0.17981425847121185,0.2935244143009186,0.3,step_0.3
12.45,33.99932098388672,40.800174713134766,0.1845428062176768,0.29241007566452026,0.3,step_0.3
12.466666666,33.99930953979492,40.800140380859375,0.18926817194693482,0.29183152318000793,0.3,step_0.3
12.483333333000001,33.999290466308594,40.800140380859375,0.19398806037695912,0.28996190428733826,0.3,step_0.3
12.5,33.99929428100586,40.80017852783203,0.1987000421711922,0.290825754404068,0.3,step_0.3
12.516666666,33.999298095703125,40.80016326904297,0.20340447252592977,0.2921808063983917,0.3,step_0.3
12.533333333,33.99932098388672,40.80009460449219,0.20811285101538754,0.2905457615852356,0.3,step_0.3
12.55,33.99934387207031,40.800025939941406,0.21279292613791162,0.2879621982574463,0.3,step_0.3
12.566666666,33.999332427978516,40.8000373840332,0.21748355318830204,0.2885328531265259,0.3,step_0.3
12.583333333,33.99929428100586,40.80007553100586,0.2221726720568661,0.287858784198761,0.3,step_0.3
12.6,33.9992561340332,40.800071716308594,0.2268516687707832,0.2892155349254608,0.3,step_0.3
12.616666666,33.99925994873047,40.80006790161133,0.23156772394424502,0.28777655959129333,0.3,step_0.3
12.633333333,33.99922561645508,40.800106048583984,0.23624213152138626,0.28915321826934814,0.3,step_0.3
12.65,33.99919891357422,40.800106048583984,0.2409218776604222,0.2908746600151062,0.3,step_0.3
12.666666666,33.99913787841797,40.80012893676758,0.24562168964924833,0.2883894145488739,0.3,step_0.3
12.683333333,33.99908447265625,40.800106048583984,0.2503123215102283,0.28933581709861755,0.3,step_0.3
12.7,33.999019622802734,40.80011749267578,0.25500168211014806,0.28816673159599304,0.3,step_0.3
12.716666666,33.998924255371094,40.800201416015625,0.259686774243884,0.2872651517391205,0.3,step_0.3
12.733333333000001,33.99887466430664,40.8001594543457,0.26435336300956574,0.28898483514785767,0.3,step_0.3
12.75,33.99883270263672,40.8001594543457,0.2690367579296519,0.2874279022216797,0.3,step_0.3
12.766666666,33.99879455566406,40.80008316040039,0.27371180938295586,0.2902393043041229,0.3,step_0.3
12.783333333,33.99873352050781,40.800113677978516,0.278403875775014,0.28924474120140076,0.3,step_0.3
12.8,33.99869155883789,40.800113677978516,0.28309621701117205,0.2904609143733978,0.3,step_0.3
12.816666666,33.99870300292969,40.80005645751953,0.28778970123609215,0.2909378409385681,0.3,step_0.3
12.833333333,33.99869155883789,40.800079345703125,0.29249651205163374,0.29121118783950806,0.3,step_0.3
12.85,33.998695373535156,40.80009078979492,0.2972087936395753,0.2909676134586334,0.3,step_0.3
12.866666666,33.99867630004883,40.80010223388672,0.30192306684962633,0.28901147842407227,0.3,step_0.3
12.883333333,33.9986572265625,40.80013656616211,0.30662329990043097,0.28870144486427307,0.3,step_0.3
12.9,33.998626708984375,40.80011749267578,0.3113166992902944,0.289784699678421,0.3,step_0.3
12.916666666,33.99859619140625,40.80015182495117,0.31601930807271567,0.2891484498977661,0.3,step_0.3
12.933333333,33.99856185913086,40.80012893676758,0.32071113511019866,0.2879680097103119,0.3,step_0.3
12.95,33.99850082397461,40.800079345703125,0.325396554068965,0.28732091188430786,0.3,step_0.3
12.966666666,33.998435974121094,40.80009841918945,0.3300774790512284,0.2894976735115051,0.3,step_0.3
12.983333333000001,33.998355865478516,40.80011749267578,0.3347704129924118,0.28990909457206726,0.3,step_0.3
13.0,33.998287200927734,40.800140380859375,0.3394646483813239,0.2889050841331482,0.3,step_0.3
13.016666666,33.99821853637695,40.800209045410156,0.3441645415779772,0.2897297441959381,0.3,step_0.3
13.033333333,33.99814987182617,40.8001708984375,0.348846070431565,0.2875407934188843,0.3,step_0.3
13.05,33.99809265136719,40.80022048950195,0.35347431724099115,0.29026395082473755,0.3,step_0.3
13.066666666,33.99801254272461,40.80025100708008,0.3581886956734995,0.29099413752555847,0.3,step_0.3
13.083333333,33.99790573120117,40.80032730102539,0.36287855887396653,0.2895195186138153,0.3,step_0.3
13.1,33.997825622558594,40.80036163330078,0.36757918867395134,0.28998085856437683,0.3,step_0.3
13.116666666,33.99775695800781,40.80033493041992,0.37226926116044967,0.2905732989311218,0.3,step_0.3
13.133333333,33.9976921081543,40.800357818603516,0.37695044770936836,0.28918421268463135,0.3,step_0.3
13.15,33.99762725830078,40.80034255981445,0.38164018690735835,0.28951016068458557,0.3,step_0.3
13.166666666,33.9975700378418,40.80036544799805,0.38632869499940736,0.28889918327331543,0.3,step_0.3
13.183333333,33.99753189086914,40.80034255981445,0.39101139112036293,0.2889088988304138,0.3,step_0.3
13.2,33.997493743896484,40.80034255981445,0.39567929837256793,0.29080334305763245,0.3,step_0.3
13.216666666,33.99745178222656,40.80033874511719,0.4004007708534512,0.2959689795970917,0.3,step_0.3
13.233333333,33.99750900268555,40.80027389526367,0.40513780759889706,0.2912965416908264,0.3,step_0.3
13.25,33.99750900268555,40.80036163330078,0.4098718991610261,0.2913160026073456,0.3,step_0.3
13.266666666,33.99748611450195,40.8004150390625,0.4145767364277777,0.2884197235107422,0.3,step_0.3
13.283333333,33.99748611450195,40.800376892089844,0.4192568583558083,0.2893328070640564,0.3,step_0.3
13.3,33.9974250793457,40.80043029785156,0.423947330003832,0.28905242681503296,0.3,step_0.3
13.316666666,33.99738693237305,40.80039596557617,0.42862554593121605,0.2902851402759552,0.3,step_0.3
13.333333333,33.99736022949219,40.800411224365234,0.4333090256749652,0.2889334261417389,0.3,step_0.3
13.35,33.99732208251953,40.8004150390625,0.4380020783994383,0.2897077202796936,0.3,step_0.3
13.366666666,33.997276306152344,40.800418853759766,0.4427123077599538,0.2893421947956085,0.3,step_0.3
13.383333333,33.997196197509766,40.800498962402344,0.4474067978247451,0.28824448585510254,0.3,step_0.3
13.4,33.997127532958984,40.8005256652832,0.452091194072999,0.2900311350822449,0.3,step_0.3
13.416666666,33.99712371826172,40.80050277709961,0.4567879923874153,0.293171226978302,0.3,step_0.3
13.433333333,33.99711990356445,40.800537109375,0.46151333839763964,0.2926532030105591,0.3,step_0.3
13.45,33.997135162353516,40.80051803588867,0.46624129853181573,0.2907642126083374,0.3,step_0.3
13.466666666,33.99709701538086,40.800537109375,0.47096413959330113,0.2899113893508911,0.3,step_0.3
13.483333333000001,33.997066497802734,40.80049133300781,0.4756627032536101,0.29167166352272034,0.3,step_0.3
13.5,33.997100830078125,40.80048751831055,0.48035074477024214,0.28919780254364014,0.3,step_0.3
13.516666666,33.99713897705078,40.800479888916016,0.4850420694294207,0.2906533479690552,0.3,step_0.3
13.533333333,33.997154235839844,40.80049514770508,0.4897493375011397,0.29042181372642517,0.3,step_0.3
13.55,33.99717712402344,40.800479888916016,0.4944460011898905,0.28972068428993225,0.3,step_0.3
13.566666666,33.99716567993164,40.800506591796875,0.4991505402756732,0.28930336236953735,0.3,step_0.3
13.583333333,33.99713897705078,40.80048751831055,0.5038500679988344,0.288282185792923,0.3,step_0.3
13.6,33.997066497802734,40.80049133300781,0.5085515543993032,0.28839319944381714,0.3,step_0.3
13.616666666,33.996986389160156,40.800514221191406,0.513239540793814,0.28695201873779297,0.3,step_0.3
13.633333333,33.996910095214844,40.80055236816406,0.5179119043458728,0.2886538803577423,0.3,step_0.3
13.65,33.99689865112305,40.80051040649414,0.5225911003624897,0.28991833329200745,0.3,step_0.3
13.666666666,33.996856689453125,40.80052185058594,0.5272808681906036,0.2891717553138733,0.3,step_0.3
13.683333333,33.99684143066406,40.80049514770508,0.5319658954913083,0.28978604078292847,0.3,step_0.3
13.7,33.996803283691406,40.800498962402344,0.5366534189999489,0.28884801268577576,0.3,step_0.3
13.716666666,33.99674987792969,40.8005485534668,0.5413539635671739,0.2912313640117645,0.3,step_0.3
13.733333333000001,33.996734619140625,40.800514221191406,0.5460494396442941,0.2893427908420563,0.3,step_0.3
13.75,33.996700286865234,40.80051040649414,0.5507430309098649,0.29007118940353394,0.3,step_0.3
13.766666666,33.99669647216797,40.80048751831055,0.5554596103085246,0.29352301359176636,0.3,step_0.3
13.783333333,33.9967155456543,40.80044937133789,0.560202600307673,0.29296329617500305,0.3,step_0.3
13.8,33.99667739868164,40.800506591796875,0.5649395152421239,0.29233554005622864,0.3,step_0.3
13.816666666,33.99665451049805,40.800540924072266,0.5696657438428243,0.2919923961162567,0.3,step_0.3
13.833333333,33.99666213989258,40.80055236816406,0.5743850143809868,0.29145514965057373,0.3,step_0.3
13.85,33.99663162231445,40.80058670043945,0.5790869810686168,0.2893650531768799,0.3,step_0.3
13.866666666,33.996612548828125,40.80062484741211,0.5837828300961533,0.28864994645118713,0.3,step_0.3
13.883333333,33.9965934753418,40.800575256347656,0.588463307506721,0.28711092472076416,0.3,step_0.3
13.9,33.996524810791016,40.800567626953125,0.5931601979891538,0.29037535190582275,0.3,step_0.3
13.916666666,33.996498107910156,40.800537109375,0.5978564412252405,0.29026785492897034,0.3,step_0.3
13.933333333,33.996490478515625,40.8005256652832,0.6025312430652392,0.2886774241924286,0.3,step_0.3
13.95,33.99646759033203,40.800533294677734,0.607220324647816,0.2877339720726013,0.3,step_0.3
13.966666666,33.996482849121094,40.80049514770508,0.6119186335010672,0.290798157453537,0.3,step_0.3
13.983333333000001,33.9964485168457,40.80054473876953,0.6166426046696335,0.29001790285110474,0.3,step_0.3
14.0,33.99644470214844,40.80049514770508,0.6213497116594954,0.29043811559677124,0.3,step_0.3
14.016666666,33.9964485168457,40.800453186035156,0.6260425204063711,0.2888861894607544,0.3,step_0.3
14.033333333,33.99645233154297,40.80046081542969,0.6307425492208514,0.29067492485046387,0.3,step_0.3
14.05,33.9964599609375,40.80048370361328,0.6354433292848102,0.28982818126678467,0.3,step_0.3
14.066666666,33.996463775634766,40.80048751831055,0.6401393550746926,0.29039180278778076,0.3,step_0.3
14.083333333,33.99648666381836,40.80046463012695,0.6448318468578662,0.2920270264148712,0.3,step_0.3
14.1,33.996437072753906,40.800537109375,0.6495583248966842,0.29118862748146057,0.3,step_0.3
14.116666666,33.996421813964844,40.80055618286133,0.654274014035129,0.28955963253974915,0.3,step_0.3
14.133333333,33.99641036987305,40.80056381225586,0.6589729023445842,0.28810492157936096,0.3,step_0.3
14.15,33.99642562866211,40.80050277709961,0.6636710527582825,0.28768301010131836,0.3,step_0.3
14.166666666,33.99642562866211,40.800498962402344,0.6683673015549187,0.2893751561641693,0.3,step_0.3
14.183333333,33.99638748168945,40.80055236816406,0.673050995168785,0.28754907846450806,0.3,step_0.3
14.2,33.996376037597656,40.800559997558594,0.6777264890576092,0.288543701171875,0.3,step_0.3
14.216666666,33.99640655517578,40.800533294677734,0.6824229449184054,0.2903420031070709,0.3,step_0.3
14.233333333,33.99641036987305,40.800540924072266,0.687118225739006,0.2898840010166168,0.3,step_0.3
14.25,33.996429443359375,40.800537109375,0.6918113064851394,0.2907106280326843,0.3,step_0.3
14.266666666,33.99635696411133,40.800628662109375,0.6965272640622326,0.2911616265773773,0.3,step_0.3
14.283333333,33.99637222290039,40.80061340332031,0.7012324956375794,0.29183879494667053,0.3,step_0.3
14.3,33.996395111083984,40.80058288574219,0.7059453183401586,0.2931739389896393,0.3,step_0.3
14.316666666,33.99641799926758,40.80055236816406,0.7106664540464996,0.29183512926101685,0.3,step_0.3
14.333333333,33.996376037597656,40.80060577392578,0.7153861015868721,0.28981509804725647,0.3,step_0.3
14.35,33.996368408203125,40.80060577392578,0.7200816530346807,0.29120415449142456,0.3,step_0.3
14.366666666,33.996395111083984,40.80058670043945,0.724783033847109,0.292230486869812,0.3,step_0.3
14.383333333,33.9964485168457,40.80051040649414,0.7294894032539494,0.2915416359901428,0.3,step_0.3
14.4,33.99643325805664,40.80052947998047,0.7342005519740602,0.2903885245323181,0.3,step_0.3
14.416666666,33.99642562866211,40.8005485534668,0.7389027588579132,0.2887716293334961,0.3,step_0.3
14.433333333,33.9964485168457,40.80051803588867,0.7435907079259619,0.29023003578186035,0.3,step_0.3
14.45,33.996429443359375,40.800540924072266,0.7482896194873588,0.290041983127594,0.3,step_0.3
14.466666666,33.99644470214844,40.80052185058594,0.7529768469831452,0.29097604751586914,0.3,step_0.3
14.483333333000001,33.996463775634766,40.80052185058594,0.7576737034116839,0.2901831567287445,0.3,step_0.3
14.5,33.99646759033203,40.800540924072266,0.7623789338272277,0.29097580909729004,0.3,step_0.3
14.516666666,33.9964485168457,40.80059814453125,0.7670879786236047,0.2901446223258972,0.3,step_0.3
14.533333333,33.99646759033203,40.80059051513672,0.7717848908590426,0.28990092873573303,0.3,step_0.3
14.55,33.99644088745117,40.80064010620117,0.7764848976246645,0.2915533781051636,0.3,step_0.3
14.566666666,33.99647521972656,40.80062484741211,0.7811888201276398,0.2901226282119751,0.3,step_0.3
14.583333333,33.996524810791016,40.80058670043945,0.7859096652617719,0.29160183668136597,0.3,step_0.3
14.6,33.996543884277344,40.80058670043945,0.790622551172587,0.2905344069004059,0.3,step_0.3
14.616666666,33.99658203125,40.80057144165039,0.7953206893800326,0.29180407524108887,0.3,step_0.3
14.633333333,33.996639251708984,40.800506591796875,0.8000256633167688,0.29139646887779236,0.3,step_0.3
14.65,33.99664306640625,40.800514221191406,0.8047354202358209,0.28919872641563416,0.3,step_0.3
14.666666666,33.99661636352539,40.80054473876953,0.8094275406177532,0.2893159091472626,0.3,step_0.3
14.683333333,33.996620178222656,40.800533294677734,0.8141119212813923,0.2908504009246826,0.3,step_0.3
14.7,33.99656677246094,40.80059814453125,0.8188125092713218,0.2892836034297943,0.3,step_0.3
14.716666666,33.99658203125,40.80058288574219,0.8235031793522716,0.2913456857204437,0.3,step_0.3
14.733333333000001,33.99652862548828,40.8006591796875,0.8282171858354396,0.28925788402557373,0.3,step_0.3
14.75,33.99653625488281,40.80070495605469,0.8329293781596087,0.2900846004486084,0.3,step_0.3
14.766666666,33.996578216552734,40.8006591796875,0.8375993549075714,0.2873450517654419,0.3,step_0.3
14.783333333,33.99660873413086,40.80058670043945,0.8422861551595667,0.29034149646759033,0.3,step_0.3
14.8,33.99654769897461,40.80062484741211,0.8469962477052396,0.2912499010562897,0.3,step_0.3
14.816666666,33.99655532836914,40.80059051513672,0.85170340663638,0.2926930785179138,0.3,step_0.3
14.833333333,33.99657440185547,40.80056381225586,0.8564213497553175,0.2933846712112427,0.3,step_0.3
14.85,33.99656677246094,40.800559997558594,0.8611486745871701,0.29251745343208313,0.3,step_0.3
14.866666666,33.996585845947266,40.800533294677734,0.8658694917284481,0.2929670810699463,0.3,step_0.3
14.883333333,33.99660873413086,40.80050277709961,0.8705880616038596,0.29198870062828064,0.3,step_0.3
14.9,33.99653244018555,40.80058670043945,0.8752669315770477,0.2866748571395874,0.3,step_0.3
14.916666666,33.99654006958008,40.80057907104492,0.8799336818349605,0.2898676097393036,0.3,step_0.3
14.933333333,33.99656295776367,40.800575256347656,0.8846312243463014,0.28798601031303406,0.3,step_0.3
14.95,33.996585845947266,40.800594329833984,0.8893029367831872,0.28794294595718384,0.3,step_0.3
14.966666666,33.996604919433594,40.80064392089844,0.893979745440676,0.28721556067466736,0.3,step_0.3
14.983333333000001,33.99663543701172,40.800716400146484,0.8986697297753603,0.2889612913131714,0.3,step_0.3
15.0,33.99666213989258,40.80078125,0.9033512923190067,0.2883257567882538,0.3,step_0.3
15.016666666,33.99673080444336,40.8007698059082,0.9080121119091239,0.28761452436447144,0.3,step_0.3
15.033333333,33.996761322021484,40.800750732421875,0.9126957236421489,0.2906826138496399,0.3,step_0.3
15.05,33.996734619140625,40.80078887939453,0.917396503794489,0.2883797287940979,0.3,step_0.3
15.066666666,33.99671173095703,40.80081558227539,0.9220800978424475,0.28988468647003174,0.3,step_0.3
15.083333333,33.99677276611328,40.8007698059082,0.9267544206996361,0.2893376052379608,0.3,step_0.3
15.1,33.996768951416016,40.80077362060547,0.9314514740764989,0.28982841968536377,0.3,step_0.3
15.116666666,33.99673843383789,40.80081558227539,0.9361534147725221,0.29135680198669434,0.3,step_0.3
15.133333333,33.99674987792969,40.80079650878906,0.9408632571726897,0.2926018238067627,0.3,step_0.3
15.15,33.99667739868164,40.80086135864258,0.9455924287922584,0.2915855646133423,0.3,step_0.3
15.166666666,33.99663162231445,40.80093002319336,0.9503117996578976,0.2913079559803009,0.3,step_0.3
15.183333333,33.996681213378906,40.80093002319336,0.9550137934643446,0.291875958442688,0.3,step_0.3
15.2,33.99666213989258,40.80099105834961,0.9597329201961173,0.2911226749420166,0.3,step_0.3
15.216666666,33.996612548828125,40.80107879638672,0.9644431616196508,0.28939029574394226,0.3,step_0.3
15.233333333,33.99661636352539,40.80112838745117,0.969136841303944,0.2909894585609436,0.3,step_0.3
15.25,33.996681213378906,40.80108642578125,0.9738200886050679,0.2884218692779541,0.3,step_0.3
15.266666666,33.99666976928711,40.801055908203125,0.9785318097151916,0.2916886508464813,0.3,step_0.3
15.283333333,33.99658966064453,40.80107879638672,0.9832455474220478,0.29072192311286926,0.3,step_0.3
15.3,33.99657440185547,40.801063537597656,0.9879482250452748,0.2902073562145233,0.3,step_0.3
15.316666666,33.99654769897461,40.80112075805664,0.9926717018747475,0.29086834192276,0.3,step_0.3
15.333333333,33.99647903442383,40.80119323730469,0.9973805732880775,0.28915318846702576,0.3,step_0.3
15.35,33.996463775634766,40.801231384277344,1.0020729938187907,0.29120081663131714,0.3,step_0.3
15.366666666,33.99650955200195,40.80120086669922,1.0067583279225494,0.29026690125465393,0.3,step_0.3
15.383333333,33.996482849121094,40.80122375488281,1.0114628250384523,0.28933966159820557,0.3,step_0.3
15.4,33.99654006958008,40.80119323730469,1.0161456868756291,0.28977012634277344,0.3,step_0.3
15.416666666,33.99652862548828,40.801212310791016,1.0208337531471356,0.289063036441803,0.3,step_0.3
15.433333333,33.99657440185547,40.80120086669922,1.0255195390243967,0.2915450930595398,0.3,step_0.3
15.45,33.99655532836914,40.801239013671875,1.0302139048906638,0.2898826599121094,0.3,step_0.3
15.466666666,33.996543884277344,40.80126190185547,1.0349142163864253,0.2890377640724182,0.3,step_0.3
15.483333333000001,33.99658966064453,40.8012580871582,1.039611964049675,0.28844907879829407,0.3,step_0.3
15.5,33.99656677246094,40.801326751708984,1.0442976842222178,0.2906583249568939,0.3,step_0.3
15.516666666,33.99655532836914,40.801387786865234,1.0490017994993301,0.2898881733417511,0.3,step_0.3
15.533333333,33.9965705871582,40.801395416259766,1.053697432270969,0.290607213973999,0.3,step_0.3
15.55,33.99656677246094,40.801387786865234,1.0584075902357424,0.2903761565685272,0.3,step_0.3
15.566666666,33.9965705871582,40.80144500732422,1.0631055308345136,0.29147040843963623,0.3,step_0.3
15.583333333,33.99656295776367,40.80153274536133,1.067818562604302,0.2897811233997345,0.3,step_0.3
15.6,33.99666213989258,40.80154800415039,1.0725147879547778,0.2862655520439148,0.3,step_0.3
15.616666666,33.99658203125,40.80160903930664,1.077221834330366,0.28865543007850647,0.3,step_0.3
15.633333333,33.99659729003906,40.80162811279297,1.0819062809963553,0.2869527339935303,0.3,step_0.3
15.65,33.9965705871582,40.8016357421875,1.0865987362384015,0.287814199924469,0.3,step_0.3
15.666666666,33.99660873413086,40.80167007446289,1.0912725874049032,0.2875351905822754,0.3,step_0.3
15.683333333,33.99657440185547,40.801761627197266,1.0959556586902395,0.2875809073448181,0.3,step_0.3
15.7,33.99660873413086,40.801788330078125,1.1006239766688153,0.2906681299209595,0.3,step_0.3
15.716666666,33.99666213989258,40.80180358886719,1.1053294451792417,0.2906988561153412,0.3,step_0.3
15.733333333000001,33.996681213378906,40.80186462402344,1.1100263994203963,0.2877959609031677,0.3,step_0.3
15.75,33.99661636352539,40.80197525024414,1.1147174287287804,0.28916680812835693,0.3,step_0.3
15.766666666,33.99658966064453,40.802059173583984,1.1194089894105366,0.28902825713157654,0.3,step_0.3
15.783333333,33.996646881103516,40.80205535888672,1.1240911669398244,0.2870827615261078,0.3,step_0.3
15.8,33.99660110473633,40.802085876464844,1.1287874046291313,0.2891910672187805,0.3,step_0.3
15.816666666,33.99661636352539,40.802093505859375,1.1334810603481422,0.2879599928855896,0.3,step_0.3
15.833333333,33.99657440185547,40.8021125793457,1.1381903334495338,0.2895548343658447,0.3,step_0.3
15.85,33.99652099609375,40.802154541015625,1.1428851676279128,0.2895348072052002,0.3,step_0.3
15.866666666,33.99645233154297,40.802207946777344,1.1475908105403079,0.29182448983192444,0.3,step_0.3
15.883333333,33.996421813964844,40.802223205566406,1.15229455410349,0.2910853326320648,0.3,step_0.3
15.9,33.996429443359375,40.80225372314453,1.15700032454532,0.2890714108943939,0.3,step_0.3
15.916666666,33.99644470214844,40.802330017089844,1.161688390463993,0.2896070182323456,0.3,step_0.3
15.933333333,33.996463775634766,40.80242156982422,1.166386954219579,0.2911543548107147,0.3,step_0.3
15.95,33.996437072753906,40.802528381347656,1.1711004258818596,0.29007652401924133,0.3,step_0.3
15.966666666,33.99648666381836,40.802555084228516,1.1757898986463793,0.28882911801338196,0.3,step_0.3
15.983333333000001,33.99647903442383,40.80259704589844,1.1804886569410789,0.2898026704788208,0.3,step_0.3
16.0,33.99650573730469,40.802635192871094,1.1851759187544686,0.2909431755542755,0.3,step_0.3
16.016666666,33.996524810791016,40.80263137817383,1.1899114565475142,0.28961262106895447,0.3,step_0.3
16.033333333,33.99650955200195,40.802677154541016,1.1946169214032982,0.28859958052635193,0.3,step_0.3
16.05,33.99650192260742,40.80272674560547,1.199313480359186,0.28957611322402954,0.3,step_0.3
16.066666666,33.99653625488281,40.80275344848633,1.2039992715280305,0.2908850312232971,0.3,step_0.3
16.083333333,33.99652862548828,40.80279541015625,1.2087137123387348,0.2914012670516968,0.3,step_0.3
16.1,33.996578216552734,40.802791595458984,1.2134136728900424,0.2882235050201416,0.3,step_0.3
16.116666666,33.99654006958008,40.80283737182617,1.2181223453428944,0.2905142605304718,0.3,step_0.3
16.133333333,33.99657440185547,40.802833557128906,1.2228147166777623,0.2906494140625,0.3,step_0.3
16.15,33.996543884277344,40.80289077758789,1.227517436520021,0.2886449694633484,0.3,step_0.3
16.166666666,33.996559143066406,40.80292510986328,1.232202552064603,0.28900331258773804,0.3,step_0.3
16.183333333,33.996498107910156,40.802974700927734,1.2368980590684084,0.2882090210914612,0.3,step_0.3
16.2,33.99651336669922,40.80302047729492,1.2415793326046747,0.2900562584400177,0.3,step_0.3
16.216666666,33.996463775634766,40.8031005859375,1.246272268724644,0.28880393505096436,0.3,step_0.3
16.233333333,33.99642562866211,40.80319595336914,1.2509649074382176,0.2893297076225281,0.3,step_0.3
16.25,33.996437072753906,40.80324172973633,1.2556576759271365,0.287467360496521,0.3,step_0.3
16.266666666,33.996429443359375,40.80326461791992,1.260357115370538,0.28787440061569214,0.3,step_0.3
16.283333333,33.9964714050293,40.80330276489258,1.2650523575919224,0.2879710793495178,0.3,step_0.3
16.3,33.99654006958008,40.80335998535156,1.269731290517091,0.28834885358810425,0.3,step_0.3
16.316666666,33.99653244018555,40.803466796875,1.2744196123057623,0.2868983745574951,0.3,step_0.3
16.333333333,33.99656295776367,40.80350875854492,1.2790764399147134,0.2858963906764984,0.3,step_0.3
16.35,33.99654006958008,40.80353546142578,1.2837582883652616,0.2890148162841797,0.3,step_0.3
16.366666666,33.996578216552734,40.80354309082031,1.288433558090489,0.28867051005363464,0.3,step_0.3
16.383333333,33.9965705871582,40.80356979370117,1.2931274139273117,0.289338618516922,0.3,step_0.3
16.4,33.996585845947266,40.803619384765625,1.297820465208813,0.29236534237861633,0.3,step_0.3
16.416666666,33.99652099609375,40.803688049316406,1.3025599350038408,0.29146814346313477,0.3,step_0.3
16.433333333,33.99655532836914,40.803714752197266,1.3072662470588823,0.28942278027534485,0.3,step_0.3
16.45,33.996524810791016,40.80373764038086,1.3119780448669425,0.29082027077674866,0.3,step_0.3
16.466666666,33.99656677246094,40.80374526977539,1.316669127017133,0.29107919335365295,0.3,step_0.3
16.483333333,33.99654006958008,40.80379104614258,1.3213707689797791,0.28862035274505615,0.3,step_0.3
16.5,33.99658966064453,40.803829193115234,1.326053735998476,0.2904682159423828,0.3,step_0.3
16.516666666,33.99656677246094,40.80387878417969,1.3307550007578528,0.2898294925689697,0.3,step_0.3
16.533333333,33.99656295776367,40.8039436340332,1.3354508321321796,0.2867959141731262,0.3,step_0.3
16.55,33.99662780761719,40.80397033691406,1.3401284644897007,0.2886422276496887,0.3,step_0.3
16.566666666,33.996673583984375,40.80402374267578,1.3448243515696396,0.28808078169822693,0.3,step_0.3
16.583333333,33.9967041015625,40.804100036621094,1.349502947631411,0.28790879249572754,0.3,step_0.3
16.6,33.99671173095703,40.80419921875,1.3541692177017388,0.28932058811187744,0.3,step_0.3
16.616666666,33.996726989746094,40.80428695678711,1.3588683177463228,0.2907598614692688,0.3,step_0.3
16.633333333,33.996726989746094,40.804378509521484,1.3635777287541198,0.2908128798007965,0.3,step_0.3
16.65,33.99673080444336,40.804420471191406,1.3682549070044925,0.2872219681739807,0.3,step_0.3
16.666666666,33.996700286865234,40.804447174072266,1.372946133490467,0.2874194085597992,0.3,step_0.3
16.683333333,33.99671173095703,40.80448532104492,1.3776252362607466,0.2870416045188904,0.3,step_0.3
16.7,33.99673843383789,40.8045539855957,1.382292003728262,0.2882173955440521,0.3,step_0.3
16.716666666000002,33.99669647216797,40.804664611816406,1.3869770946725077,0.2879362106323242,0.3,step_0.3
16.733333333,33.99674606323242,40.804744720458984,1.3916536642801127,0.2895965576171875,0.3,step_0.3
16.75,33.99672317504883,40.8048210144043,1.396352088355651,0.2899231016635895,0.3,step_0.3
16.766666666,33.99674987792969,40.80487060546875,1.401029744814593,0.28915950655937195,0.3,step_0.3
16.783333333,33.996742248535156,40.804866790771484,1.4057581765597371,0.2957693338394165,0.3,step_0.3
16.8,33.99674606323242,40.80484390258789,1.4105261749856248,0.2920525074005127,0.3,step_0.3
16.816666666,33.996768951416016,40.80484390258789,1.4152573923676897,0.29168158769607544,0.3,step_0.3
16.833333333,33.99672317504883,40.80489730834961,1.4199715231350423,0.2899245321750641,0.3,step_0.3
16.85,33.996726989746094,40.804954528808594,1.4246692423982792,0.28980275988578796,0.3,step_0.3
16.866666666,33.99675369262695,40.805030822753906,1.4293646312425037,0.2896292507648468,0.3,step_0.3
16.883333333,33.996761322021484,40.80512619018555,1.4340606167172993,0.28912514448165894,0.3,step_0.3
16.9,33.99677658081055,40.80516815185547,1.4386881350037006,0.28864583373069763,0.3,step_0.3
16.916666666,33.99673843383789,40.80525207519531,1.443373127838119,0.2902792692184448,0.3,step_0.3
16.933333333,33.996734619140625,40.80534362792969,1.4480779986243333,0.2904893457889557,0.3,step_0.3
16.95,33.99673080444336,40.805381774902344,1.4527276011389545,0.292135626077652,0.3,step_0.3
16.966666666000002,33.996761322021484,40.80543518066406,1.4574371538105013,0.28879496455192566,0.3,step_0.3
16.983333333,33.996795654296875,40.80549621582031,1.4621468858486495,0.2899756133556366,0.3,step_0.3
17.0,33.99679183959961,40.80555725097656,1.4668609577275182,0.2895168364048004,0.3,step_0.3
17.016666666,33.99677276611328,40.80562973022461,1.471557700160343,0.29025939106941223,0.3,step_0.3
17.033333333,33.996788024902344,40.80571746826172,1.4762586822619292,0.2906647026538849,0.3,step_0.3
17.05,33.99681854248047,40.805782318115234,1.4809626090120667,0.29207974672317505,0.3,step_0.3
17.066666666,33.99687957763672,40.805816650390625,1.4856794438437448,0.2937968969345093,0.3,step_0.3
17.083333333,33.99693298339844,40.80582809448242,1.4904078087187065,0.2933832108974457,0.3,step_0.3
17.1,33.99696350097656,40.805824279785156,1.4951380612901866,0.2923436760902405,0.3,step_0.3
17.116666666,33.99700927734375,40.80583572387695,1.4998640275095438,0.29166558384895325,0.3,step_0.3
17.133333333,33.99701690673828,40.80587387084961,1.5045823080905028,0.2918297052383423,0.3,step_0.3
17.15,33.9969482421875,40.805938720703125,1.5092977728680503,0.2912488877773285,0.3,step_0.3
17.166666666,33.99694061279297,40.80601119995117,1.5140110757976133,0.2897949814796448,0.3,step_0.3
17.183333333,33.99690628051758,40.8060188293457,1.5186680177605856,0.28805792331695557,0.3,step_0.3
17.2,33.99694061279297,40.80605697631836,1.523358155009016,0.2916048765182495,0.3,step_0.3
17.216666666,33.9969367980957,40.80598068237305,1.5280811113710484,0.28932926058769226,0.3,step_0.3
17.233333333,33.996891021728516,40.805885314941406,1.5328063266553333,0.2921043038368225,0.3,step_0.3
17.25,33.99679183959961,40.80583572387695,1.5374933943553135,0.28773781657218933,0.3,step_0.3
17.266666666,33.99679183959961,40.805782318115234,1.5421719912947625,0.29063501954078674,0.3,step_0.3
17.283333333,33.99677276611328,40.805782318115234,1.5468939089941653,0.29015159606933594,0.3,step_0.3
17.3,33.99675750732422,40.8057861328125,1.5515968410172147,0.2907310128211975,0.3,step_0.3
17.316666666,33.99677276611328,40.80580139160156,1.5562989266931369,0.2920632064342499,0.3,step_0.3
17.333333333,33.996849060058594,40.80580520629883,1.5610057278509977,0.291534423828125,0.3,step_0.3
17.35,33.99681854248047,40.80583953857422,1.5657267227589968,0.2897644639015198,0.3,step_0.3
17.366666666,33.99681854248047,40.805870056152344,1.5704264660639609,0.28924864530563354,0.3,step_0.3
17.383333333,33.99681091308594,40.8059196472168,1.575122237357492,0.28973931074142456,0.3,step_0.3
17.4,33.996761322021484,40.805965423583984,1.5798167449964533,0.28871652483940125,0.3,step_0.3
17.416666666,33.99677658081055,40.806007385253906,1.5845052497880519,0.2901303172111511,0.3,step_0.3
17.433333333,33.99684524536133,40.806026458740234,1.5892006706871935,0.29224154353141785,0.3,step_0.3
17.45,33.996883392333984,40.80605697631836,1.5939189538264993,0.29321572184562683,0.3,step_0.3
17.466666666,33.996822357177734,40.806087493896484,1.598654975979452,0.2908207178115845,0.3,step_0.3
17.483333333,33.99684143066406,40.806087493896484,1.6033470224819493,0.28689655661582947,0.3,step_0.3
17.5,33.996788024902344,40.80601119995117,1.6080461763528104,0.2895604074001312,0.3,step_0.3
17.516666666,33.99677276611328,40.80593490600586,1.6127440755219076,0.2890948951244354,0.3,step_0.3
17.533333333,33.99673080444336,40.805850982666016,1.6174263921398102,0.28984352946281433,0.3,step_0.3
17.55,33.996734619140625,40.805789947509766,1.6221226565786446,0.29110369086265564,0.0,step_0.3_rest
17.566666666,33.99671936035156,40.80577087402344,1.6268446012220839,0.2913734018802643,0.0,step_0.3_rest
17.583333333,33.99680709838867,40.80576705932617,1.631543949724535,0.29144009947776794,0.0,step_0.3_rest
17.6,33.996803283691406,40.80575180053711,1.63622451501435,0.28697535395622253,0.0,step_0.3_rest
17.616666666,33.99675369262695,40.805721282958984,1.6408841282655775,0.28931957483291626,0.0,step_0.3_rest
17.633333333,33.99675750732422,40.805702209472656,1.645572234215705,0.28891706466674805,0.0,step_0.3_rest
17.65,33.99677276611328,40.80570602416992,1.6502706325005498,0.29041588306427,0.0,step_0.3_rest
17.666666666,33.99677276611328,40.805721282958984,1.6549722301199654,0.2894856929779053,0.0,step_0.3_rest
17.683333333,33.9968147277832,40.80573654174805,1.6582758239186228,0.16499197483062744,0.0,step_0.3_rest
17.7,33.996849060058594,40.805702209472656,1.659955738483851,0.0671844333410263,0.0,step_0.3_rest
17.716666666000002,33.99683380126953,40.805633544921875,1.6604841199405445,0.016490792855620384,0.0,step_0.3_rest
17.733333333,33.99683380126953,40.80562973022461,1.6604993056565438,-0.0001889058476081118,0.0,step_0.3_rest
17.75,33.99684143066406,40.80562973022461,1.6604857034497544,0.00024083990138024092,0.0,step_0.3_rest
17.766666666,33.99684524536133,40.805633544921875,1.6604798815703787,-0.0022700296249240637,0.0,step_0.3_rest
17.783333333,33.996829986572266,40.80562973022461,1.660501952326981,0.0005153832607902586,0.0,step_0.3_rest
17.8,33.9968147277832,40.805625915527344,1.660526528301959,0.0015599534381181002,0.0,step_0.3_rest
17.816666666,33.996795654296875,40.805625915527344,1.660555157436766,0.0026750429533421993,0.0,step_0.3_rest
17.833333333,33.9968147277832,40.805625915527344,1.660527929211729,-0.0010428965324535966,0.0,step_0.3_rest
17.85,33.99681091308594,40.805625915527344,1.660533582163581,-0.00019972462905570865,0.0,step_0.3_rest
17.866666666,33.99680709838867,40.80562973022461,1.660543122798545,0.0032248198986053467,0.0,step_0.3_rest
17.883333333,33.996822357177734,40.80562973022461,1.660527408133033,-0.00010288444173056632,0.0,step_0.3_rest
17.9,33.99680709838867,40.80562973022461,1.6605479126471063,5.129368946654722e-05,0.0,step_0.3_rest
17.916666666,33.99680709838867,40.80562973022461,1.660553214771456,0.0016257168026641011,0.0,step_0.3_rest
17.933333333,33.996826171875,40.80562973022461,1.660530752008327,-0.0009535719873383641,0.0,step_0.3_rest
17.95,33.99681854248047,40.80562973022461,1.66054241909326,-0.001012349152006209,0.0,step_0.3_rest
17.966666666000002,33.99678039550781,40.80561828613281,1.6605973760634345,0.0009396295063197613,0.0,step_0.3_rest
17.983333333,33.9968147277832,40.80562210083008,1.6605464737890172,-0.0016109474236145616,0.0,step_0.3_rest
18.0,33.996795654296875,40.80561447143555,1.6605712083565816,0.0018250775756314397,0.0,step_0.3_rest
18.016666666,33.996822357177734,40.80562210083008,1.6605291769491128,-0.0033632158301770687,0.0,step_0.3_rest
18.033333333,33.9968147277832,40.80562210083008,1.660539587878089,0.0014976742677390575,0.0,step_0.3_rest
18.05,33.996803283691406,40.80561447143555,1.660554606648746,0.0026560500264167786,0.0,step_0.3_rest
18.066666666,33.99683380126953,40.80561828613281,1.660516109126802,-0.004147464409470558,0.0,step_0.3_rest
18.083333333,33.99681091308594,40.80561447143555,1.6605434902497709,0.0008539307746104896,0.0,step_0.3_rest
18.1,33.996829986572266,40.80561828613281,1.660519987433666,-9.417977707926184e-05,0.0,step_0.3_rest
18.116666666,33.9968147277832,40.80561828613281,1.6605431228398098,0.00011271183757344261,0.0,step_0.3_rest
18.133333333,33.996795654296875,40.80561828613281,1.660564675416724,0.002165194833651185,0.0,step_0.3_rest
18.15,33.99681854248047,40.80561828613281,1.6605360457984226,-0.004380752798169851,0.0,step_0.3_rest
18.166666666,33.996788024902344,40.80561828613281,1.6605783025536922,0.0012129453243687749,0.0,step_0.3_rest
18.183333333,33.99681854248047,40.805625915527344,1.6605378373913569,-7.341893797274679e-05,0.0,step_0.3_rest
18.2,33.99681854248047,40.805625915527344,1.660542954731865,0.001240389421582222,0.0,step_0.3_rest
18.216666666,33.996788024902344,40.80561828613281,1.660594200063157,0.0029074375052005053,0.0,step_0.3_rest
18.233333333,33.99678421020508,40.80561828613281,1.6605936739400167,0.0005294470465742052,0.0,step_0.3_rest
18.25,33.996761322021484,40.80561447143555,1.6606217601772981,0.0028845001943409443,0.0,step_0.3_rest
18.266666666,33.996822357177734,40.80561828613281,1.6605524981073267,-0.0014309859834611416,0.0,step_0.3_rest
18.283333333,33.99681091308594,40.80561447143555,1.6605699937329448,-0.0008857226348482072,0.0,step_0.3_rest
18.3,33.9968147277832,40.80561447143555,1.6605657470057933,-2.2465757865575142e-05,0.0,step_0.3_rest
18.316666666,33.99678421020508,40.80561065673828,1.6606092112815358,0.0019619788508862257,0.0,step_0.3_rest
18.333333333,33.99684524536133,40.80562210083008,1.6605258114663628,-0.0019065196393057704,0.0,step_0.3_rest
18.35,33.99683380126953,40.80561447143555,1.6605415391234721,0.001654515857808292,0.0,step_0.3_rest
18.366666666,33.99686050415039,40.80561828613281,1.6605074483992674,-0.003556333016604185,0.0,step_0.3_rest
18.383333333,33.99684524536133,40.80561828613281,1.660530758728071,6.184880476212129e-05,0.0,step_0.3_rest
18.4,33.996826171875,40.80561828613281,1.6605586760929167,0.002020724816247821,0.0,step_0.3_rest
18.416666666,33.99686050415039,40.80562210083008,1.660513462518901,-0.0017332363640889525,0.0,step_0.3_rest
18.433333333,33.9968376159668,40.80561828613281,1.6605459614453264,0.001718989689834416,0.0,step_0.3_rest
18.45,33.99684524536133,40.80562210083008,1.6605353575644628,-3.64414336218033e-05,0.0,step_0.3_rest
18.466666666,33.99684143066406,40.80562210083008,1.6605427866470304,4.713185990112834e-05,0.0,step_0.3_rest
18.483333333,33.996829986572266,40.80561828613281,1.6605526714694183,0.0032437110785394907,0.0,step_0.3_rest
18.5,33.99684524536133,40.805625915527344,1.6605229942894768,-0.001778483740054071,0.0,step_0.3_rest
18.516666666,33.9968147277832,40.80562210083008,1.660566634241222,0.0025357529520988464,0.0,step_0.3_rest
18.533333333,33.996864318847656,40.80562973022461,1.6605021392982868,-0.0010654744692146778,0.0,step_0.3_rest
18.55,33.99687576293945,40.805625915527344,1.660491892771565,-0.0005101703573018312,0.0,step_0.3_rest
18.566666666,33.99687576293945,40.80562973022461,1.6604862389916435,3.101603624600102e-06,0.0,step_0.3_rest
18.583333333,33.99685287475586,40.80562210083008,1.6605245852319173,-0.001541785430163145,0.0,step_0.3_rest
18.6,33.99684524536133,40.80562210083008,1.6605282880237027,0.00018202484352514148,0.0,step_0.3_rest
18.616666666,33.996864318847656,40.805625915527344,1.6605136132893739,-0.00015787612937856466,0.0,step_0.3_rest
18.633333333,33.99684524536133,40.80562210083008,1.6605309269422268,0.002969228196889162,0.0,step_0.3_rest
18.65,33.99684143066406,40.80561828613281,1.6605417145264023,0.00011059722601203248,0.0,step_0.3_rest
18.666666666,33.99686050415039,40.80562973022461,1.660507792679362,-0.0017278394661843777,0.0,step_0.3_rest
18.683333333,33.99681854248047,40.80562210083008,1.6605708646992754,0.001542637008242309,0.0,step_0.3_rest
18.7,33.996849060058594,40.80562210083008,1.6605311104397282,-0.0010657773818820715,0.0,step_0.3_rest
18.716666666000002,33.996849060058594,40.80562210083008,1.6605318148873023,-1.3428808415483218e-05,0.0,step_0.3_rest
18.733333333,33.99685287475586,40.80562210083008,1.6605282878009706,-4.0924237509898376e-06,0.0,step_0.3_rest
18.75,33.99684143066406,40.80562210083008,1.6605395876167919,0.0001328267971985042,0.0,step_0.3_rest
18.766666666,33.996822357177734,40.80561447143555,1.660570872235172,0.002077476354315877,0.0,step_0.3_rest
18.783333333,33.99688720703125,40.80562973022461,1.6604872917131224,-0.0027738804928958416,0.0,step_0.3_rest
18.8,33.99689483642578,40.80562973022461,1.66047810608565,-0.0016118831699714065,0.0,step_0.3_rest
18.816666666,33.99687957763672,40.805625915527344,1.6605019634917733,-0.00010918888438027352,0.0,step_0.3_rest
18.833333333,33.99687957763672,40.805625915527344,1.6605012653748654,0.000185375043656677,0.0,step_0.3_rest
18.85,33.996883392333984,40.805625915527344,1.6604929565122917,-0.00046958186430856586,0.0,step_0.3_rest
18.866666666,33.99687576293945,40.805625915527344,1.6605081541037983,-0.0023552202619612217,0.0,step_0.3_rest
18.883333333,33.99687194824219,40.80562210083008,1.6605054802718495,-0.0012406986206769943,0.0,step_0.3_rest
18.9,33.99686050415039,40.80562210083008,1.6605256243532607,0.0021434808149933815,0.0,step_0.3_rest
18.916666666,33.99687957763672,40.80562210083008,1.6605010870576082,-0.005571235436946154,0.0,step_0.3_rest
18.933333333,33.99687194824219,40.80561828613281,1.6605134438816267,-0.0003662976378109306,0.0,step_0.3_rest
18.95,33.99690628051758,40.80562210083008,1.6604714043840398,-0.0005669243982993066,0.0,step_0.3_rest
18.966666666000002,33.996883392333984,40.80561447143555,1.660498081163259,0.0019766376353800297,0.0,step_0.3_rest
18.983333333,33.99696731567383,40.80562210083008,1.660403906265757,-0.0028530475683510303,0.0,step_0.3_rest
19.0,33.9969482421875,40.80561447143555,1.6604325312454216,0.001539745251648128,0.0,step_0.3_rest
19.016666666,33.996978759765625,40.80562210083008,1.660388190889752,-0.0034786509349942207,0.0,step_0.3_rest
19.033333333,33.99694061279297,40.80561828613281,1.660433754774108,0.0009105211356654763,0.0,step_0.3_rest
19.05,33.9969482421875,40.80562210083008,1.6604263259993872,0.00048239409807138145,0.0,step_0.3_rest
19.066666666,33.9969482421875,40.80562210083008,1.6604279256776937,-8.31350280350307e-06,0.0,step_0.3_rest
19.083333333,33.996952056884766,40.80562210083008,1.6604243989668257,-2.1987596028338885e-06,0.0,step_0.3_rest
19.1,33.996917724609375,40.80561065673828,1.6604671419899273,0.002098150784149766,0.0,step_0.3_rest
19.116666666,33.99700927734375,40.80562973022461,1.6603602688887533,-0.002645437605679035,0.0,step_0.3_rest
19.133333333,33.99699020385742,40.80562973022461,1.6603872783035738,-0.00010885141091421247,0.0,step_0.3_rest
19.15,33.99696731567383,40.805625915527344,1.6604145056394473,0.0019869673997163773,0.0,step_0.3_rest
19.166666666,33.99700927734375,40.805633544921875,1.6603636104432404,-0.001378878252580762,0.0,step_0.3_rest
19.183333333,33.99702835083008,40.80563735961914,1.6603390668610831,-0.001905942684970796,0.0,step_0.3_rest
19.2,33.997032165527344,40.80563735961914,1.6603337652610834,1.349766353087034e-05,0.0,step_0.3_rest
19.216666666,33.99700927734375,40.805633544921875,1.660366432013728,-0.000711837550625205,0.0,step_0.3_rest
19.233333333,33.997005462646484,40.80563735961914,1.660372284120192,-1.73291664395947e-05,0.0,step_0.3_rest
19.25,33.997005462646484,40.80563735961914,1.6603742196381608,0.003252545604482293,0.0,step_0.3_rest
19.266666666,33.99701690673828,40.80563735961914,1.6603581391448032,-2.943760046036914e-05,0.0,step_0.3_rest
19.283333333,33.99701690673828,40.80563735961914,1.6603533791115554,0.003909828141331673,0.0,step_0.3_rest
19.3,33.997013092041016,40.80563735961914,1.6603620280732843,-0.0008870778256095946,0.0,step_0.3_rest
19.316666666,33.99700164794922,40.805633544921875,1.660380416421465,0.0021356376819312572,0.0,step_0.3_rest
19.333333333,33.99701690673828,40.805633544921875,1.660357249272979,-0.003177247941493988,0.0,step_0.3_rest
19.35,33.99698257446289,40.805633544921875,1.6604010705960404,0.0020173208322376013,0.0,step_0.3_rest
19.366666666,33.99701690673828,40.80563735961914,1.6603505418204474,0.001866722945123911,0.0,step_0.3_rest
19.383333333,33.99699783325195,40.805633544921875,1.6603729957914422,0.0013144937111064792,0.0,step_0.3_rest
19.4,33.99699783325195,40.805633544921875,1.6603754592301383,2.4444370865239762e-05,0.0,step_0.3_rest
19.416666666,33.99700164794922,40.805633544921875,1.660372276554384,7.591377197968541e-06,0.0,step_0.3_rest
19.433333333,33.99697494506836,40.805625915527344,1.6604113146577093,0.0025351073127239943,0.0,step_0.3_rest
19.45,33.99702835083008,40.805633544921875,1.660345420313599,-0.0009036287083290517,0.0,step_0.3_rest
19.466666666,33.997013092041016,40.80562973022461,1.6603611659401405,0.0021517151035368443,0.0,step_0.3_rest
19.483333333,33.997013092041016,40.80562973022461,1.6603570895546427,0.004261314868927002,0.0,step_0.3_rest
19.5,33.99700927734375,40.80562973022461,1.6603712199058385,0.0009528095251880586,0.0,step_0.3_rest
19.516666666,33.99700164794922,40.80562973022461,1.6603784571429412,0.003686474170535803,0.0,step_0.3_rest
19.533333333,33.997013092041016,40.805625915527344,1.6603597373926096,0.0017236097482964396,0.0,step_0.3_rest
19.55,33.99702453613281,40.805625915527344,1.6603443605757753,-0.0010254473891109228,0.0,step_0.3_rest
19.566666666,33.99700927734375,40.80562210083008,1.660361683597338,-0.0023891411256045103,0.0,step_0.3_rest
19.583333333,33.996986389160156,40.80561447143555,1.6603872936849315,0.001561162993311882,0.0,step_0.3_rest
19.6,33.99702453613281,40.805625915527344,1.6603346370188017,0.0020006606355309486,0.0,step_0.3_rest
19.616666666,33.99702453613281,40.80562210083008,1.6603305826821748,9.578591561876237e-05,0.0,step_0.3_rest
19.633333333,33.997047424316406,40.805625915527344,1.6602975421105886,-0.002438765252009034,0.0,step_0.3_rest
19.65,33.99700927734375,40.80562210083008,1.6603486061474846,0.0019189536105841398,0.0,step_0.3_rest
19.666666666,33.99702453613281,40.80561828613281,1.6603263373737531,1.949201396200806e-05,0.0,step_0.3_rest
19.683333333,33.99705123901367,40.80562210083008,1.6602922485074005,-0.002283805515617132,0.0,step_0.3_rest
19.7,33.99702835083008,40.80562210083008,1.6603265205291877,0.00010096285404870287,0.0,step_0.3_rest
19.716666666000002,33.997005462646484,40.80561447143555,1.6603554903776405,-0.0019871427211910486,0.0,step_0.3_rest
19.733333333,33.997047424316406,40.80561828613281,1.6602993037138551,-0.002592475851997733,0.0,step_0.3_rest
19.75,33.997032165527344,40.80561828613281,1.6603215704821694,0.0015964858466759324,0.0,step_0.3_rest
19.766666666,33.99704360961914,40.80561828613281,1.660306217795948,-2.0833487724303268e-05,0.0,step_0.3_rest
19.783333333,33.9970817565918,40.805625915527344,1.6602533793476282,-0.002169746905565262,0.0,step_0.3_rest
19.8,33.99711990356445,40.805625915527344,1.6602060265126137,-0.004244714509695768,0.0,step_0.3_rest
19.816666666,33.997215270996094,40.805633544921875,1.6600836125648202,0.000934648560360074,0.0,step_0.3_rest
19.833333333,33.99716567993164,40.805625915527344,1.6601639841850178,-0.0048119742423295975,0.0,step_0.3_rest
19.85,33.9970703125,40.80562210083008,1.6602510758061966,0.0031869597733020782,0.0,step_0.3_rest
19.866666666,33.9970817565918,40.805625915527344,1.660229194185988,0.007600229233503342,0.0,step_0.3_rest
19.883333333,33.99706268310547,40.805625915527344,1.660257272514728,0.0014823648380115628,0.0,step_0.3_rest
19.9,33.99708557128906,40.805625915527344,1.6602268810392298,-0.004004318732768297,0.0,step_0.3_rest
19.916666666,33.99705123901367,40.805625915527344,1.660266459957309,0.0017045942367985845,0.0,step_0.3_rest
19.933333333,33.99709701538086,40.805633544921875,1.6602046275809272,-0.0008108461042866111,0.0,step_0.3_rest
19.95,33.99705123901367,40.80562973022461,1.6602623957476665,0.0005965953459963202,0.0,step_0.3_rest
19.966666666000002,33.997093200683594,40.80562973022461,1.6602106160290626,-0.001749278511852026,0.0,step_0.3_rest
19.983333333,33.9970703125,40.805625915527344,1.660240663748598,0.001808726112358272,0.0,step_0.3_rest
20.0,33.997100830078125,40.80562973022461,1.6602023287759404,-0.0008815483306534588,0.0,step_0.3_rest
20.016666666,33.99708938598633,40.805625915527344,1.6602198147157006,0.0017728685634210706,0.0,step_0.3_rest
20.033333333,33.99707794189453,40.805625915527344,1.660236946501952,0.002255073981359601,0.0,step_0.3_rest
20.05,33.99708557128906,40.805625915527344,1.6602233304333476,-0.0018458741251379251,0.0,step_0.3_rest
20.066666666,33.9970817565918,40.80562973022461,1.6602295345190132,0.0007893783040344715,0.0,step_0.3_rest
20.083333333,33.9970588684082,40.805625915527344,1.6602622132865474,0.0026888519059866667,0.0,step_0.3_rest
20.1,33.99711990356445,40.805633544921875,1.6601858813207289,-0.0013206142466515303,0.0,step_0.3_rest
20.116666666,33.997093200683594,40.80562973022461,1.6602189442027413,0.0022728757467120886,0.0,step_0.3_rest
20.133333333,33.9970703125,40.805625915527344,1.6602475570259088,0.0016001160256564617,0.0,step_0.3_rest
20.15,33.997108459472656,40.805633544921875,1.6602017845719381,0.00010225635196547955,0.0,step_0.3_rest
20.166666666,33.99709701538086,40.80562973022461,1.660218217439215,0.0018632089486345649,0.0,step_0.3_rest
20.183333333,33.99710464477539,40.80562973022461,1.6602102721321512,-0.0006895390688441694,0.0,step_0.3_rest
20.2,33.99707794189453,40.805625915527344,1.660252145635853,0.0018917116103693843,0.0,step_0.3_rest
20.216666666,33.99711608886719,40.805633544921875,1.6602032174045664,-0.001148494309745729,0.0,step_0.3_rest
20.233333333,33.99708557128906,40.805633544921875,1.6602491313902348,0.0005307673709467053,0.0,step_0.3_rest
20.25,33.99710464477539,40.805633544921875,1.6602247609239618,-0.0018868607003241777,0.0,step_0.3_rest
20.266666666,33.99708938598633,40.80562973022461,1.660249308119938,0.0018669558921828866,0.0,step_0.3_rest
20.283333333,33.99711227416992,40.80562973022461,1.660214855176328,-0.0016984767280519009,0.0,step_0.3_rest
20.3,33.99711608886719,40.80562973022461,1.660211167643909,-0.001962487120181322,0.0,step_0.3_rest
20.316666666,33.99711608886719,40.80562973022461,1.6602118633287082,-3.213245145161636e-05,0.0,step_0.3_rest
20.333333333,33.99710464477539,40.80562210083008,1.6602286465705791,0.0020119205582886934,0.0,step_0.3_rest
20.35,33.99713134765625,40.805625915527344,1.6602000240128996,-3.36486664309632e-05,0.0,step_0.3_rest
20.366666666,33.99713134765625,40.805625915527344,1.6602007173845144,0.0006032603560015559,0.0,step_0.3_rest
20.383333333,33.99711990356445,40.805625915527344,1.6602191000803213,3.399715933483094e-05,0.0,step_0.3_rest
20.4,33.99711608886719,40.80562210083008,1.6602247527659382,0.00010760362783912569,0.0,step_0.3_rest
20.416666666,33.99713134765625,40.80561828613281,1.6602106321525572,-4.9279733502771705e-05,0.0,step_0.3_rest
20.433333333,33.99713897705078,40.80562210083008,1.660200555670292,0.0007752649253234267,0.0,step_0.3_rest
20.45,33.99714660644531,40.80562210083008,1.6601892436851433,0.000163441218319349,0.0,step_0.3_rest
20.466666666,33.997127532958984,40.80561447143555,1.6602035473400663,0.002912874799221754,0.0,step_0.3_rest
20.483333333,33.997154235839844,40.80561447143555,1.660165936146951,-0.0031106278765946627,0.0,step_0.3_rest
20.5,33.99715042114258,40.80561447143555,1.660169637474062,-0.0021028248593211174,0.0,step_0.3_rest
20.516666666,33.997108459472656,40.805606842041016,1.6602148709871103,9.140300244325772e-05,0.0,step_0.3_rest
20.533333333,33.997108459472656,40.805606842041016,1.6602136226249862,-0.0002598573628347367,0.0,step_0.3_rest
20.55,33.99708938598633,40.805599212646484,1.6602353707477224,0.0019599422812461853,0.0,step_0.3_rest
20.566666666,33.99711227416992,40.80560302734375,1.6602023165583597,0.0016415411373600364,0.0,step_0.3_rest
20.583333333,33.99709701538086,40.80560302734375,1.6602217545281777,0.0012537705479189754,0.0,step_0.3_rest
20.6,33.997100830078125,40.80560302734375,1.660219283823523,-0.00013523046800401062,0.0,step_0.3_rest
20.616666666,33.99708557128906,40.80560302734375,1.6602344837129295,0.00024281375226564705,0.0,step_0.3_rest
20.633333333,33.99708938598633,40.80560302734375,1.660228815595627,-3.7026547943241894e-05,0.0,step_0.3_rest
20.65,33.99708557128906,40.805606842041016,1.6602327010991162,0.0014330109115689993,0.0,step_0.3_rest
20.666666666,33.99708557128906,40.80560302734375,1.6602307658256739,0.001956167398020625,0.0,step_0.3_rest
20.683333333,33.997108459472656,40.80561065673828,1.660203024148074,0.0007472081924788654,0.0,step_0.3_rest
20.7,33.99709701538086,40.80561065673828,1.6602212361595197,0.0006680498481728137,0.0,step_0.3_rest
20.716666666000002,33.997093200683594,40.80561065673828,1.660228471098171,-0.00029839316266588867,0.0,step_0.3_rest
20.733333333,33.997108459472656,40.80561447143555,1.6602141583378955,-0.0001819425233406946,0.0,step_0.3_rest
20.75,33.997093200683594,40.80561065673828,1.6602341161261813,0.002041218802332878,0.0,step_0.3_rest
20.766666666,33.99711227416992,40.80561447143555,1.6602152300551016,-3.722157998709008e-05,0.0,step_0.3_rest
20.783333333,33.997093200683594,40.80561065673828,1.6602383620676746,0.00017762962670531124,0.0,step_0.3_rest
20.8,33.99710464477539,40.80561447143555,1.660223529501359,-8.907546725822613e-05,0.0,step_0.3_rest
20.816666666,33.99708938598633,40.80561065673828,1.6602473656955918,0.0001087591954274103,0.0,step_0.3_rest
20.833333333,33.9970817565918,40.80561065673828,1.660254449403805,9.707557910587639e-05,0.0,step_0.3_rest
20.85,33.997100830078125,40.80561447143555,1.6602297114908153,-0.0021636809688061476,0.0,step_0.3_rest
20.866666666,33.997066497802734,40.805606842041016,1.660273696502511,0.0018777663353830576,0.0,step_0.3_rest
20.883333333,33.99713897705078,40.80562210083008,1.6601881760207948,-0.0013510901480913162,0.0,step_0.3_rest
20.9,33.99711990356445,40.80561447143555,1.6602132747469684,0.00234808842651546,0.0,step_0.3_rest
20.916666666,33.99711990356445,40.80561447143555,1.660215221627593,-0.0006737015210092068,0.0,step_0.3_rest
20.933333333,33.99711990356445,40.80561447143555,1.6602161093338113,-2.514341213100124e-05,0.0,step_0.3_rest
20.95,33.99711990356445,40.80561447143555,1.6602153818344598,-1.91783419722924e-06,0.0,step_0.3_rest
20.966666666000002,33.997100830078125,40.805606842041016,1.6602427669487996,0.0020056841894984245,0.0,step_0.3_rest
20.983333333,33.99713134765625,40.805606842041016,1.6602009136405862,-0.002633789088577032,0.0,step_0.3_rest
21.0,33.99711227416992,40.80560302734375,1.6602268779328515,-0.0009768573800101876,0.0,step_0.3_rest
21.016666666,33.99715042114258,40.80561065673828,1.6601820066891366,-0.00269206240773201,0.0,step_0.3_rest
21.033333333,33.99713134765625,40.80561065673828,1.660204634123163,0.004617661237716675,0.0,step_0.3_rest
21.05,33.99714660644531,40.80561828613281,1.6601848377265473,1.451350635761628e-05,0.0,step_0.3_rest
21.066666666,33.997127532958984,40.80561447143555,1.6602063938177205,-0.0023547240998595953,0.0,step_0.3_rest
21.083333333,33.997161865234375,40.80561828613281,1.6601677022324086,-0.0027760439552366734,0.0,step_0.3_rest
21.1,33.99715042114258,40.80561828613281,1.6601850206564872,0.0018803683342412114,0.0,step_0.3_rest
21.116666666,33.997188568115234,40.80562210083008,1.6601327154808663,-0.0012953192926943302,0.0,step_0.3_rest
21.133333333,33.9972038269043,40.80562210083008,1.660108006468849,-0.00201247981749475,0.0,step_0.3_rest
21.15,33.9972038269043,40.80562210083008,1.660108166967603,5.691853857570095e-06,0.0,step_0.3_rest
21.166666666,33.99720764160156,40.80562210083008,1.6601046404189632,-1.3740252143179532e-05,0.0,step_0.3_rest
21.183333333,33.997196197509766,40.80562210083008,1.6601203593805607,6.565766670973971e-05,0.0,step_0.3_rest
21.2,33.99717712402344,40.80561447143555,1.6601512619589944,0.002065270207822323,0.0,step_0.3_rest
21.216666666,33.99724578857422,40.80562973022461,1.6600613636612551,-0.0027238221373409033,0.0,step_0.3_rest
21.233333333,33.99725341796875,40.80562973022461,1.6600578194451816,-0.0013309119967743754,0.0,step_0.3_rest
21.25,33.997257232666016,40.80562973022461,1.6600481052364617,-0.00010406742512714118,0.0,step_0.3_rest
21.266666666,33.99726104736328,40.80562973022461,1.660041572806553,-4.445476952241734e-05,0.0,step_0.3_rest
21.283333333,33.997249603271484,40.805625915527344,1.6600666510506863,0.00010743038728833199,0.0,step_0.3_rest
21.3,33.99723434448242,40.805625915527344,1.660090672328915,0.0020890883170068264,0.0,step_0.3_rest
21.316666666,33.997249603271484,40.805625915527344,1.6600754972518388,-0.0005144377937540412,0.0,step_0.3_rest
21.333333333,33.99724578857422,40.805625915527344,1.6600811497712917,-5.733454236178659e-05,0.6,step_0.6
21.35,33.99726867675781,40.80562973022461,1.660051639031394,-0.00038536472129635513,0.6,step_0.6
21.366666666,33.997257232666016,40.80562973022461,1.6600631237394257,-0.00011851310409838334,0.6,step_0.6
21.383333333,33.997257232666016,40.80562973022461,1.6600647113272988,-0.0005759375053457916,0.6,step_0.6
21.4,33.997257232666016,40.80562973022461,1.6600641681019417,-1.2807842722395435e-05,0.6,step_0.6
21.416666666,33.99724197387695,40.805625915527344,1.6600857389976726,0.0020726227667182684,0.6,step_0.6
21.433333333,33.99726867675781,40.80562973022461,1.6600477563238063,-0.0008952794596552849,0.6,step_0.6
21.45,33.997257232666016,40.80562973022461,1.6600622366680005,0.0020381296053528786,0.6,step_0.6
21.466666666,33.99723815917969,40.805625915527344,1.6600887370946393,0.0016306847101077437,0.6,step_0.6
21.483333333,33.99726486206055,40.80562973022461,1.6600567481058413,0.00104579608887434,0.6,step_0.6
21.5,33.99716567993164,40.805633544921875,1.6607452795050621,0.04336690157651901,0.6,step_0.6
21.516666666,33.99740982055664,40.80560302734375,1.662823348141403,0.1347900629043579,0.6,step_0.6
21.533333333,33.997135162353516,40.805572509765625,1.6665311368184277,0.23830576241016388,0.6,step_0.6
21.55,33.9973030090332,40.805519104003906,1.6716345584808887,0.32439979910850525,0.6,step_0.6
21.566666666,33.997249603271484,40.805301666259766,1.6779517397913306,0.40179726481437683,0.6,step_0.6
21.583333333,33.9973030090332,40.80517578125,1.6854343646764949,0.47739139199256897,0.6,step_0.6
21.6,33.99726867675781,40.80482864379883,1.693519783010918,0.49557358026504517,0.6,step_0.6
21.616666666,33.99726867675781,40.80470275878906,1.702062898533125,0.5330680012702942,0.6,step_0.6
21.633333333,33.99723434448242,40.80473327636719,1.7110595512214242,0.5553285479545593,0.6,step_0.6
21.65,33.99717330932617,40.804847717285156,1.7203153713024473,0.5676145553588867,0.6,step_0.6
21.666666666,33.99714279174805,40.80495071411133,1.729703896619311,0.5736405849456787,0.6,step_0.6
21.683333333,33.997047424316406,40.8050651550293,1.7391654702951083,0.5780255198478699,0.6,step_0.6
21.7,33.997013092041016,40.8051643371582,1.7486880006291736,0.5809423327445984,0.6,step_0.6
21.716666666000002,33.99695587158203,40.805274963378906,1.7582444441425278,0.5814629793167114,0.6,step_0.6
21.733333333,33.996917724609375,40.80537796020508,1.7678095807424987,0.5814271569252014,0.6,step_0.6
21.75,33.99684524536133,40.80547332763672,1.7773688245280646,0.5802592635154724,0.6,step_0.6
21.766666666,33.996768951416016,40.80556869506836,1.7869203218482022,0.5791070461273193,0.6,step_0.6
21.783333333,33.996795654296875,40.80561065673828,1.796467068805616,0.579699695110321,0.6,step_0.6
21.8,33.99677276611328,40.805641174316406,1.8059873103170734,0.5759294033050537,0.6,step_0.6
21.816666666,33.996700286865234,40.8056526184082,1.8154853258613075,0.5780915021896362,0.6,step_0.6
21.833333333,33.99667739868164,40.80569839477539,1.8250161323256804,0.5829031467437744,0.6,step_0.6
21.85,33.99661636352539,40.80580139160156,1.8345956025955543,0.5833792686462402,0.6,step_0.6
21.866666666,33.996585845947266,40.80590057373047,1.8441760570561836,0.5808393359184265,0.6,step_0.6
21.883333333,33.99653625488281,40.80599594116211,1.8537218439054748,0.5801611542701721,0.6,step_0.6
21.9,33.99647903442383,40.80607604980469,1.8632816022201422,0.5817938446998596,0.6,step_0.6
21.916666666,33.996437072753906,40.80609893798828,1.872820541861875,0.5809921622276306,0.6,step_0.6
21.933333333,33.996421813964844,40.80614471435547,1.8823871404928145,0.5831485390663147,0.6,step_0.6
21.95,33.996360778808594,40.80620574951172,1.8919545179253496,0.5804381966590881,0.6,step_0.6
21.966666666000002,33.99633026123047,40.806278228759766,1.9015135379436654,0.5823942422866821,0.6,step_0.6
21.983333333,33.996273040771484,40.806312561035156,1.911056938816288,0.5796928405761719,0.6,step_0.6
22.0,33.99624252319336,40.80635452270508,1.920611639791432,0.5821647644042969,0.6,step_0.6
22.016666666,33.99618148803711,40.80644607543945,1.9301723853011286,0.5805084109306335,0.6,step_0.6
22.033333333,33.996124267578125,40.8065185546875,1.9397329818911888,0.5820232033729553,0.6,step_0.6
22.05,33.996097564697266,40.80659866333008,1.9493069208105926,0.5827445983886719,0.6,step_0.6
22.066666666,33.996036529541016,40.80668640136719,1.9588848970855273,0.5824958682060242,0.6,step_0.6
22.083333333,33.99596405029297,40.80678176879883,1.9684530687152064,0.5819969177246094,0.6,step_0.6
22.1,33.99589157104492,40.80680465698242,1.9779814199227839,0.5818805694580078,0.6,step_0.6
22.116666666,33.99583053588867,40.80690383911133,1.9875492131068697,0.5820930004119873,0.6,step_0.6
22.133333333,33.995750427246094,40.806976318359375,1.997121710113113,0.582851231098175,0.6,step_0.6
22.15,33.99567413330078,40.807071685791016,2.006690081778568,0.5810472965240479,0.6,step_0.6
22.166666666,33.995643615722656,40.807098388671875,2.016215122822876,0.5796866416931152,0.6,step_0.6
22.183333333,33.9955940246582,40.80714416503906,2.0257653651834158,0.5822845697402954,0.6,step_0.6
22.2,33.995521545410156,40.807167053222656,2.0353032556949873,0.5799453258514404,0.6,step_0.6
22.216666666,33.9954719543457,40.80721664428711,2.044855677062508,0.583038330078125,0.6,step_0.6
22.233333333,33.995391845703125,40.80731964111328,2.0544274788689383,0.582044243812561,0.6,step_0.6
22.25,33.99531555175781,40.80740737915039,2.063992567343984,0.5816541910171509,0.6,step_0.6
22.266666666,33.9952392578125,40.807395935058594,2.0735221662724506,0.579349160194397,0.6,step_0.6
22.283333333,33.99519729614258,40.80740737915039,2.08307290768745,0.5819360017776489,0.6,step_0.6
22.3,33.99515914916992,40.80743408203125,2.0926447691363506,0.5818025469779968,0.6,step_0.6
22.316666666,33.995079040527344,40.807395935058594,2.1022033343371067,0.5811638832092285,0.6,step_0.6
22.333333333,33.99506759643555,40.80742645263672,2.1117727610565686,0.5839715003967285,0.6,step_0.6
22.35,33.99501037597656,40.807498931884766,2.1213552151412545,0.5833023190498352,0.6,step_0.6
22.366666666,33.99492645263672,40.807579040527344,2.1309377998339776,0.5835261940956116,0.6,step_0.6
22.383333333,33.994876861572266,40.80763244628906,2.1405004789368833,0.5831326842308044,0.6,step_0.6
22.4,33.994781494140625,40.80769729614258,2.150082840168486,0.5834425687789917,0.6,step_0.6
22.416666666,33.99475860595703,40.8077278137207,2.1596270640911324,0.5791119933128357,0.6,step_0.6
22.433333333,33.99470901489258,40.80780029296875,2.169158368780561,0.578119158744812,0.6,step_0.6
22.45,33.99465560913086,40.8078727722168,2.1786829228866917,0.5801602005958557,0.6,step_0.6
22.466666666,33.994590759277344,40.80794143676758,2.188200646694823,0.579034149646759,0.6,step_0.6
22.483333333,33.994529724121094,40.808013916015625,2.1977317034629094,0.580493688583374,0.6,step_0.6
22.5,33.99453353881836,40.808101654052734,2.2072971292439965,0.5823055505752563,0.6,step_0.6
22.516666666,33.994510650634766,40.80810546875,2.2168671927723373,0.5801262855529785,0.6,step_0.6
22.533333333,33.99445343017578,40.80812454223633,2.226418112277765,0.5819045901298523,0.6,step_0.6
22.55,33.99443054199219,40.80817413330078,2.235972737309847,0.5816059708595276,0.6,step_0.6
22.566666666,33.994354248046875,40.808223724365234,2.2455380223198063,0.5818048119544983,0.6,step_0.6
22.583333333,33.994293212890625,40.808223724365234,2.2550777183285455,0.5806170105934143,0.6,step_0.6
22.599999999,33.99424743652344,40.80826950073242,2.2646288254625926,0.5829296708106995,0.6,step_0.6
22.616666666,33.994178771972656,40.808349609375,2.2742017487882746,0.5820023417472839,0.6,step_0.6
22.633333333,33.99410629272461,40.80842208862305,2.2837642701871683,0.5811993479728699,0.6,step_0.6
22.649999999,33.9940071105957,40.80851364135742,2.2933050062096467,0.5780496597290039,0.6,step_0.6
22.666666666,33.993934631347656,40.80859375,2.302824042284225,0.5789755582809448,0.6,step_0.6
22.683333333,33.99384307861328,40.80868148803711,2.312334686449059,0.5776402950286865,0.6,step_0.6
22.699999999,33.993812561035156,40.80878448486328,2.321855456862771,0.5813525915145874,0.6,step_0.6
22.716666666000002,33.993736267089844,40.808799743652344,2.3314141232242713,0.5814952850341797,0.6,step_0.6
22.733333333,33.99367141723633,40.808841705322266,2.3409749006822316,0.5822888612747192,0.6,step_0.6
22.749999999,33.99357986450195,40.808921813964844,2.350549631576133,0.5825297236442566,0.6,step_0.6
22.766666666,33.99348068237305,40.80900192260742,2.3601042170761013,0.5809597969055176,0.6,step_0.6
22.783333333,33.99339294433594,40.8090705871582,2.3696386281607715,0.5793980360031128,0.6,step_0.6
22.799999999,33.993343353271484,40.80913543701172,2.3791529785855277,0.5797902941703796,0.6,step_0.6
22.816666666,33.99327087402344,40.80912780761719,2.3886876337566947,0.5805069804191589,0.6,step_0.6
22.833333333,33.99322509765625,40.80916213989258,2.3982391035418225,0.5821844935417175,0.6,step_0.6
22.849999999,33.99312210083008,40.809226989746094,2.4077972799042877,0.5805937051773071,0.6,step_0.6
22.866666666,33.99301528930664,40.80931091308594,2.417339764902605,0.578834056854248,0.6,step_0.6
22.883333333,33.99301528930664,40.80940628051758,2.4268804297071527,0.5806910395622253,0.6,step_0.6
22.899999999,33.992977142333984,40.80942153930664,2.436436622140929,0.5812368392944336,0.6,step_0.6
22.916666666,33.99291229248047,40.80938720703125,2.445988453543299,0.58186274766922,0.6,step_0.6
22.933333333,33.99285125732422,40.80940246582031,2.455558461818906,0.5830406546592712,0.6,step_0.6
22.949999999,33.992759704589844,40.80938720703125,2.4651146068828864,0.5802347660064697,0.6,step_0.6
22.966666666000002,33.9926872253418,40.80942153930664,2.4746553228952974,0.5801283717155457,0.6,step_0.6
22.983333333,33.99262237548828,40.8094367980957,2.4842116929290246,0.5820866227149963,0.6,step_0.6
22.999999999,33.9925537109375,40.809486389160156,2.4937688214001947,0.5817105770111084,0.6,step_0.6
23.016666666,33.99245071411133,40.809547424316406,2.5033234582466437,0.5792317986488342,0.6,step_0.6
23.033333333,33.992431640625,40.80959701538086,2.5129165933498707,0.5887258648872375,0.6,step_0.6
23.049999999,33.992393493652344,40.809593200683594,2.5225873793674434,0.5853621363639832,0.6,step_0.6
23.066666666,33.99234390258789,40.809661865234375,2.532191209839351,0.5819569826126099,0.6,step_0.6
23.083333333,33.99225616455078,40.80967330932617,2.541758763769146,0.579358696937561,0.6,step_0.6
23.099999999,33.99215316772461,40.80971908569336,2.5512928584844397,0.5794548392295837,0.6,step_0.6
23.116666666,33.992122650146484,40.809783935546875,2.5608122919493166,0.580254077911377,0.6,step_0.6
23.133333333,33.992042541503906,40.80979537963867,2.5703564365911435,0.5809932947158813,0.6,step_0.6
23.149999999,33.991947174072266,40.80984878540039,2.57990606874709,0.5812754034996033,0.6,step_0.6
23.166666666,33.991851806640625,40.80989456176758,2.589463804634599,0.5817673206329346,0.6,step_0.6
23.183333333,33.99174880981445,40.80995559692383,2.5990043805154857,0.5800850987434387,0.6,step_0.6
23.199999999,33.99165344238281,40.809967041015625,2.608548688432819,0.5815325975418091,0.6,step_0.6
23.216666666,33.99161148071289,40.81001663208008,2.6180839942992926,0.5803906917572021,0.6,step_0.6
23.233333333,33.99150466918945,40.810096740722656,2.6276203361537913,0.5809680819511414,0.6,step_0.6
23.249999999,33.99142837524414,40.810150146484375,2.63716657390634,0.5814446806907654,0.6,step_0.6
23.266666666,33.991355895996094,40.810123443603516,2.646728885249602,0.5820170044898987,0.6,step_0.6
23.283333333,33.991275787353516,40.810142517089844,2.656296488643731,0.5827891826629639,0.6,step_0.6
23.299999999,33.99119186401367,40.81014633178711,2.665843372536079,0.5815843939781189,0.6,step_0.6
23.316666666,33.991085052490234,40.8101692199707,2.6753963767795983,0.5817676186561584,0.6,step_0.6
23.333333333,33.99101638793945,40.81015396118164,2.684948900332771,0.582658052444458,0.6,step_0.6
23.349999999,33.99092102050781,40.81016159057617,2.6945224391554703,0.5819165706634521,0.6,step_0.6
23.366666666,33.99085235595703,40.81014633178711,2.7040686851637785,0.5803598761558533,0.6,step_0.6
23.383333333,33.990760803222656,40.810211181640625,2.713610029900519,0.581601619720459,0.6,step_0.6
23.399999999,33.99064636230469,40.81028366088867,2.7231546507860362,0.5787899494171143,0.6,step_0.6
23.416666666,33.99055480957031,40.81037521362305,2.732696364393524,0.5805255770683289,0.6,step_0.6
23.433333333,33.990440368652344,40.810420989990234,2.7422467292718564,0.5792766809463501,0.6,step_0.6
23.449999999,33.990325927734375,40.810462951660156,2.7517611709802496,0.5782774686813354,0.6,step_0.6
23.466666666,33.99021530151367,40.810489654541016,2.7612700496815483,0.5775125026702881,0.6,step_0.6
23.483333333,33.990108489990234,40.810516357421875,2.770773689353187,0.5778083205223083,0.6,step_0.6
23.499999999,33.9900016784668,40.810569763183594,2.780274958131145,0.5804253220558167,0.6,step_0.6
23.516666666,33.989891052246094,40.81062316894531,2.7898126941365256,0.5808607339859009,0.6,step_0.6
23.533333333,33.98978805541992,40.81060028076172,2.7993434533276647,0.5790760517120361,0.6,step_0.6
23.549999999,33.989681243896484,40.81060028076172,2.8088703148656355,0.5796275734901428,0.6,step_0.6
23.566666666,33.98960876464844,40.810569763183594,2.8184020524978926,0.5796014070510864,0.6,step_0.6
23.583333333,33.98949432373047,40.81057357788086,2.8279426841817066,0.5796068906784058,0.6,step_0.6
23.599999999,33.98944091796875,40.81056213378906,2.8374654904932113,0.5813805460929871,0.6,step_0.6
23.616666666,33.98933792114258,40.81056594848633,2.8470297408549965,0.5809731483459473,0.6,step_0.6
23.633333333,33.98923873901367,40.8105354309082,2.8565602489797097,0.5801360011100769,0.6,step_0.6
23.649999999,33.989139556884766,40.810585021972656,2.8661326898536963,0.584388792514801,0.6,step_0.6
23.666666666,33.9890251159668,40.81058883666992,2.875716944063836,0.5818691849708557,0.6,step_0.6
23.683333333,33.98893356323242,40.81059646606445,2.885268617526168,0.581628680229187,0.6,step_0.6
23.699999999,33.988826751708984,40.810569763183594,2.8948234229817538,0.580217182636261,0.6,step_0.6
23.716666666000002,33.9887809753418,40.81059646606445,2.904386617575563,0.5776969194412231,0.6,step_0.6
23.733333333,33.98866271972656,40.810550689697266,2.913889660078358,0.5760297179222107,0.6,step_0.6
23.749999999,33.988651275634766,40.81058120727539,2.923415691169748,0.5840242505073547,0.6,step_0.6
23.766666666,33.988643646240234,40.81059265136719,2.9330264647259554,0.5837936997413635,0.6,step_0.6
23.783333333,33.98858642578125,40.810543060302734,2.9426158370476676,0.582259476184845,0.6,step_0.6
23.799999999,33.988487243652344,40.810523986816406,2.952190296153164,0.5818590521812439,0.6,step_0.6
23.816666666,33.988441467285156,40.810508728027344,2.961733013715321,0.5801911950111389,0.6,step_0.6
23.833333333,33.988338470458984,40.81050491333008,2.971285630913204,0.5797431468963623,0.6,step_0.6
23.849999999,33.9882698059082,40.8105354309082,2.9808005080910123,0.5808382630348206,0.6,step_0.6
23.866666666,33.988189697265625,40.81050109863281,2.9903538856782848,0.5818284153938293,0.6,step_0.6
23.883333333,33.98808670043945,40.81045913696289,2.999925951284165,0.58196622133255,0.6,step_0.6
23.899999999,33.988067626953125,40.810489654541016,3.009500085135081,0.5819974541664124,0.6,step_0.6
23.916666666,33.98796844482422,40.810428619384766,3.019065562655211,0.5805749297142029,0.6,step_0.6
23.933333333,33.987857818603516,40.81047058105469,3.0286122036171585,0.580600917339325,0.6,step_0.6
23.949999999,33.98773956298828,40.810401916503906,3.0381521886562584,0.5793277025222778,0.6,step_0.6
23.966666666000002,33.98762130737305,40.81040954589844,3.047679032669548,0.5794884562492371,0.6,step_0.6
23.983333333,33.987510681152344,40.81036376953125,3.0571965846418876,0.5780273675918579,0.6,step_0.6
23.999999999,33.987403869628906,40.810333251953125,3.066724519193638,0.5795865654945374,0.6,step_0.6
24.016666666,33.987327575683594,40.810306549072266,3.0762412159287242,0.5779314637184143,0.6,step_0.6
24.033333333,33.987213134765625,40.81028366088867,3.0857562177359448,0.5786042213439941,0.6,step_0.6
24.049999999,33.98715591430664,40.81024932861328,3.0952549847548463,0.5794861912727356,0.6,step_0.6
24.066666666,33.98706817626953,40.810211181640625,3.1048040583365784,0.5825368762016296,0.6,step_0.6
24.083333333,33.98701858520508,40.810184478759766,3.1143552562356294,0.5800109505653381,0.6,step_0.6
24.099999999,33.98693084716797,40.81013488769531,3.1239068189180155,0.5817974209785461,0.6,step_0.6
24.116666666,33.98687744140625,40.810123443603516,3.133465581629221,0.5803833603858948,0.6,step_0.6
24.133333333,33.986778259277344,40.81005096435547,-3.1401891705051796,0.5782902836799622,0.6,step_0.6
24.149999999,33.98666763305664,40.81001281738281,-3.1306574615237506,0.5805246233940125,0.6,step_0.6
24.166666666,33.98659896850586,40.809993743896484,-3.1211448626712244,0.5792689323425293,0.6,step_0.6
24.183333333,33.986480712890625,40.80992889404297,-3.111612576030836,0.5798373222351074,0.6,step_0.6
24.199999999,33.986366271972656,40.80991744995117,-3.1020682747608324,0.5795677900314331,0.6,step_0.6
24.216666666,33.986289978027344,40.80994415283203,-3.092546793690557,0.579821765422821,0.6,step_0.6
24.233333333,33.986263275146484,40.80990982055664,-3.0830031003062737,0.5808189511299133,0.6,step_0.6
24.249999999,33.9861946105957,40.80985641479492,-3.073434435596719,0.5828995704650879,0.6,step_0.6
24.266666666,33.986148834228516,40.80984115600586,-3.0638733912690923,0.5799574851989746,0.6,step_0.6
24.283333333,33.98607635498047,40.809810638427734,-3.0543197987152007,0.5813916921615601,0.6,step_0.6
24.299999999,33.98598098754883,40.80979537963867,-3.044778000532832,0.5804070234298706,0.6,step_0.6
24.316666666,33.98588562011719,40.80976104736328,-3.0352300299718658,0.580261766910553,0.6,step_0.6
24.333333333,33.98581314086914,40.809688568115234,-3.0256857709949103,0.5809141993522644,0.6,step_0.6
24.349999999,33.985721588134766,40.809635162353516,-3.0161178593164073,0.5816488265991211,0.6,step_0.6
24.366666666,33.98567199707031,40.80958557128906,-3.006581188569658,0.5792977213859558,0.6,step_0.6
24.383333333,33.98556900024414,40.80952835083008,-2.997041643562188,0.5795574188232422,0.6,step_0.6
24.399999999,33.985538482666016,40.809486389160156,-2.987516940515755,0.5795570015907288,0.6,step_0.6
24.416666666,33.9854736328125,40.809444427490234,-2.9779649823705796,0.5822902917861938,0.6,step_0.6
24.433333333,33.98539352416992,40.809383392333984,-2.9684010603845805,0.5830004811286926,0.6,step_0.6
24.449999999,33.985294342041016,40.80931091308594,-2.958819614661929,0.5822151899337769,0.6,step_0.6
24.466666666,33.985267639160156,40.80929946899414,-2.9492473143558007,0.5793977379798889,0.6,step_0.6
24.483333333,33.98517608642578,40.809295654296875,-2.939717966728181,0.5786580443382263,0.6,step_0.6
24.499999999,33.985076904296875,40.80923843383789,-2.9301916997209028,0.5797829627990723,0.6,step_0.6
24.516666666,33.984981536865234,40.8091926574707,-2.9206507085549656,0.5794382691383362,0.6,step_0.6
24.533333333,33.98490524291992,40.80916976928711,-2.9111426051562246,0.5787307024002075,0.6,step_0.6
24.549999999,33.98481750488281,40.80912780761719,-2.901609337333016,0.5809649229049683,0.6,step_0.6
24.566666666,33.98472595214844,40.80906295776367,-2.8920597072298704,0.5806114673614502,0.6,step_0.6
24.583333333,33.98469161987305,40.8089714050293,-2.8825141841601596,0.5797696709632874,0.6,step_0.6
24.599999999,33.984622955322266,40.80898666381836,-2.8729649659254672,0.5838171243667603,0.6,step_0.6
24.616666666,33.98451614379883,40.808921813964844,-2.863385386328659,0.5822193026542664,0.6,step_0.6
24.633333333,33.984439849853516,40.80888366699219,-2.8538217960494725,0.5806549787521362,0.6,step_0.6
24.649999999,33.98442077636719,40.808799743652344,-2.844264776225037,0.5819053053855896,0.6,step_0.6
24.666666666,33.984371185302734,40.808773040771484,-2.8346883170886126,0.5839690566062927,0.6,step_0.6
24.683333333,33.98427963256836,40.80869674682617,-2.825089501452757,0.5822453498840332,0.6,step_0.6
24.699999999,33.98417282104492,40.80864715576172,-2.8155216002607517,0.5816938877105713,0.6,step_0.6
24.716666666000002,33.98409652709961,40.808555603027344,-2.805981936958194,0.5808444619178772,0.6,step_0.6
24.733333333,33.98399353027344,40.808502197265625,-2.7964280501925383,0.5801657438278198,0.6,step_0.6
24.749999999,33.98390579223633,40.808448791503906,-2.786874582580744,0.5822997689247131,0.6,step_0.6
24.766666666,33.98379898071289,40.80837631225586,-2.777315003793175,0.5799397230148315,0.6,step_0.6
24.783333333,33.98368835449219,40.80830001831055,-2.767768380688652,0.5805270075798035,0.6,step_0.6
24.799999999,33.983707427978516,40.8082389831543,-2.758247318849239,0.5802502036094666,0.6,step_0.6
24.816666666,33.98368835449219,40.80819320678711,-2.748683242317467,0.5819322466850281,0.6,step_0.6
24.833333333,33.983673095703125,40.80816650390625,-2.739108800932349,0.581161618232727,0.6,step_0.6
24.849999999,33.98365783691406,40.80810546875,-2.729535788668806,0.5825488567352295,0.6,step_0.6
24.866666666,33.98360824584961,40.808109283447266,-2.719932594412879,0.5822789072990417,0.6,step_0.6
24.883333333,33.98356628417969,40.80807113647461,-2.7103591176278172,0.5824181437492371,0.6,step_0.6
24.899999999,33.983516693115234,40.807987213134766,-2.7008024753875652,0.5806620121002197,0.6,step_0.6
24.916666666,33.983428955078125,40.807960510253906,-2.6912494095894846,0.5825121402740479,0.6,step_0.6
24.933333333,33.983333587646484,40.80789566040039,-2.6816805814948843,0.580714762210846,0.6,step_0.6
24.949999999,33.98324966430664,40.80784606933594,-2.672125233075704,0.5807657837867737,0.6,step_0.6
24.966666666000002,33.98320770263672,40.80781936645508,-2.6625981660327405,0.5792206525802612,0.6,step_0.6
24.983333333,33.98324203491211,40.807743072509766,-2.6530643336104363,0.5795899629592896,0.6,step_0.6
24.999999999,33.98322677612305,40.807708740234375,-2.643509574311025,0.5822715759277344,0.6,step_0.6
25.016666666,33.98314666748047,40.807655334472656,-2.633939903925059,0.5818636417388916,0.6,step_0.6
25.033333333,33.98307418823242,40.807579040527344,-2.62437460330489,0.5812971591949463,0.6,step_0.6
25.049999999,33.98305130004883,40.80751037597656,-2.6148458129973324,0.579947829246521,0.6,step_0.6
25.066666666,33.98301696777344,40.807437896728516,-2.6053007140736337,0.5818920731544495,0.6,step_0.6
25.083333333,33.982975006103516,40.80741882324219,-2.5957461666351787,0.5800602436065674,0.6,step_0.6
25.099999999,33.98289489746094,40.80735397338867,-2.5862024665782806,0.5808787941932678,0.6,step_0.6
25.116666666,33.98279571533203,40.807289123535156,-2.5766681172950614,0.5794642567634583,0.6,step_0.6
25.133333333,33.98271179199219,40.807220458984375,-2.5671108289825044,0.58193439245224,0.6,step_0.6
25.149999999,33.98262405395508,40.807167053222656,-2.5575401768641997,0.5818614363670349,0.6,step_0.6
25.166666666,33.98255157470703,40.80709457397461,-2.5479827281168137,0.5815460085868835,0.6,step_0.6
25.183333333,33.98247528076172,40.80699920654297,-2.538429400419729,0.5805439949035645,0.6,step_0.6
25.199999999,33.98237609863281,40.80697250366211,-2.5288350201970515,0.5855239033699036,0.6,step_0.6
25.216666666,33.98237991333008,40.80691146850586,-2.519226936955717,0.5839085578918457,0.6,step_0.6
25.233333333,33.98236083984375,40.80685806274414,-2.5096298506723,0.5842990875244141,0.6,step_0.6
25.249999999,33.982357025146484,40.80682373046875,-2.5000553624897384,0.5817959904670715,0.6,step_0.6
25.266666666,33.98235321044922,40.80677795410156,-2.490480448632344,0.58417809009552,0.6,step_0.6
25.283333333,33.98233413696289,40.80671691894531,-2.4808911848299244,0.5828748345375061,0.6,step_0.6
25.299999999,33.98225402832031,40.8066291809082,-2.4713124208615627,0.5813824534416199,0.6,step_0.6
25.316666666,33.98219680786133,40.806602478027344,-2.461766413582169,0.5829509496688843,0.6,step_0.6
25.333333333,33.982215881347656,40.806522369384766,-2.452186610090663,0.5829831957817078,0.6,step_0.6
25.349999999,33.982173919677734,40.80649185180664,-2.44260665639717,0.5834990739822388,0.6,step_0.6
25.366666666,33.98216247558594,40.80641555786133,-2.433043803681298,0.5806049704551697,0.6,step_0.6
25.383333333,33.982154846191406,40.80634307861328,-2.4234922193796544,0.5821848511695862,0.6,step_0.6
25.399999999,33.98210906982422,40.80635452270508,-2.4139105288717855,0.5797566175460815,0.6,step_0.6
25.416666666,33.982051849365234,40.80631637573242,-2.4043678615307744,0.5809202790260315,0.6,step_0.6
25.433333333,33.98207092285156,40.80622482299805,-2.394818476316262,0.579991340637207,0.6,step_0.6
25.449999999,33.98202133178711,40.80617904663086,-2.385275373794325,0.5808874368667603,0.6,step_0.6
25.466666666,33.98193359375,40.806148529052734,-2.375726220590291,0.5813454985618591,0.6,step_0.6
25.483333333,33.98192596435547,40.80607986450195,-2.3661704239680916,0.5802528858184814,0.6,step_0.6
25.499999999,33.98189926147461,40.8060302734375,-2.356628159005562,0.580685019493103,0.6,step_0.6
25.516666666,33.98185348510742,40.80595397949219,-2.347085782622473,0.5802496075630188,0.6,step_0.6
25.533333333,33.98177719116211,40.805870056152344,-2.337541874729148,0.5801313519477844,0.6,step_0.6
25.549999999,33.98170852661133,40.8057746887207,-2.328009074734991,0.5795335173606873,0.6,step_0.6
25.566666666,33.98163604736328,40.8056755065918,-2.318483165521782,0.5790252089500427,0.6,step_0.6
25.583333333,33.98155975341797,40.805580139160156,-2.308950385932021,0.578568696975708,0.6,step_0.6
25.599999999,33.98147964477539,40.805564880371094,-2.2993785682446903,0.5844398140907288,0.6,step_0.6
25.616666666,33.9814453125,40.80557632446289,-2.2897692191938974,0.5833549499511719,0.6,step_0.6
25.633333333,33.98146057128906,40.805545806884766,-2.2801883995017715,0.5810405015945435,0.6,step_0.6
25.649999999,33.98151397705078,40.80546951293945,-2.270632857544346,0.5811179876327515,0.6,step_0.6
25.666666666,33.98147201538086,40.8054313659668,-2.2610765252000604,0.583419919013977,0.6,step_0.6
25.683333333,33.98143005371094,40.80533218383789,-2.2515095618340983,0.5817687511444092,0.6,step_0.6
25.699999999,33.981353759765625,40.80524444580078,-2.2419596180468697,0.5807227492332458,0.6,step_0.6
25.716666666000002,33.98128890991211,40.805137634277344,-2.2324247863539584,0.5813659429550171,0.6,step_0.6
25.733333333,33.98121643066406,40.80503463745117,-2.2228724846596686,0.582139253616333,0.6,step_0.6
25.749999999,33.981136322021484,40.804927825927734,-2.2133210048051377,0.5793110132217407,0.6,step_0.6
25.766666666,33.9810791015625,40.804832458496094,-2.203790568733929,0.5800014138221741,0.6,step_0.6
25.783333333,33.98102951049805,40.80472183227539,-2.1942500457013794,0.580726683139801,0.6,step_0.6
25.799999999,33.98098373413086,40.80462646484375,-2.1847248525232184,0.5795170068740845,0.6,step_0.6
25.816666666,33.98091125488281,40.80451965332031,-2.175189845468727,0.5815098285675049,0.6,step_0.6
25.833333333,33.98082733154297,40.804412841796875,-2.1656430277628713,0.5803426504135132,0.6,step_0.6
25.849999999,33.98075866699219,40.8043098449707,-2.1561074159088887,0.5795115828514099,0.6,step_0.6
25.866666666,33.9807014465332,40.80422592163086,-2.146591545248363,0.5781763792037964,0.6,step_0.6
25.883333333,33.98065185546875,40.80412673950195,-2.1370746838179002,0.5782269835472107,0.6,step_0.6
25.899999999,33.980587005615234,40.80405807495117,-2.127576538850227,0.5787239074707031,0.6,step_0.6
25.916666666,33.98052978515625,40.803977966308594,-2.1180574302547117,0.580615222454071,0.6,step_0.6
25.933333333,33.98048400878906,40.80387878417969,-2.108526075475564,0.5795140266418457,0.6,step_0.6
25.949999999,33.98042678833008,40.80377960205078,-2.0989967866634682,0.5808665752410889,0.6,step_0.6
25.966666666000002,33.980369567871094,40.80366516113281,-2.0894641548009716,0.5803836584091187,0.6,step_0.6
25.983333333,33.980289459228516,40.80354309082031,-2.0799340275604914,0.5796084403991699,0.6,step_0.6
25.999999999,33.98021697998047,40.80343246459961,-2.070414209337798,0.5789437294006348,0.6,step_0.6
26.016666666,33.98017120361328,40.80332946777344,-2.0608796762459862,0.5806675553321838,0.6,step_0.6
26.033333333,33.980106353759766,40.80321502685547,-2.0513380099914755,0.5798305869102478,0.6,step_0.6
26.049999999,33.98009490966797,40.80310821533203,-2.0418151839917,0.5789712071418762,0.6,step_0.6
26.066666666,33.98008346557617,40.80299758911133,-2.0322874515545943,0.5779687762260437,0.6,step_0.6
26.083333333,33.98004913330078,40.802947998046875,-2.0227410319159502,0.5818728804588318,0.6,step_0.6
26.099999999,33.980003356933594,40.80287551879883,-2.01316944283535,0.5822426080703735,0.6,step_0.6
26.116666666,33.97998046875,40.80277633666992,-2.003609432768755,0.5810802578926086,0.6,step_0.6
26.133333333,33.97993469238281,40.80265808105469,-1.9940664918775113,0.5795912742614746,0.6,step_0.6
26.149999999,33.97987365722656,40.802547454833984,-1.9845276888367793,0.5803035497665405,0.6,step_0.6
26.166666666,33.979793548583984,40.80244445800781,-1.9749935717834908,0.5788686871528625,0.6,step_0.6
26.183333333,33.97979736328125,40.802337646484375,-1.9654747674799857,0.5770909786224365,0.6,step_0.6
26.199999999,33.979740142822266,40.802242279052734,-1.9559791537041227,0.5780478715896606,0.6,step_0.6
26.216666666,33.97970962524414,40.80213928222656,-1.9464625887144993,0.5783246159553528,0.6,step_0.6
26.233333333,33.97967529296875,40.80204391479492,-1.9369612353233197,0.5766049027442932,0.6,step_0.6
26.249999999,33.979618072509766,40.801937103271484,-1.9274696601619419,0.5777372121810913,0.6,step_0.6
26.266666666,33.97958755493164,40.801815032958984,-1.9179721459763293,0.5764555931091309,0.6,step_0.6
26.283333333,33.979549407958984,40.801700592041016,-1.9084873109076361,0.5767687559127808,0.6,step_0.6
26.299999999,33.97950744628906,40.801570892333984,-1.8989947327817855,0.5760553479194641,0.6,step_0.6
26.316666666,33.979469299316406,40.80153274536133,-1.889427238805458,0.5865978002548218,0.6,step_0.6
26.333333333,33.979488372802734,40.80149459838867,-1.8797806496159506,0.5846421718597412,0.6,step_0.6
26.349999999,33.97945785522461,40.801414489746094,-1.8701813292879959,0.5839524865150452,0.6,step_0.6
26.366666666,33.97949981689453,40.80130386352539,-1.8605953401872055,0.5827038288116455,0.6,step_0.6
26.383333333,33.9794921875,40.80118942260742,-1.8510211643072734,0.5813733339309692,0.6,step_0.6
26.399999999,33.979515075683594,40.80111312866211,-1.8414903344594244,0.5802456736564636,0.6,step_0.6
26.416666666,33.97953414916992,40.80100631713867,-1.8319493087335423,0.5781940817832947,0.6,step_0.6
26.433333333,33.97952651977539,40.800933837890625,-1.8223719389215662,0.5827050805091858,0.6,step_0.6
26.449999999,33.9795036315918,40.80084991455078,-1.8127932979038275,0.5820791125297546,0.6,step_0.6
26.466666666,33.97951889038086,40.80073165893555,-1.8032305663661268,0.5809546113014221,0.6,step_0.6
26.483333333,33.97955322265625,40.80067443847656,-1.7936806354348862,0.5793392062187195,0.6,step_0.6
26.499999999,33.979530334472656,40.800575256347656,-1.7841450547905235,0.5797380208969116,0.6,step_0.6
26.516666666,33.97944641113281,40.80051803588867,-1.7745871651912355,0.5813113451004028,0.6,step_0.6
26.533333333,33.97941970825195,40.800453186035156,-1.7650256006920053,0.5807449817657471,0.6,step_0.6
26.549999999,33.979469299316406,40.800357818603516,-1.7554737429362364,0.5804365873336792,0.6,step_0.6
26.566666666,33.97945022583008,40.80025100708008,-1.745930510101608,0.5799263715744019,0.6,step_0.6
26.583333333,33.97943115234375,40.80015182495117,-1.7364134038762375,0.5781639218330383,0.6,step_0.6
26.599999999,33.9794807434082,40.800045013427734,-1.726898645283169,0.5778536796569824,0.6,step_0.6
26.616666666,33.97943878173828,40.79993438720703,-1.7173938793415255,0.5782831311225891,0.6,step_0.6
26.633333333,33.9793586730957,40.79983139038086,-1.7078866911712214,0.580215334892273,0.6,step_0.6
26.649999999,33.97939682006836,40.79972457885742,-1.6983390678952892,0.5814359784126282,0.6,step_0.6
26.666666666,33.97947311401367,40.79961013793945,-1.6887783544067494,0.5816555619239807,0.6,step_0.6
26.683333333,33.97947311401367,40.79949188232422,-1.6792197064561618,0.5817565321922302,0.6,step_0.6
26.699999999,33.979530334472656,40.799373626708984,-1.669680987438827,0.5793159008026123,0.6,step_0.6
26.716666666000002,33.979549407958984,40.79926300048828,-1.660154092891326,0.5786295533180237,0.6,step_0.6
26.733333333,33.979591369628906,40.79918670654297,-1.6506487890180659,0.5777931213378906,0.6,step_0.6
26.749999999,33.979610443115234,40.7990837097168,-1.6411320439564137,0.579135537147522,0.6,step_0.6
26.766666666,33.97965621948242,40.798988342285156,-1.6316284895902249,0.5810510516166687,0.6,step_0.6
26.783333333,33.97969436645508,40.79887008666992,-1.6220766227815917,0.5818710923194885,0.6,step_0.6
26.799999999,33.97970199584961,40.798797607421875,-1.6125336093241842,0.5775103569030762,0.6,step_0.6
26.816666666,33.97978210449219,40.79868698120117,-1.603031507730622,0.5776365399360657,0.6,step_0.6
26.833333333,33.979793548583984,40.798580169677734,-1.5935176377940583,0.5797054767608643,0.6,step_0.6
26.849999999,33.979820251464844,40.79849624633789,-1.584008780557639,0.5787866711616516,0.6,step_0.6
26.866666666,33.979896545410156,40.79840087890625,-1.5744686623902073,0.5808704495429993,0.6,step_0.6
26.883333333,33.97985076904297,40.798370361328125,-1.5649215545045343,0.5854440927505493,0.6,step_0.6
26.899999999,33.97990036010742,40.79841232299805,-1.5552529094541763,0.5859396457672119,0.6,step_0.6
26.916666666,33.97990417480469,40.79837417602539,-1.5455814548532971,0.5833218693733215,0.6,step_0.6
26.933333333,33.979942321777344,40.79831314086914,-1.5359883619303245,0.5850579142570496,0.6,step_0.6
26.949999999,33.979957580566406,40.79821014404297,-1.5263870493300677,0.5828812122344971,0.6,step_0.6
26.966666666000002,33.9799919128418,40.798095703125,-1.516813704762516,0.581421434879303,0.6,step_0.6
26.983333333,33.98005676269531,40.7979850769043,-1.507255610943586,0.5804381966590881,0.6,step_0.6
26.999999999,33.9801025390625,40.79788589477539,-1.497708778330277,0.5799643397331238,0.6,step_0.6
27.016666666,33.98012161254883,40.79783248901367,-1.4881827332786766,0.5792491436004639,0.6,step_0.6
27.033333333,33.98020553588867,40.79777908325195,-1.478641328794458,0.5797143578529358,0.6,step_0.6
27.049999999,33.98019790649414,40.79769515991211,-1.469095633604124,0.5812283754348755,0.6,step_0.6
27.066666666,33.980140686035156,40.79759979248047,-1.4595394028455058,0.5822147727012634,0.6,step_0.6
27.083333333,33.98015594482422,40.79755783081055,-1.4499626915621167,0.5826979279518127,0.6,step_0.6
27.099999999,33.980228424072266,40.79756164550781,-1.4403866333023252,0.582762598991394,0.6,step_0.6
27.116666666,33.980255126953125,40.797523498535156,-1.4308011916491756,0.5847508311271667,0.6,step_0.6
27.133333333,33.980323791503906,40.79746627807617,-1.4212237391154898,0.5823105573654175,0.6,step_0.6
27.149999999,33.98033142089844,40.79738235473633,-1.4116483277829768,0.5836083889007568,0.6,step_0.6
27.166666666,33.98040008544922,40.797325134277344,-1.4020901428165042,0.5805941224098206,0.6,step_0.6
27.183333333,33.98044204711914,40.79726028442383,-1.392527308264073,0.582628071308136,0.6,step_0.6
27.199999999,33.98049545288086,40.797218322753906,-1.3829813359514223,0.5804488658905029,0.6,step_0.6
27.216666666,33.98051071166992,40.7971305847168,-1.373423645443391,0.5830184817314148,0.6,step_0.6
27.233333333,33.9805793762207,40.797019958496094,-1.3638522171342982,0.581659734249115,0.6,step_0.6
27.249999999,33.98064422607422,40.796913146972656,-1.3542949584225237,0.5803565382957458,0.6,step_0.6
27.266666666,33.98066711425781,40.796897888183594,-1.3447644730498627,0.5798702836036682,0.6,step_0.6
27.283333333,33.98068618774414,40.79688262939453,-1.3352064299913586,0.5825958251953125,0.6,step_0.6
27.299999999,33.98073959350586,40.796791076660156,-1.3256182920517037,0.5837780833244324,0.6,step_0.6
27.316666666,33.9808235168457,40.79670715332031,-1.3160320419846312,0.583349883556366,0.6,step_0.6
27.333333333,33.9808464050293,40.79661560058594,-1.3064466018492282,0.5840959548950195,0.6,step_0.6
27.349999999,33.98090744018555,40.79652404785156,-1.2968534874619684,0.5818167924880981,0.6,step_0.6
27.366666666,33.980987548828125,40.796443939208984,-1.2872877854678377,0.5809515118598938,0.6,step_0.6
27.383333333,33.981056213378906,40.796348571777344,-1.2777244511006765,0.5820658206939697,0.6,step_0.6
27.399999999,33.98109436035156,40.796348571777344,-1.268192194058181,0.5805712342262268,0.6,step_0.6
27.416666666,33.981143951416016,40.796329498291016,-1.258629081517983,0.5822715163230896,0.6,step_0.6
27.433333333,33.98114013671875,40.79629135131836,-1.24904730259534,0.5808051228523254,0.6,step_0.6
27.449999999,33.981201171875,40.79631042480469,-1.2394924452829135,0.5804780125617981,0.6,step_0.6
27.466666666,33.981258392333984,40.79630661010742,-1.2299208803938826,0.5836105346679688,0.6,step_0.6
27.483333333,33.98125457763672,40.79629135131836,-1.2203066901659476,0.5839959383010864,0.6,step_0.6
27.499999999,33.98129653930664,40.79624557495117,-1.210725362043366,0.5813383460044861,0.6,step_0.6
27.516666666,33.98139190673828,40.796234130859375,-1.20116697240632,0.5816141366958618,0.6,step_0.6
27.533333333,33.98139953613281,40.796180725097656,-1.1915981884931717,0.5832476019859314,0.6,step_0.6
27.549999999,33.9814567565918,40.796104431152344,-1.1820064447896685,0.5834494233131409,0.6,step_0.6
27.566666666,33.98151779174805,40.79600524902344,-1.1724233767279175,0.5807648301124573,0.6,step_0.6
27.583333333,33.9815673828125,40.795982360839844,-1.1629049865932426,0.578917920589447,0.6,step_0.6
27.599999999,33.98162078857422,40.79595947265625,-1.1533650329577274,0.5816056728363037,0.6,step_0.6
27.616666666,33.98164367675781,40.79592514038086,-1.143802735462222,0.5809212327003479,0.6,step_0.6
27.633333333,33.981689453125,40.79590606689453,-1.134236797619139,0.582838237285614,0.6,step_0.6
27.649999999,33.98173141479492,40.79585266113281,-1.124660126132262,0.5837612152099609,0.6,step_0.6
27.666666666,33.9818115234375,40.79575729370117,-1.1150685304353694,0.5827699303627014,0.6,step_0.6
27.683333333,33.98188018798828,40.79576110839844,-1.1055396805735653,0.5803819298744202,0.6,step_0.6
27.699999999,33.981910705566406,40.79571533203125,-1.0959824497202073,0.5835949778556824,0.6,step_0.6
27.716666666000002,33.98198699951172,40.795631408691406,-1.0863970821099302,0.5838785767555237,0.6,step_0.6
27.733333333,33.982051849365234,40.7955436706543,-1.0768079887121202,0.5841113328933716,0.6,step_0.6
27.749999999,33.98212814331055,40.795448303222656,-1.0672301987147572,0.5809874534606934,0.6,step_0.6
27.766666666,33.982181549072266,40.79534912109375,-1.057677410592024,0.5809332728385925,0.6,step_0.6
27.783333333,33.982261657714844,40.79527282714844,-1.0481232912050291,0.5803494453430176,0.6,step_0.6
27.799999999,33.98227310180664,40.79521560668945,-1.0385847168956999,0.5821783542633057,0.6,step_0.6
27.816666666,33.98234176635742,40.79521560668945,-1.0290146358925418,0.5813754200935364,0.6,step_0.6
27.833333333,33.98237609863281,40.79518508911133,-1.0194446681964797,0.5833924412727356,0.6,step_0.6
27.849999999,33.982460021972656,40.79511642456055,-1.0098653675722729,0.5831360816955566,0.0,step_0.6_rest
27.866666666,33.9825325012207,40.79502487182617,-1.0002869197621005,0.5821672677993774,0.0,step_0.6_rest
27.883333333,33.982608795166016,40.79494094848633,-0.990724724200604,0.5810109972953796,0.0,step_0.6_rest
27.899999999,33.98261260986328,40.79484939575195,-0.9811338143392104,0.5855735540390015,0.0,step_0.6_rest
27.916666666,33.98263931274414,40.79487228393555,-0.9715229266365157,0.5826627016067505,0.0,step_0.6_rest
27.933333333,33.98270034790039,40.79493713378906,-0.9619460472445802,0.581325888633728,0.0,step_0.6_rest
27.949999999,33.98273468017578,40.794944763183594,-0.9523737988593446,0.5837514996528625,0.0,step_0.6_rest
27.966666666000002,33.9827766418457,40.79494094848633,-0.9427875897787037,0.5823503136634827,0.0,step_0.6_rest
27.983333333,33.982826232910156,40.7949333190918,-0.9332098877127195,0.5839570164680481,0.0,step_0.6_rest
27.999999999,33.98287582397461,40.79490661621094,-0.923622951017599,0.5817772150039673,0.0,step_0.6_rest
28.016666666,33.982948303222656,40.794830322265625,-0.9140508567328947,0.5825625658035278,0.0,step_0.6_rest
28.033333333,33.983055114746094,40.794822692871094,-0.9060193515313393,0.4645019769668579,0.0,step_0.6_rest
28.049999999,33.983150482177734,40.794795989990234,-0.9002525004927817,0.32716792821884155,0.0,step_0.6_rest
28.066666666,33.98324966430664,40.79474639892578,-0.8966125022398889,0.1888064593076706,0.0,step_0.6_rest
28.083333333,33.983299255371094,40.794715881347656,-0.8947565373413046,0.05236777663230896,0.0,step_0.6_rest
28.099999999,33.983341217041016,40.794708251953125,-0.8943836837034067,0.011724728159606457,0.0,step_0.6_rest
28.116666666,33.98332214355469,40.79469299316406,-0.8944145642245902,0.007944351062178612,0.0,step_0.6_rest
28.133333333,33.9833984375,40.79477310180664,-0.8942642322202369,0.0045792702585458755,0.0,step_0.6_rest
28.149999999,33.98340606689453,40.79478454589844,-0.8942425214764379,6.998558092163876e-05,0.0,step_0.6_rest
28.166666666,33.983314514160156,40.794700622558594,-0.8943825991951941,-0.005581665318459272,0.0,step_0.6_rest
28.183333333,33.983421325683594,40.79480743408203,-0.8942713571625331,-0.006099385675042868,0.0,step_0.6_rest
28.199999999,33.98335266113281,40.794742584228516,-0.8943737365500801,-0.0024271069560199976,0.0,step_0.6_rest
28.216666666,33.98341369628906,40.79479217529297,-0.8942728630968038,0.0012912149541079998,0.0,step_0.6_rest
28.233333333,33.98337173461914,40.79475402832031,-0.8943450367882728,0.00406351312994957,0.0,step_0.6_rest
28.249999999,33.98347854614258,40.79484558105469,-0.8941840876196819,0.006262310314923525,0.0,step_0.6_rest
28.266666666,33.98345184326172,40.79482650756836,-0.8942245664743194,-0.006879487540572882,0.0,step_0.6_rest
28.283333333,33.98344039916992,40.79480743408203,-0.8942525419833511,-0.0027630471158772707,0.0,step_0.6_rest
28.299999999,33.98349380493164,40.79487991333008,-0.8941478927890218,-0.0015070089139044285,0.0,step_0.6_rest
28.316666666,33.98344039916992,40.794830322265625,-0.8942389109997639,-0.0020206477493047714,0.0,step_0.6_rest
28.333333333,33.98341751098633,40.7948112487793,-0.8942751265677076,-0.0035322080366313457,0.0,step_0.6_rest
28.349999999,33.98347473144531,40.79486083984375,-0.894188139617551,-0.0014476925134658813,0.0,step_0.6_rest
28.366666666,33.98347854614258,40.79486846923828,-0.8941796987561967,-0.005805556196719408,0.0,step_0.6_rest
28.383333333,33.983394622802734,40.794803619384766,-0.8943151215300529,-0.008707123808562756,0.0,step_0.6_rest
28.399999999,33.98349380493164,40.794883728027344,-0.8942248674785652,-0.005987678188830614,0.0,step_0.6_rest
28.416666666,33.98350524902344,40.79490661621094,-0.8941944554861241,-0.004270079545676708,0.0,step_0.6_rest
28.433333333,33.98344421386719,40.794837951660156,-0.8943198474105133,0.0012150161201134324,0.0,step_0.6_rest
28.449999999,33.98344802856445,40.79484176635742,-0.8943120374101386,-0.00035029457649216056,0.0,step_0.6_rest
28.466666666,33.983360290527344,40.79476547241211,-0.8944410775994069,-0.0077264136634767056,0.0,step_0.6_rest
28.483333333,33.983463287353516,40.79486846923828,-0.8943374930013082,-0.006800822913646698,0.0,step_0.6_rest
28.499999999,33.9833869934082,40.794776916503906,-0.8944381412297668,-0.003946810960769653,0.0,step_0.6_rest
28.516666666,33.98337936401367,40.794769287109375,-0.8944541081828964,-0.00409656809642911,0.0,step_0.6_rest
28.533333333,33.98336410522461,40.79475402832031,-0.894486706598133,-0.00040743607678450644,0.0,step_0.6_rest
28.549999999,33.98334503173828,40.79473114013672,-0.8945227996329215,0.008529170416295528,0.0,step_0.6_rest
28.566666666,33.98341369628906,40.7947998046875,-0.8943894713030317,0.00875077210366726,0.0,step_0.6_rest
28.583333333,33.98334503173828,40.79475402832031,-0.894459971191382,-0.0030601765029132366,0.0,step_0.6_rest
28.599999999,33.98332977294922,40.79474639892578,-0.8944874550906987,0.009395559318363667,0.0,step_0.6_rest
28.616666666,33.983394622802734,40.79478454589844,-0.8943781674346856,0.009613245725631714,0.0,step_0.6_rest
28.633333333,33.98337936401367,40.794761657714844,-0.8944182064313867,0.013485644944012165,0.0,step_0.6_rest
28.649999999,33.983375549316406,40.79476547241211,-0.8944015328822617,-0.006371349561959505,0.0,step_0.6_rest
28.666666666,33.98343276977539,40.794822692871094,-0.894316269888739,0.004971516318619251,0.0,step_0.6_rest
28.683333333,33.98337936401367,40.79477310180664,-0.8944043080968925,0.005270298570394516,0.0,step_0.6_rest
28.699999999,33.983367919921875,40.794769287109375,-0.8944199322224016,-0.0024555325508117676,0.0,step_0.6_rest
28.716666666000002,33.9834098815918,40.7948112487793,-0.8943353512372305,-0.0015371897025033832,0.0,step_0.6_rest
28.733333333,33.98334884643555,40.79474639892578,-0.8944382572393299,-0.009482840076088905,0.0,step_0.6_rest
28.749999999,33.98337936401367,40.79477310180664,-0.8943923241126414,0.0005062347045168281,0.0,step_0.6_rest
28.766666666,33.983341217041016,40.79475021362305,-0.8944490030249335,-0.005790057126432657,0.0,step_0.6_rest
28.783333333,33.98339080810547,40.79478073120117,-0.8943826724580557,0.006142308935523033,0.0,step_0.6_rest
28.799999999,33.983299255371094,40.79469680786133,-0.894491391673911,-0.004991207271814346,0.0,step_0.6_rest
28.816666666,33.98340606689453,40.794803619384766,-0.8943683568496829,-0.005725700408220291,0.0,step_0.6_rest
28.833333333,33.98331832885742,40.79472732543945,-0.8944781084725556,-0.0033274551387876272,0.0,step_0.6_rest
28.849999999,33.98337173461914,40.794769287109375,-0.894389880268225,-0.008618137799203396,0.0,step_0.6_rest
28.866666666,33.983367919921875,40.794761657714844,-0.8943937872626373,-0.004602245055139065,0.0,step_0.6_rest
28.883333333,33.983436584472656,40.79481887817383,-0.8943027555756856,0.006999891251325607,0.0,step_0.6_rest
28.899999999,33.983367919921875,40.79476547241211,-0.8943907173982029,0.0033360591623932123,0.0,step_0.6_rest
28.916666666,33.9833869934082,40.79478454589844,-0.8943507160969844,0.000768880476243794,0.0,step_0.6_rest
28.933333333,33.9832878112793,40.79470443725586,-0.8944860322769677,-0.0064628166146576405,0.0,step_0.6_rest
28.949999999,33.98340606689453,40.7947998046875,-0.8943730101560113,-0.004579682368785143,0.0,step_0.6_rest
28.966666666000002,33.98338317871094,40.794776916503906,-0.8944085868279683,0.0008913723286241293,0.0,step_0.6_rest
28.983333333,33.98347091674805,40.79484176635742,-0.8942845461961519,0.006988384760916233,0.0,step_0.6_rest
28.999999999,33.983367919921875,40.79475021362305,-0.8943893014604059,0.005707164295017719,0.0,step_0.6_rest
29.016666666,33.983360290527344,40.794742584228516,-0.8943976184872214,-0.005593182984739542,0.0,step_0.6_rest
29.033333333,33.98335266113281,40.79473114013672,-0.8944212474213892,-0.003674173727631569,0.0,step_0.6_rest
29.049999999,33.983341217041016,40.79472351074219,-0.8944406666720689,-0.00018201308557763696,0.0,step_0.6_rest
29.066666666,33.98337936401367,40.794761657714844,-0.8943676519932363,-0.007973759435117245,0.0,step_0.6_rest
29.083333333,33.98335266113281,40.794742584228516,-0.8944169945850496,-0.016239047050476074,0.0,step_0.6_rest
29.099999999,33.983375549316406,40.794761657714844,-0.8943903022759083,0.0002139790158253163,0.0,step_0.6_rest
29.116666666,33.98332977294922,40.79471206665039,-0.8944867475180003,-0.0022466976661235094,0.0,step_0.6_rest
29.133333333,33.98332595825195,40.794708251953125,-0.8944949368434164,-0.000197252506040968,0.0,step_0.6_rest
29.149999999,33.9833984375,40.794769287109375,-0.8943720421540732,0.005190636496990919,0.0,step_0.6_rest
29.166666666,33.98329544067383,40.79468536376953,-0.8944826635971618,0.0034387833438813686,0.0,step_0.6_rest
29.183333333,33.98334503173828,40.79472732543945,-0.8943987449510863,-0.0005503337015397847,0.0,step_0.6_rest
29.199999999,33.98330307006836,40.79468536376953,-0.8944893702473187,0.005302116274833679,0.0,step_0.6_rest
29.216666666,33.98328399658203,40.79467010498047,-0.8945095792227389,-0.00025920732878148556,0.0,step_0.6_rest
29.233333333,33.98332977294922,40.79472732543945,-0.8944136248230441,-0.003753536380827427,0.0,step_0.6_rest
29.249999999,33.983314514160156,40.79470443725586,-0.8944474150094557,0.0010029248660430312,0.0,step_0.6_rest
29.266666666,33.98334884643555,40.79473114013672,-0.8943744420092906,-0.007111048325896263,0.0,step_0.6_rest
29.283333333,33.98338317871094,40.79475021362305,-0.8943335096065812,0.006700473837554455,0.0,step_0.6_rest
29.299999999,33.98332977294922,40.794700622558594,-0.8944129885561564,0.0008048550807870924,0.0,step_0.6_rest
29.316666666,33.98334884643555,40.79472351074219,-0.8943764410484107,0.00181684794370085,0.0,step_0.6_rest
29.333333333,33.983272552490234,40.7946662902832,-0.8944951172847985,-0.006185596343129873,0.0,step_0.6_rest
29.349999999,33.983367919921875,40.79472732543945,-0.8943934426880888,-0.0033177840523421764,0.0,step_0.6_rest
29.366666666,33.98335647583008,40.794715881347656,-0.8944144370333696,-0.007101835682988167,0.0,step_0.6_rest
29.383333333,33.98332977294922,40.794700622558594,-0.8944584982055347,0.0028210701420903206,0.0,step_0.6_rest
29.399999999,33.98331069946289,40.794681549072266,-0.8944962014479444,-0.008066002279520035,0.0,step_0.6_rest
29.416666666,33.983367919921875,40.794734954833984,-0.8944213912948475,-0.0013158898800611496,0.0,step_0.6_rest
29.433333333,33.9832763671875,40.79465103149414,-0.8945406413652951,-0.003520588856190443,0.0,step_0.6_rest
29.449999999,33.98331832885742,40.79468536376953,-0.8944710766123165,-0.002708860905840993,0.0,step_0.6_rest
29.466666666,33.98331069946289,40.79468536376953,-0.8944870341323332,-0.0001655792584642768,0.0,step_0.6_rest
29.483333333,33.9833984375,40.79474639892578,-0.8943663785472922,0.00581430783495307,0.0,step_0.6_rest
29.499999999,33.98328399658203,40.794654846191406,-0.8944776312881324,0.005461984314024448,0.0,step_0.6_rest
29.516666666,33.983341217041016,40.79471206665039,-0.8943892083874603,0.002905456814914942,0.0,step_0.6_rest
29.533333333,33.983306884765625,40.794681549072266,-0.8944643929499041,0.010987830348312855,0.0,step_0.6_rest
29.549999999,33.983333587646484,40.79470443725586,-0.8944053549441001,0.0003466591879259795,0.0,step_0.6_rest
29.566666666,33.98334503173828,40.794715881347656,-0.8943784213872082,0.002185545861721039,0.0,step_0.6_rest
29.583333333,33.98328399658203,40.79467010498047,-0.8944728865950409,-0.00401126267388463,0.0,step_0.6_rest
29.599999999,33.983314514160156,40.7946891784668,-0.8944233856722033,0.001879208255559206,0.0,step_0.6_rest
29.616666666,33.98323440551758,40.79463195800781,-0.8945440933392077,-0.005203903187066317,0.0,step_0.6_rest
29.633333333,33.98332214355469,40.794700622558594,-0.8944341955749848,-0.003593068802729249,0.0,step_0.6_rest
29.649999999,33.983245849609375,40.79463577270508,-0.8945351882176305,-0.004770240746438503,0.0,step_0.6_rest
29.666666666,33.98323440551758,40.79463195800781,-0.8945466507642272,-0.005714245606213808,0.0,step_0.6_rest
29.683333333,33.98324203491211,40.794639587402344,-0.8945242630267138,0.006111666560173035,0.0,step_0.6_rest
29.699999999,33.98322677612305,40.79462432861328,-0.894557198863852,0.0174073688685894,0.0,step_0.6_rest
29.716666666000002,33.983192443847656,40.79458999633789,-0.894561177521947,-0.002352555049583316,0.0,step_0.6_rest
29.733333333,33.983253479003906,40.794654846191406,-0.8944593593316403,0.003885990474373102,0.0,step_0.6_rest
29.749999999,33.983158111572266,40.79457092285156,-0.8945693707790175,-0.002023496199399233,0.0,step_0.6_rest
29.766666666,33.983253479003906,40.79464340209961,-0.8944440326411051,-0.0025593957398086786,0.0,step_0.6_rest
29.783333333,33.98323440551758,40.79462432861328,-0.894482276661241,0.0027015432715415955,0.0,step_0.6_rest
29.799999999,33.983299255371094,40.794677734375,-0.8943747798456654,0.007859653793275356,0.0,step_0.6_rest
29.816666666,33.983219146728516,40.794620513916016,-0.8944639852648866,0.004559220280498266,0.0,step_0.6_rest
29.833333333,33.98323440551758,40.79462814331055,-0.8944377308187457,-0.00255875987932086,0.0,step_0.6_rest
29.849999999,33.98322677612305,40.79462432861328,-0.894447424637861,-0.00010076857870444655,0.0,step_0.6_rest
29.866666666,33.98330307006836,40.79468536376953,-0.8943255201062031,0.005357606802135706,0.0,step_0.6_rest
29.883333333,33.98320770263672,40.794612884521484,-0.8944372458512136,0.0024993366096168756,0.0,step_0.6_rest
29.899999999,33.98326873779297,40.79466247558594,-0.8943521394316807,0.0031671489123255014,0.0,step_0.6_rest
29.916666666,33.9832763671875,40.79467010498047,-0.894338065468343,0.0020192593801766634,0.0,step_0.6_rest
29.933333333,33.9832763671875,40.794673919677734,-0.894326900217862,0.0001103893227991648,0.0,step_0.6_rest
29.949999999,33.983211517333984,40.79461669921875,-0.894429510011624,-0.007933337241411209,0.0,step_0.6_rest
29.966666666000002,33.983306884765625,40.794681549072266,-0.8943426991784937,-0.005041517782956362,0.0,step_0.6_rest
29.983333333,33.98326110839844,40.794639587402344,-0.8944192914315348,0.003796338802203536,0.0,step_0.6_rest
29.999999999,33.98336410522461,40.79472732543945,-0.894260656853562,0.0054665133357048035,0.0,step_0.6_rest
30.016666666,33.98335266113281,40.79471969604492,-0.8942791047610954,-0.00016313290689140558,0.0,step_0.6_rest
30.033333333,33.98341751098633,40.794776916503906,-0.8941673760516629,0.001825467450544238,0.0,step_0.6_rest
30.049999999,33.983360290527344,40.79472732543945,-0.8942652907694116,0.00607683788985014,0.0,step_0.6_rest
30.066666666,33.983306884765625,40.7946891784668,-0.8943371214197636,-0.0022150808945298195,0.0,step_0.6_rest
30.083333333,33.98332214355469,40.79469299316406,-0.8943110592443645,7.4890299401886296e-06,0.0,step_0.6_rest
30.099999999,33.98332214355469,40.79469299316406,-0.8943096605738191,4.653929136111401e-05,0.0,step_0.6_rest
30.116666666,33.98332214355469,40.79469299316406,-0.8943091019424605,1.4927565644029528e-05,0.0,step_0.6_rest
30.133333333,33.98332214355469,40.79469299316406,-0.8943083220843143,-2.004945963562932e-05,0.0,step_0.6_rest
30.149999999,33.98332214355469,40.79469299316406,-0.8943097018986652,8.441961836069822e-05,0.0,step_0.6_rest
30.166666666,33.98332214355469,40.79469299316406,-0.8943098173662706,4.169032763456926e-05,0.0,step_0.6_rest
30.183333333,33.98332214355469,40.79469299316406,-0.8943095543967284,-1.871980020951014e-05,0.0,step_0.6_rest
30.199999999,33.98332214355469,40.79469299316406,-0.8943091019696157,-7.230158371385187e-05,0.0,step_0.6_rest
30.216666666,33.98332214355469,40.79469299316406,-0.8943087650850196,-8.55109374242602e-06,0.0,step_0.6_rest
30.233333333,33.98332214355469,40.79469299316406,-0.8943080910926403,-6.577819294761866e-05,0.0,step_0.6_rest
30.249999999,33.98332214355469,40.79469299316406,-0.8943077542485193,-1.2424340638972353e-05,0.0,step_0.6_rest
30.266666666,33.98332214355469,40.79469299316406,-0.894307449643096,-0.0001240733836311847,0.0,step_0.6_rest
30.283333333,33.98332214355469,40.79469299316406,-0.8943072695210259,-2.512134778953623e-05,0.0,step_0.6_rest
30.299999999,33.98332214355469,40.79469299316406,-0.8943068495835079,-2.9484217520803213e-05,0.0,step_0.6_rest
30.316666666,33.98332214355469,40.79469299316406,-0.8943063233983496,-7.027637911960483e-05,0.0,step_0.6_rest
30.333333333,33.98332214355469,40.7946891784668,-0.8943130486435606,-4.328762224758975e-05,0.0,step_0.6_rest
30.349999999,33.983360290527344,40.79471969604492,-0.8942434586248884,0.006481525953859091,0.0,step_0.6_rest
30.366666666,33.983306884765625,40.794677734375,-0.8943166496776702,-0.003551123896613717,0.0,step_0.6_rest
30.383333333,33.98332214355469,40.79469299316406,-0.8942898402091239,-0.002001960529014468,0.0,step_0.6_rest
30.399999999,33.98331069946289,40.79468536376953,-0.8943039971257676,-0.00023242997121997178,0.0,step_0.6_rest
30.416666666,33.9833869934082,40.79475402832031,-0.8941738376950591,0.005037964787334204,0.0,step_0.6_rest
30.433333333,33.98329544067383,40.794681549072266,-0.8942826723939157,0.003935046959668398,0.0,step_0.6_rest
30.449999999,33.983360290527344,40.79473114013672,-0.8941978014892001,0.0030305723194032907,0.0,step_0.6_rest
30.466666666,33.98336410522461,40.794734954833984,-0.8941868998628772,0.0032906581182032824,0.0,step_0.6_rest
30.483333333,33.983375549316406,40.794734954833984,-0.8941690699945689,0.0001688125339569524,0.0,step_0.6_rest
30.499999999,33.98328399658203,40.7946662902832,-0.8942987448876666,-0.00501436460763216,0.0,step_0.6_rest
30.516666666,33.9833984375,40.794769287109375,-0.8941840027762297,-0.006691861432045698,0.0,step_0.6_rest
30.533333333,33.98334884643555,40.79471206665039,-0.8942640763359716,-0.0008589108474552631,0.0,step_0.6_rest
30.549999999,33.983421325683594,40.7947883605957,-0.8941436767798192,0.003119975095614791,0.0,step_0.6_rest
30.566666666,33.98332214355469,40.794700622558594,-0.8942882622717093,-0.004421926103532314,0.0,step_0.6_rest
30.583333333,33.983306884765625,40.7946891784668,-0.8943161964489361,-0.00032928871223703027,0.0,step_0.6_rest
30.599999999,33.98332595825195,40.794700622558594,-0.8942841262545621,-0.016743235290050507,0.0,step_0.6_rest
30.616666666,33.983375549316406,40.79475784301758,-0.8942875878350424,0.00011731883569154888,0.0,step_0.6_rest
30.633333333,33.98331069946289,40.794700622558594,-0.8943960456309578,0.006307398900389671,0.0,step_0.6_rest
30.649999999,33.98334503173828,40.79471969604492,-0.8943496316388547,0.005212290212512016,0.0,step_0.6_rest
30.666666666,33.983360290527344,40.79472732543945,-0.8943309215459061,0.006606432609260082,0.0,step_0.6_rest
30.683333333,33.983299255371094,40.79467010498047,-0.8944109129140618,-0.005063104908913374,0.0,step_0.6_rest
30.699999999,33.98336410522461,40.79471969604492,-0.8943172968657188,-0.004888269118964672,0.0,step_0.6_rest
30.716666666000002,33.9833984375,40.79475021362305,-0.8942602555975266,0.004053229931741953,0.0,step_0.6_rest
30.733333333,33.9834098815918,40.79475021362305,-0.8942543096149103,-0.0005402841488830745,0.0,step_0.6_rest
30.749999999,33.9834098815918,40.79475021362305,-0.8942512356604111,5.003498154110275e-05,0.0,step_0.6_rest
30.766666666,33.9834098815918,40.79475021362305,-0.8942507512405569,1.0935434147540946e-05,0.0,step_0.6_rest
30.783333333,33.9834098815918,40.79475021362305,-0.8942504787318905,-5.50259901501704e-05,0.0,step_0.6_rest
30.799999999,33.9834098815918,40.79475021362305,-0.8942478152647959,-5.379171125241555e-05,0.0,step_0.6_rest
30.816666666,33.98339080810547,40.79473114013672,-0.8942914927974617,-0.005444665439426899,0.0,step_0.6_rest
30.833333333,33.983375549316406,40.79471969604492,-0.8943231949966756,0.007985243573784828,0.0,step_0.6_rest
30.849999999,33.983421325683594,40.79476547241211,-0.8942344901347611,0.011583967134356499,0.0,step_0.6_rest
30.866666666,33.98345184326172,40.7947883605957,-0.8941925068259511,0.004950202070176601,0.0,step_0.6_rest
30.883333333,33.98339080810547,40.79474639892578,-0.8942801188115638,0.0016288930783048272,0.0,step_0.6_rest
30.899999999,33.98338317871094,40.794742584228516,-0.8942995243149874,-0.002520720474421978,0.0,step_0.6_rest
30.916666666,33.98339080810547,40.79475402832031,-0.8942835979626349,-0.0050664800219237804,0.0,step_0.6_rest
30.933333333,33.98337936401367,40.79474639892578,-0.8943041032115715,-0.0005860183155164123,0.0,step_0.6_rest
30.949999999,33.9834098815918,40.794776916503906,-0.8942344480408441,-0.008060283958911896,0.0,step_0.6_rest
30.966666666000002,33.98345184326172,40.79480743408203,-0.8941888239139147,0.006264894735068083,0.0,step_0.6_rest
30.983333333,33.9833869934082,40.79475784301758,-0.8942754596524327,0.005022043827921152,0.0,step_0.6_rest
30.999999999,33.98341369628906,40.79477310180664,-0.8942333231904296,0.00395745225250721,0.0,step_0.6_rest
31.016666666,33.983421325683594,40.79477310180664,-0.8942274169065927,-0.014455252327024937,0.0,step_0.6_rest
31.033333333,33.98347473144531,40.794822692871094,-0.8942047706301162,0.004453638102859259,0.0,step_0.6_rest
31.049999999,33.98335647583008,40.79471969604492,-0.894341864357379,0.004448120482265949,0.0,step_0.6_rest
31.066666666,33.98341751098633,40.79478454589844,-0.8942481958762378,0.003333467058837414,0.0,step_0.6_rest
31.083333333,33.98340606689453,40.79477310180664,-0.8942720751633595,0.006826510187238455,0.0,step_0.6_rest
31.099999999,33.983436584472656,40.794795989990234,-0.8942219450299077,0.0006982613122090697,0.0,step_0.6_rest
31.116666666,33.983421325683594,40.79478073120117,-0.8942441722875341,-0.017037512734532356,0.0,step_0.6_rest
31.133333333,33.983421325683594,40.79478073120117,-0.8942461951459713,-0.005718099419027567,0.0,step_0.6_rest
31.149999999,33.983360290527344,40.79471969604492,-0.894379515455339,-0.004091842565685511,0.0,step_0.6_rest
31.166666666,33.98341369628906,40.79476547241211,-0.8943029067986091,-0.002567104296758771,0.0,step_0.6_rest
31.183333333,33.983402252197266,40.79475784301758,-0.8943271718430718,-0.002800367074087262,0.0,step_0.6_rest
31.199999999,33.98347473144531,40.79481506347656,-0.894228324150768,0.008152480237185955,0.0,step_0.6_rest
31.216666666,33.983375549316406,40.79475021362305,-0.8943254562731959,0.004862516652792692,0.0,step_0.6_rest
31.233333333,33.98340606689453,40.794769287109375,-0.8942721907171373,0.001662649679929018,0.0,step_0.6_rest
31.249999999,33.983436584472656,40.7947883605957,-0.8942288917022722,0.004423642996698618,0.0,step_0.6_rest
31.266666666,33.98344039916992,40.79478454589844,-0.8942271553468906,-0.004683934152126312,0.0,step_0.6_rest
31.283333333,33.98344421386719,40.7947998046875,-0.8942070319949215,-0.002489316975697875,0.0,step_0.6_rest
31.299999999,33.983421325683594,40.79478073120117,-0.8942491298669754,-0.005919213872402906,0.0,step_0.6_rest
31.316666666,33.9833984375,40.79475784301758,-0.8943023036114901,0.008562743663787842,0.0,step_0.6_rest
31.333333333,33.98345947265625,40.79481506347656,-0.8941874258437682,0.0017759839538484812,0.0,step_0.6_rest
31.349999999,33.9833984375,40.79475784301758,-0.8942897714983776,0.013391868211328983,0.0,step_0.6_rest
31.366666666,33.983402252197266,40.79475402832031,-0.8942892824255737,0.004979060962796211,0.0,step_0.6_rest
31.383333333,33.983436584472656,40.794795989990234,-0.8942132631016134,-0.009380142204463482,0.0,step_0.6_rest
31.399999999,33.983402252197266,40.794761657714844,-0.8942785029168998,-0.01706857606768608,0.0,step_0.6_rest
31.416666666,33.98342514038086,40.794776916503906,-0.894258814682342,0.00048641793546266854,0.0,step_0.6_rest
31.433333333,33.983341217041016,40.794708251953125,-0.8943822624177911,-0.005737908650189638,0.0,step_0.6_rest
31.449999999,33.98336410522461,40.79473114013672,-0.8943425614612504,-0.005469316616654396,0.0,step_0.6_rest
31.466666666,33.98337936401367,40.794742584228516,-0.8943183428909806,0.006307920441031456,0.0,step_0.6_rest
31.483333333,33.98336410522461,40.79472351074219,-0.8943586432152657,0.01373193971812725,0.0,step_0.6_rest
31.499999999,33.9833984375,40.794761657714844,-0.8942833465656803,-0.0016861041076481342,0.0,step_0.6_rest
31.516666666,33.983421325683594,40.794769287109375,-0.8942592755622177,0.004189057741314173,0.0,step_0.6_rest
31.533333333,33.98336410522461,40.79471206665039,-0.8943513536049224,0.0010855048894882202,0.0,step_0.6_rest
31.549999999,33.983375549316406,40.79472732543945,-0.8943311097154121,0.004039777908474207,0.0,step_0.6_rest
31.566666666,33.983299255371094,40.794654846191406,-0.8944411423964275,-0.0053308154456317425,0.0,step_0.6_rest
31.583333333,33.9833984375,40.79475021362305,-0.8943246109962499,-0.005403213202953339,0.0,step_0.6_rest
31.599999999,33.983367919921875,40.79471206665039,-0.8944065233585894,0.0036465045996010303,0.0,step_0.6_rest
31.616666666,33.983436584472656,40.79478454589844,-0.8942783888785809,0.009753307327628136,0.0,step_0.6_rest
31.633333333,33.98333740234375,40.79469680786133,-0.8943659034696734,0.0063338750042021275,0.0,step_0.6_rest
31.649999999,33.983314514160156,40.794673919677734,-0.8944133114094643,-0.008793153800070286,0.0,step_0.6_rest
31.666666666,33.98328399658203,40.79463195800781,-0.8944722444500566,-0.006763997487723827,0.0,step_0.6_rest
31.683333333,33.98329544067383,40.794647216796875,-0.8944522344272766,0.0061922259628772736,0.0,step_0.6_rest
31.699999999,33.98332214355469,40.7946662902832,-0.8944084703935902,0.003330098232254386,0.0,step_0.6_rest
31.716666666000002,33.9832649230957,40.79463195800781,-0.8944864433954268,-0.007191137410700321,0.0,step_0.6_rest
31.733333333,33.983299255371094,40.7946662902832,-0.8944252585219696,-0.005760812200605869,0.0,step_0.6_rest
31.749999999,33.983299255371094,40.794654846191406,-0.8944375399324616,-0.015603791922330856,0.0,step_0.6_rest
31.766666666,33.98331832885742,40.7946662902832,-0.8944304470098535,0.0030794974882155657,0.0,step_0.6_rest
31.783333333,33.98324966430664,40.79461669921875,-0.894522841960889,-0.005353859625756741,0.0,step_0.6_rest
31.799999999,33.983238220214844,40.79460525512695,-0.8945502103019286,0.006530235521495342,0.0,step_0.6_rest
31.816666666,33.983299255371094,40.7946662902832,-0.8944412249928362,0.011443392373621464,0.0,step_0.6_rest
31.833333333,33.98332214355469,40.794681549072266,-0.8944041222454614,0.006227879319339991,0.0,step_0.6_rest
31.849999999,33.98326873779297,40.79462814331055,-0.894490582309996,0.00035351316910237074,0.0,step_0.6_rest
31.866666666,33.983333587646484,40.79468536376953,-0.8944026487192921,0.0023890510201454163,0.0,step_0.6_rest
31.883333333,33.9832878112793,40.79463195800781,-0.8944916285136895,0.004743266850709915,0.0,step_0.6_rest
31.899999999,33.983314514160156,40.7946662902832,-0.8944262462372596,-0.00846942514181137,0.0,step_0.6_rest
31.916666666,33.9832763671875,40.794620513916016,-0.8945130732167779,-0.006010641809552908,0.0,step_0.6_rest
31.933333333,33.98329162597656,40.79463577270508,-0.8944841174038473,0.006073986180126667,0.0,step_0.6_rest
31.949999999,33.98324203491211,40.79458999633789,-0.8945705765398105,-0.00023584958398714662,0.0,step_0.6_rest
31.966666666000002,33.98321533203125,40.79457473754883,-0.8946106500591967,-0.007626564707607031,0.0,step_0.6_rest
31.983333333,33.983280181884766,40.794620513916016,-0.8945329751347542,-0.0039450679905712605,0.0,step_0.6_rest
31.999999999,33.98320007324219,40.79456329345703,-0.8946325864325075,-0.005196576472371817,0.0,step_0.6_rest
32.016666666,33.983299255371094,40.794647216796875,-0.8945188899281313,-0.003722683759406209,0.0,step_0.6_rest
32.033333333,33.98323059082031,40.79458236694336,-0.8946104300695498,-0.003228129120543599,0.0,step_0.6_rest
32.049999999,33.98320770263672,40.7945671081543,-0.8946427973688196,-0.007844471372663975,0.0,step_0.6_rest
32.066666666,33.98322296142578,40.79457092285156,-0.8946231872410169,0.008589314296841621,0.9,step_0.9
32.083333333,33.98320388793945,40.794551849365234,-0.8946647665291421,0.010532386600971222,0.9,step_0.9
32.099999999,33.98320388793945,40.794559478759766,-0.8946589033146293,-0.009149571880698204,0.9,step_0.9
32.116666666,33.98326873779297,40.794620513916016,-0.8945836811639948,0.003006567945703864,0.9,step_0.9
32.133333333,33.983211517333984,40.794559478759766,-0.8946800975253854,0.004114268813282251,0.9,step_0.9
32.149999999,33.983272552490234,40.794612884521484,-0.8945877662019617,0.002784361131489277,0.9,step_0.9
32.166666666,33.98324203491211,40.79459762573242,-0.8946454607096617,1.4470099813479465e-05,0.9,step_0.9
32.183333333,33.98324203491211,40.79459762573242,-0.894644565461563,2.7522744858288206e-05,0.9,step_0.9
32.199999999,33.98324203491211,40.79459762573242,-0.894644219053485,-6.051675518392585e-05,0.9,step_0.9
32.216666666,33.98324203491211,40.79459762573242,-0.8946446713395605,0.00021252983424346894,0.9,step_0.9
32.233333333,33.98324203491211,40.79459762573242,-0.8946449761451267,0.00025728909531608224,0.9,step_0.9
32.249999999,33.983360290527344,40.794700622558594,-0.893077781492192,0.101780466735363,0.9,step_0.9
32.266666666,33.98290252685547,40.794456481933594,-0.8901590538724904,0.17972414195537567,0.9,step_0.9
32.283333333,33.982948303222656,40.79449462890625,-0.8856182516659965,0.2824490964412689,0.9,step_0.9
32.299999999,33.982852935791016,40.794395446777344,-0.8795867434891103,0.3796318471431732,0.9,step_0.9
32.316666666,33.98290252685547,40.79450988769531,-0.8719424935011889,0.47918426990509033,0.9,step_0.9
32.333333333,33.98289108276367,40.794437408447266,-0.8628639833612995,0.5674429535865784,0.9,step_0.9
32.349999999,33.98297119140625,40.79450607299805,-0.8524597448300393,0.6539593935012817,0.9,step_0.9
32.366666666,33.983097076416016,40.794307708740234,-0.8409502063435595,0.713096022605896,0.9,step_0.9
32.383333333,33.983272552490234,40.79414367675781,-0.8285404719196392,0.7849461436271667,0.9,step_0.9
32.399999999,33.983402252197266,40.794010162353516,-0.8150819703861328,0.8440343737602234,0.9,step_0.9
32.416666666,33.9835205078125,40.793914794921875,-0.8010056251225157,0.8588194847106934,0.9,step_0.9
32.433333333,33.98353958129883,40.79384231567383,-0.7867067941833454,0.8688197135925293,0.9,step_0.9
32.449999999,33.983585357666016,40.79385757446289,-0.7723746879544131,0.8657228946685791,0.9,step_0.9
32.466666666,33.98366165161133,40.793914794921875,-0.7580767549790779,0.8650495409965515,0.9,step_0.9
32.483333333,33.98375701904297,40.79387283325195,-0.7437498482420652,0.8689714670181274,0.9,step_0.9
32.499999999,33.983882904052734,40.79380798339844,-0.7293960875026076,0.8700166344642639,0.9,step_0.9
32.516666666,33.98400115966797,40.79374313354492,-0.7150343982924048,0.8709923028945923,0.9,step_0.9
32.533333333,33.98411560058594,40.793670654296875,-0.7006483845676564,0.8705421686172485,0.9,step_0.9
32.549999999,33.98423767089844,40.7935905456543,-0.6863010018012905,0.8677292466163635,0.9,step_0.9
32.566666666,33.984375,40.79350662231445,-0.6719844798973804,0.8656133413314819,0.9,step_0.9
32.583333333,33.98451232910156,40.793426513671875,-0.6576941723753593,0.8629823327064514,0.9,step_0.9
32.599999999,33.984493255615234,40.793357849121094,-0.6432848830848156,0.8775853514671326,0.9,step_0.9
32.616666666,33.98445510864258,40.793426513671875,-0.628831532086447,0.8721708655357361,0.9,step_0.9
32.633333333,33.98448944091797,40.79351043701172,-0.6144427773190998,0.8689405918121338,0.9,step_0.9
32.649999999,33.98457336425781,40.79350280761719,-0.6000607576509678,0.8731850385665894,0.9,step_0.9
32.666666666,33.98469924926758,40.79342269897461,-0.5856835298471806,0.8694673776626587,0.9,step_0.9
32.683333333,33.984840393066406,40.79335021972656,-0.5713472373375006,0.8649344444274902,0.9,step_0.9
32.699999999,33.984920501708984,40.79325485229492,-0.5570553442289241,0.8650210499763489,0.9,step_0.9
32.716666666,33.98505783081055,40.793212890625,-0.5427641028881601,0.8689445853233337,0.9,step_0.9
32.733333333,33.985191345214844,40.79312515258789,-0.5284349801182608,0.8678288459777832,0.9,step_0.9
32.749999999,33.98518753051758,40.793033599853516,-0.5140393910742852,0.8724400997161865,0.9,step_0.9
32.766666666,33.98520278930664,40.79301834106445,-0.4996498742991832,0.869300127029419,0.9,step_0.9
32.783333333,33.98527145385742,40.793067932128906,-0.48530492098891875,0.8674479722976685,0.9,step_0.9
32.799999999,33.985374450683594,40.79301071166992,-0.47095451245212205,0.8698698878288269,0.9,step_0.9
32.816666666,33.985496520996094,40.792945861816406,-0.45660114773596944,0.8678362369537354,0.9,step_0.9
32.833333333,33.985626220703125,40.79286575317383,-0.44229228489427475,0.8649741411209106,0.9,step_0.9
32.849999999,33.98576354980469,40.792823791503906,-0.42802371666942945,0.8625192642211914,0.9,step_0.9
32.866666666,33.98590087890625,40.79275131225586,-0.41378403239232175,0.8611692786216736,0.9,step_0.9
32.883333333,33.98603057861328,40.7927131652832,-0.39955388677090226,0.860410213470459,0.9,step_0.9
32.899999999,33.986148834228516,40.79267120361328,-0.3853233189172156,0.8608757257461548,0.9,step_0.9
32.916666666,33.98627853393555,40.792625427246094,-0.37109150655178674,0.8602237105369568,0.9,step_0.9
32.933333333,33.986392974853516,40.79254913330078,-0.3568590976440046,0.8626514673233032,0.9,step_0.9
32.949999999,33.98652267456055,40.79249954223633,-0.34260642795988794,0.8628436326980591,0.9,step_0.9
32.966666666,33.98660659790039,40.79240036010742,-0.3282944062811742,0.8679030537605286,0.9,step_0.9
32.983333333,33.98670196533203,40.792381286621094,-0.3139661036137666,0.8670307397842407,0.9,step_0.9
32.999999999,33.98681640625,40.79237365722656,-0.29965369293374167,0.8661544322967529,0.9,step_0.9
33.016666666,33.9869384765625,40.79228210449219,-0.2853372612021103,0.8668524622917175,0.9,step_0.9
33.033333333,33.987060546875,40.792240142822266,-0.27103705947873713,0.8651362061500549,0.9,step_0.9
33.049999999,33.9871940612793,40.79225540161133,-0.2567696061859634,0.8623045086860657,0.9,step_0.9
33.066666666,33.987327575683594,40.79225158691406,-0.24253438916404443,0.8611273169517517,0.9,step_0.9
33.083333333,33.98746109008789,40.792236328125,-0.22830564059569364,0.8617985248565674,0.9,step_0.9
33.099999999,33.98759841918945,40.79221725463867,-0.21406502842984718,0.8605186343193054,0.9,step_0.9
33.116666666,33.98772048950195,40.79222106933594,-0.19982839287341242,0.8610013127326965,0.9,step_0.9
33.133333333,33.98783493041992,40.792171478271484,-0.18558716977663645,0.862962543964386,0.9,step_0.9
33.149999999,33.98795700073242,40.792198181152344,-0.17132345465570917,0.8641054630279541,0.9,step_0.9
33.166666666,33.98809051513672,40.79222106933594,-0.1570547307583077,0.861951470375061,0.9,step_0.9
33.183333333,33.98812484741211,40.79213333129883,-0.14272915539236172,0.8684064745903015,0.9,step_0.9
33.199999999,33.98814010620117,40.79212951660156,-0.12839597493888066,0.866338849067688,0.9,step_0.9
33.216666666,33.98816680908203,40.79219436645508,-0.11409470385822802,0.8651319146156311,0.9,step_0.9
33.233333333,33.9882698059082,40.792205810546875,-0.09977706320724707,0.8667340874671936,0.9,step_0.9
33.249999999,33.9883918762207,40.79228210449219,-0.08545980645835913,0.8658701181411743,0.9,step_0.9
33.266666666,33.98851776123047,40.792320251464844,-0.0711635149638416,0.8653576374053955,0.9,step_0.9
33.283333333,33.988643646240234,40.79233932495117,-0.05686936690547236,0.8636437654495239,0.9,step_0.9
33.299999999,33.98875427246094,40.792320251464844,-0.04259660359257985,0.8634541630744934,0.9,step_0.9
33.316666666,33.98884963989258,40.792381286621094,-0.028331811435021288,0.8638480305671692,0.9,step_0.9
33.333333333,33.98897171020508,40.79241943359375,-0.01405403207570807,0.8641622066497803,0.9,step_0.9
33.349999999,33.98908615112305,40.79253005981445,0.00022862524664189163,0.8646100759506226,0.9,step_0.9
33.366666666,33.98920440673828,40.79259490966797,0.014520342539988901,0.8642805814743042,0.9,step_0.9
33.383333333,33.98931121826172,40.79268264770508,0.028798426739479105,0.8645799160003662,0.9,step_0.9
33.399999999,33.98943328857422,40.7927360534668,0.043087668502172966,0.8640823364257812,0.9,step_0.9
33.416666666,33.98954772949219,40.79277801513672,0.05736415731223355,0.8641219139099121,0.9,step_0.9
33.433333333,33.98966598510742,40.79281997680664,0.07165504520893902,0.8659816384315491,0.9,step_0.9
33.449999999,33.989784240722656,40.792884826660156,0.08595421434635557,0.86423659324646,0.9,step_0.9
33.466666666,33.989898681640625,40.79288101196289,0.10023376751393512,0.8645333051681519,0.9,step_0.9
33.483333333,33.98997116088867,40.79294967651367,0.11451128056747543,0.8633084893226624,0.9,step_0.9
33.499999999,33.990074157714844,40.79301834106445,0.12880285261142668,0.8654297590255737,0.9,step_0.9
33.516666666,33.990196228027344,40.7930793762207,0.14309396082810172,0.8657575249671936,0.9,step_0.9
33.533333333,33.99031448364258,40.79315948486328,0.15740064404126133,0.8651357889175415,0.9,step_0.9
33.549999999,33.99042510986328,40.793243408203125,0.17169473378461692,0.8658491969108582,0.9,step_0.9
33.566666666,33.990543365478516,40.79331970214844,0.18601364597834927,0.867415189743042,0.9,step_0.9
33.583333333,33.990665435791016,40.793399810791016,0.20032780068792558,0.86574786901474,0.9,step_0.9
33.599999999,33.990760803222656,40.7934455871582,0.21462293666879767,0.8655509352684021,0.9,step_0.9
33.616666666,33.99086380004883,40.79352569580078,0.2289457739334745,0.8673967719078064,0.9,step_0.9
33.633333333,33.99098205566406,40.79361343383789,0.24327143581719848,0.866763710975647,0.9,step_0.9
33.649999999,33.9911003112793,40.7936897277832,0.2575954909450223,0.8673415780067444,0.9,step_0.9
33.666666666,33.9912223815918,40.79376983642578,0.2719025096022592,0.8642910122871399,0.9,step_0.9
33.683333333,33.99134063720703,40.79377746582031,0.2861820814169684,0.8647518754005432,0.9,step_0.9
33.699999999,33.99138259887695,40.7938346862793,0.30047067138405315,0.8646264672279358,0.9,step_0.9
33.716666666,33.9914665222168,40.79389953613281,0.31479186564907596,0.8678187131881714,0.9,step_0.9
33.733333333,33.991580963134766,40.79398727416992,0.32913330037455346,0.8670517206192017,0.9,step_0.9
33.749999999,33.99169921875,40.79401397705078,0.34344993009216734,0.865710973739624,0.9,step_0.9
33.766666666,33.991756439208984,40.79409408569336,0.35774946365442883,0.8643622398376465,0.9,step_0.9
33.783333333,33.99184799194336,40.794158935546875,0.37206478845977237,0.8675652146339417,0.9,step_0.9
33.799999999,33.99195861816406,40.79426193237305,0.38638881940871533,0.8649713397026062,0.9,step_0.9
33.816666666,33.992042541503906,40.79435729980469,0.40068513633557556,0.8657523393630981,0.9,step_0.9
33.833333333,33.992149353027344,40.79444122314453,0.4150113771835996,0.8669790029525757,0.9,step_0.9
33.849999999,33.992244720458984,40.79451370239258,0.4293192992001899,0.8644931316375732,0.9,step_0.9
33.866666666,33.992347717285156,40.79460144042969,0.443627904214226,0.8646231889724731,0.9,step_0.9
33.883333333,33.99240493774414,40.7945556640625,0.45804926648117156,0.8780012130737305,0.9,step_0.9
33.899999999,33.9922981262207,40.7945556640625,0.4725109125925302,0.8731394410133362,0.9,step_0.9
33.916666666,33.9921875,40.79463195800781,0.48692291187552444,0.8704828023910522,0.9,step_0.9
33.933333333,33.9921989440918,40.794681549072266,0.5013440452971559,0.8748254179954529,0.9,step_0.9
33.949999999,33.992313385009766,40.794708251953125,0.5157590506977369,0.8715039491653442,0.9,step_0.9
33.966666666,33.99235916137695,40.7947883605957,0.5301345438724592,0.8697105050086975,0.9,step_0.9
33.983333333,33.992462158203125,40.79484939575195,0.544515681002731,0.871678352355957,0.9,step_0.9
33.999999999,33.9925651550293,40.794960021972656,0.5588997384430695,0.8695452809333801,0.9,step_0.9
34.016666666,33.99266815185547,40.7950439453125,0.5732376478294638,0.8676360845565796,0.9,step_0.9
34.033333333,33.992767333984375,40.79514694213867,0.5875723487966651,0.8666119575500488,0.9,step_0.9
34.049999999,33.99287414550781,40.79522705078125,0.6018904466225059,0.8668758273124695,0.9,step_0.9
34.066666666,33.992977142333984,40.79533004760742,0.6162184238462972,0.8673806190490723,0.9,step_0.9
34.083333333,33.99308776855469,40.79542541503906,0.6305416892335437,0.8657772541046143,0.9,step_0.9
34.099999999,33.99317169189453,40.795536041259766,0.6448466209220568,0.8657861948013306,0.9,step_0.9
34.116666666,33.99327850341797,40.79564666748047,0.659137023341964,0.8627511858940125,0.9,step_0.9
34.133333333,33.9933967590332,40.795616149902344,0.6734617247361373,0.8685860633850098,0.9,step_0.9
34.149999999,33.993404388427734,40.795616149902344,0.6878029580092565,0.867441713809967,0.9,step_0.9
34.166666666,33.99334716796875,40.795658111572266,0.7021160643082589,0.8655857443809509,0.9,step_0.9
34.183333333,33.993377685546875,40.79573059082031,0.7164641933642016,0.8710526823997498,0.9,step_0.9
34.199999999,33.99346923828125,40.79585266113281,0.7308308344111021,0.8690546154975891,0.9,step_0.9
34.216666666,33.99357604980469,40.79597473144531,0.7451637816721388,0.8676532506942749,0.9,step_0.9
34.233333333,33.9936637878418,40.79609680175781,0.7594902197480281,0.8684654831886292,0.9,step_0.9
34.249999999,33.993751525878906,40.79621124267578,0.7738365045367424,0.8687739968299866,0.9,step_0.9
34.266666666,33.99382400512695,40.796321868896484,0.7881874835812968,0.8700659275054932,0.9,step_0.9
34.283333333,33.99390411376953,40.79642868041992,0.802562196640036,0.8682591319084167,0.9,step_0.9
34.299999999,33.9940185546875,40.79649353027344,0.8169257593723456,0.8693112730979919,0.9,step_0.9
34.316666666,33.99404525756836,40.79659652709961,0.8312671749124493,0.8668855428695679,0.9,step_0.9
34.333333333,33.99412536621094,40.79671096801758,0.8455899339803915,0.8650357723236084,0.9,step_0.9
34.349999999,33.994224548339844,40.796688079833984,0.8600184890204234,0.8765720725059509,0.9,step_0.9
34.366666666,33.994224548339844,40.796669006347656,0.8744616728958707,0.8725383877754211,0.9,step_0.9
34.383333333,33.994163513183594,40.796695709228516,0.8888408883263832,0.8689630031585693,0.9,step_0.9
34.399999999,33.99418258666992,40.796791076660156,0.9032345380772583,0.8721955418586731,0.9,step_0.9
34.416666666,33.994258880615234,40.796913146972656,0.9176081690542455,0.8685194253921509,0.9,step_0.9
34.433333333,33.99434280395508,40.797035217285156,0.9319370022401411,0.8665668368339539,0.9,step_0.9
34.449999999,33.994422912597656,40.79716873168945,0.9462387640964582,0.8649477958679199,0.9,step_0.9
34.466666666,33.994503021240234,40.797306060791016,0.9605098244572,0.8617317080497742,0.9,step_0.9
34.483333333,33.99457931518555,40.79729461669922,0.9748574515295377,0.8701830506324768,0.9,step_0.9
34.499999999,33.99458694458008,40.79729461669922,0.9892127568498106,0.8681976199150085,0.9,step_0.9
34.516666666,33.994529724121094,40.79734802246094,1.0035389567639619,0.8667980432510376,0.9,step_0.9
34.533333333,33.99455642700195,40.79744338989258,1.0178819939355763,0.8691582679748535,0.9,step_0.9
34.549999999,33.994625091552734,40.797569274902344,1.0322198567581047,0.866948127746582,0.9,step_0.9
34.566666666,33.99467849731445,40.79771041870117,1.0465210507083407,0.8640750050544739,0.9,step_0.9
34.583333333,33.994747161865234,40.797813415527344,1.0607963032709318,0.8642804026603699,0.9,step_0.9
34.599999999,33.99480438232422,40.797943115234375,1.0750714308584592,0.8638476133346558,0.9,step_0.9
34.616666666,33.99486541748047,40.79807662963867,1.0893300108258834,0.8618121147155762,0.9,step_0.9
34.633333333,33.99494552612305,40.79817581176758,1.1036112116468704,0.8659542202949524,0.9,step_0.9
34.649999999,33.9949951171875,40.79829788208008,1.1179131705916439,0.8647475242614746,0.9,step_0.9
34.666666666,33.99504852294922,40.79843521118164,1.1321881657366732,0.8614053726196289,0.9,step_0.9
34.683333333,33.99513244628906,40.79845428466797,1.1465056079208384,0.8684009313583374,0.9,step_0.9
34.699999999,33.99513244628906,40.79848861694336,1.160840770748163,0.8658011555671692,0.9,step_0.9
34.716666666,33.995086669921875,40.79856491088867,1.1751415514643828,0.8654393553733826,0.9,step_0.9
34.733333333,33.9951286315918,40.798675537109375,1.1894573103385193,0.8664522171020508,0.9,step_0.9
34.749999999,33.99522018432617,40.79878234863281,1.2037645372914818,0.8657107949256897,0.9,step_0.9
34.766666666,33.99528121948242,40.798912048339844,1.2180548648002962,0.8650259375572205,0.9,step_0.9
34.783333333,33.99528884887695,40.799041748046875,1.2323232045362347,0.8633478879928589,0.9,step_0.9
34.799999999,33.995338439941406,40.79917526245117,1.2465700351230977,0.8616377711296082,0.9,step_0.9
34.816666666,33.995384216308594,40.79930877685547,1.2608201786747932,0.862650990486145,0.9,step_0.9
34.833333333,33.99543380737305,40.7994270324707,1.2750949626516204,0.8659348487854004,0.9,step_0.9
34.849999999,33.995452880859375,40.79955291748047,1.2893939329030348,0.8672639727592468,0.9,step_0.9
34.866666666,33.995445251464844,40.799678802490234,1.303688670934163,0.8651297688484192,0.9,step_0.9
34.883333333,33.995506286621094,40.79978942871094,1.3179768267805019,0.8655411601066589,0.9,step_0.9
34.899999999,33.99551010131836,40.7999153137207,1.332270052255806,0.865721583366394,0.9,step_0.9
34.916666666,33.99556350708008,40.800048828125,1.346553870167589,0.8654220700263977,0.9,step_0.9
34.933333333,33.995601654052734,40.8001823425293,1.3608265487328706,0.8621253967285156,0.9,step_0.9
34.949999999,33.99568557739258,40.80020523071289,1.3751510280680466,0.8696017265319824,0.9,step_0.9
34.966666666,33.995670318603516,40.80020523071289,1.38950671140552,0.8682319521903992,0.9,step_0.9
34.983333333,33.9955940246582,40.80022430419922,1.4038356143632476,0.8660799860954285,0.9,step_0.9
34.999999999,33.99555206298828,40.800315856933594,1.4181689396434811,0.8674337267875671,0.9,step_0.9
35.016666666,33.99556350708008,40.80044174194336,1.4324837416422067,0.8655887842178345,0.9,step_0.9
35.033333333,33.99550247192383,40.800567626953125,1.4467776287959888,0.8641082644462585,0.9,step_0.9
35.049999999,33.9954719543457,40.80069351196289,1.4610476904059537,0.8626214861869812,0.9,step_0.9
35.066666666,33.99540328979492,40.80081558227539,1.4753022925791455,0.862427830696106,0.9,step_0.9
35.083333333,33.995384216308594,40.80094528198242,1.4895544714144977,0.8612241148948669,0.9,step_0.9
35.099999999,33.995418548583984,40.801063537597656,1.503824363980636,0.8640627264976501,0.9,step_0.9
35.116666666,33.995384216308594,40.80117416381836,1.51809562511769,0.8634315133094788,0.9,step_0.9
35.133333333,33.99528884887695,40.80129623413086,1.532368863028092,0.8637442588806152,0.9,step_0.9
35.149999999,33.99524688720703,40.801422119140625,1.546638514722653,0.8625624775886536,0.9,step_0.9
35.166666666,33.99522018432617,40.80154800415039,1.5608943369335984,0.8617734909057617,0.9,step_0.9
35.183333333,33.99516296386719,40.801666259765625,1.575155521963516,0.8644041419029236,0.9,step_0.9
35.199999999,33.99509811401367,40.80179214477539,1.5894435102296633,0.8644907474517822,0.9,step_0.9
35.216666666,33.995025634765625,40.80191421508789,1.6037337406236678,0.8650612235069275,0.9,step_0.9
35.233333333,33.99496841430664,40.80202865600586,1.6180440991921528,0.8669164776802063,0.9,step_0.9
35.249999999,33.99490737915039,40.802154541015625,1.6323535072509812,0.8663870096206665,0.9,step_0.9
35.266666666,33.99482345581055,40.80227279663086,1.6466725165468303,0.8653833270072937,0.9,step_0.9
35.283333333,33.99480438232422,40.80239486694336,1.6609612390369195,0.8657463788986206,0.9,step_0.9
35.299999999,33.99470901489258,40.802467346191406,1.6752508829380932,0.8651413321495056,0.9,step_0.9
35.316666666,33.99463653564453,40.80257797241211,1.689567555042496,0.8666974306106567,0.9,step_0.9
35.333333333,33.99458694458008,40.80270004272461,1.7038734910646203,0.864069402217865,0.9,step_0.9
35.349999999,33.99462890625,40.80282211303711,1.7181557048184875,0.8648331761360168,0.9,step_0.9
35.366666666,33.99460220336914,40.80289840698242,1.732442910618256,0.8640784621238708,0.9,step_0.9
35.383333333,33.99451446533203,40.80293273925781,1.7467174797124392,0.863375723361969,0.9,step_0.9
35.399999999,33.99446487426758,40.80302810668945,1.7610211314645206,0.8669079542160034,0.9,step_0.9
35.416666666,33.994384765625,40.80314254760742,1.7753513322328822,0.8667837977409363,0.9,step_0.9
35.433333333,33.99432373046875,40.80326843261719,1.7896771114102283,0.8658037781715393,0.9,step_0.9
35.449999999,33.99425506591797,40.80339050292969,1.8039901844041968,0.8657469153404236,0.9,step_0.9
35.466666666,33.99415588378906,40.80352020263672,1.8183090449497534,0.8667797446250916,0.9,step_0.9
35.483333333,33.994056701660156,40.80364227294922,1.83260552623358,0.8647701740264893,0.9,step_0.9
35.499999999,33.993980407714844,40.803775787353516,1.8468723959862565,0.8631508350372314,0.9,step_0.9
35.516666666,33.993900299072266,40.803897857666016,1.8611432112508972,0.8625102639198303,0.9,step_0.9
35.533333333,33.99381637573242,40.80401611328125,1.87540479677441,0.8634334802627563,0.9,step_0.9
35.549999999,33.99374008178711,40.804134368896484,1.889693964887781,0.865412175655365,0.9,step_0.9
35.566666666,33.99363708496094,40.80424880981445,1.9039878605215228,0.8628622889518738,0.9,step_0.9
35.583333333,33.99366760253906,40.80436325073242,1.9182816004716752,0.8661603331565857,0.9,step_0.9
35.599999999,33.993621826171875,40.80439376831055,1.9325972591880838,0.8673396110534668,0.9,step_0.9
35.616666666,33.99352264404297,40.80436325073242,1.9469190968433618,0.8684784770011902,0.9,step_0.9
35.633333333,33.99345397949219,40.804405212402344,1.961304713370758,0.8731843829154968,0.9,step_0.9
35.649999999,33.99335861206055,40.80451583862305,1.9757168926258974,0.8708484172821045,0.9,step_0.9
35.666666666,33.993263244628906,40.80462646484375,1.9900899759272022,0.8694612979888916,0.9,step_0.9
35.683333333,33.99318313598633,40.80474090576172,2.0044459655760463,0.8691957592964172,0.9,step_0.9
35.699999999,33.99309158325195,40.804847717285156,2.018801498914538,0.8690924048423767,0.9,step_0.9
35.716666666,33.992984771728516,40.804954528808594,2.033148956765031,0.8683492541313171,0.9,step_0.9
35.733333333,33.992881774902344,40.80508041381836,2.047469190747577,0.8659165501594543,0.9,step_0.9
35.749999999,33.99277877807617,40.80519485473633,2.0617641137985174,0.8644177317619324,0.9,step_0.9
35.766666666,33.992679595947266,40.805301666259766,2.0760626817604546,0.8649488687515259,0.9,step_0.9
35.783333333,33.99258041381836,40.80541229248047,2.090355239330318,0.8642541170120239,0.9,step_0.9
35.799999999,33.992469787597656,40.805519104003906,2.104638483367643,0.8651460409164429,0.9,step_0.9
35.816666666,33.99235153198242,40.80563735961914,2.118925733486573,0.8638395667076111,0.9,step_0.9
35.833333333,33.992252349853516,40.80576705932617,2.1331985504848947,0.8630012273788452,0.9,step_0.9
35.849999999,33.99214553833008,40.805885314941406,2.1474544226222374,0.8603934645652771,0.9,step_0.9
35.866666666,33.992122650146484,40.80599594116211,2.16171625796642,0.8642764091491699,0.9,step_0.9
35.883333333,33.9920539855957,40.8060188293457,2.1759925995245095,0.8642980456352234,0.9,step_0.9
35.899999999,33.99197769165039,40.806087493896484,2.1903044360119006,0.8676525354385376,0.9,step_0.9
35.916666666,33.991851806640625,40.80618667602539,2.2046321596914393,0.8670318722724915,0.9,step_0.9
35.933333333,33.991729736328125,40.8062629699707,2.2189605325005175,0.8663771152496338,0.9,step_0.9
35.949999999,33.99160385131836,40.806365966796875,2.2332723844465607,0.865500807762146,0.9,step_0.9
35.966666666,33.991477966308594,40.80648422241211,2.247556637183728,0.8636237382888794,0.9,step_0.9
35.983333333,33.99146270751953,40.80658721923828,2.2618600934183735,0.8680382370948792,0.9,step_0.9
35.999999999,33.991416931152344,40.80657958984375,2.2761880565024404,0.8680523633956909,0.9,step_0.9
36.016666666,33.991329193115234,40.80649185180664,2.290508105244209,0.8664216995239258,0.9,step_0.9
36.033333333,33.99126434326172,40.80653381347656,2.3048619632882654,0.8713138699531555,0.9,step_0.9
36.049999999,33.99114990234375,40.806602478027344,2.3192513426956403,0.8681784272193909,0.9,step_0.9
36.066666666,33.991180419921875,40.806697845458984,2.3337381146121747,0.8808486461639404,0.9,step_0.9
36.083333333,33.991214752197266,40.8066520690918,2.3482354102521987,0.8749186992645264,0.9,step_0.9
36.099999999,33.99120330810547,40.80655288696289,2.3626497655873036,0.8713544011116028,0.9,step_0.9
36.116666666,33.99113464355469,40.806549072265625,2.377077703091258,0.875740647315979,0.9,step_0.9
36.133333333,33.991024017333984,40.806640625,2.391500840674843,0.8712060451507568,0.9,step_0.9
36.149999999,33.990909576416016,40.80674743652344,2.4058708386162038,0.8686416745185852,0.9,step_0.9
36.166666666,33.99077606201172,40.806846618652344,2.420195139558121,0.8658132553100586,0.9,step_0.9
36.183333333,33.99064254760742,40.806922912597656,2.43449933002329,0.8658035397529602,0.9,step_0.9
36.199999999,33.99051284790039,40.807010650634766,2.448783595124603,0.8650399446487427,0.9,step_0.9
36.216666666,33.99037551879883,40.807090759277344,2.4630663205351424,0.8644038438796997,0.9,step_0.9
36.233333333,33.9902458190918,40.807186126708984,2.477327772429716,0.8623904585838318,0.9,step_0.9
36.249999999,33.990108489990234,40.80727767944336,2.4915632842075137,0.861005961894989,0.9,step_0.9
36.266666666,33.990081787109375,40.807376861572266,2.5058367461828257,0.8653431534767151,0.9,step_0.9
36.283333333,33.990020751953125,40.807376861572266,2.5201305119890125,0.8644462823867798,0.9,step_0.9
36.299999999,33.98992919921875,40.807430267333984,2.534434462777267,0.8668298125267029,0.9,step_0.9
36.316666666,33.98978805541992,40.8074951171875,2.5487436010953886,0.8626525402069092,0.9,step_0.9
36.333333333,33.98980712890625,40.80755615234375,2.5631600438483244,0.8791475296020508,0.9,step_0.9
36.349999999,33.98977279663086,40.80754852294922,2.57769296493226,0.881153404712677,0.9,step_0.9
36.366666666,33.98965072631836,40.80759048461914,2.592193557996025,0.8764828443527222,0.9,step_0.9
36.383333333,33.98952102661133,40.80766296386719,2.6066138250716735,0.871193528175354,0.9,step_0.9
36.399999999,33.9893913269043,40.80772399902344,2.6209720665232332,0.8675243258476257,0.9,step_0.9
36.416666666,33.98925018310547,40.80780029296875,2.635287940411846,0.8641594052314758,0.9,step_0.9
36.433333333,33.98923873901367,40.80790710449219,2.6496434114754126,0.8708897829055786,0.9,step_0.9
36.449999999,33.98920440673828,40.80790710449219,2.6640149022561723,0.8686714172363281,0.9,step_0.9
36.466666666,33.989139556884766,40.807857513427734,2.678354841972875,0.8669190406799316,0.9,step_0.9
36.483333333,33.989036560058594,40.80790328979492,2.6926911397022963,0.8683409690856934,0.9,step_0.9
36.499999999,33.988922119140625,40.808006286621094,2.7070197044014366,0.8668420314788818,0.9,step_0.9
36.516666666,33.988792419433594,40.808082580566406,2.7213178704931527,0.8638316988945007,0.9,step_0.9
36.533333333,33.98868179321289,40.80815505981445,2.7356020271195094,0.8648809790611267,0.9,step_0.9
36.549999999,33.988555908203125,40.8082275390625,2.7498795430806924,0.8644426465034485,0.9,step_0.9
36.566666666,33.98841094970703,40.808284759521484,2.7641373777763594,0.8619200587272644,0.9,step_0.9
36.583333333,33.988285064697266,40.80833435058594,2.778378361664416,0.8631848096847534,0.9,step_0.9
36.599999999,33.988155364990234,40.80837631225586,2.792616232874849,0.8616014122962952,0.9,step_0.9
36.616666666,33.98805618286133,40.8084602355957,2.806862301961377,0.8631358742713928,0.9,step_0.9
36.633333333,33.98794174194336,40.80845642089844,2.8211322956058775,0.8637125492095947,0.9,step_0.9
36.649999999,33.98781204223633,40.80843734741211,2.83540086886835,0.8632027506828308,0.9,step_0.9
36.666666666,33.98770523071289,40.80852508544922,2.849695724363943,0.8667783141136169,0.9,step_0.9
36.683333333,33.98759078979492,40.808528900146484,2.864005362491443,0.8663485646247864,0.9,step_0.9
36.699999999,33.987464904785156,40.808528900146484,2.878302327750421,0.8670682907104492,0.9,step_0.9
36.716666666,33.987335205078125,40.808563232421875,2.8925912154260196,0.8643500208854675,0.9,step_0.9
36.733333333,33.987205505371094,40.8085823059082,2.906852118541885,0.8623971343040466,0.9,step_0.9
36.749999999,33.98707962036133,40.80862045288086,2.9211185508537505,0.8642421364784241,0.9,step_0.9
36.766666666,33.986976623535156,40.80865478515625,2.935402685795718,0.8638682961463928,0.9,step_0.9
36.783333333,33.98685836791992,40.80862045288086,2.9496790309516885,0.8637780547142029,0.9,step_0.9
36.799999999,33.986724853515625,40.80863571166992,2.963943311915975,0.8615170121192932,0.9,step_0.9
36.816666666,33.986610412597656,40.808712005615234,2.9782040583050358,0.8634030222892761,0.9,step_0.9
36.833333333,33.986488342285156,40.80870819091797,2.9924709260310354,0.8635029792785645,0.9,step_0.9
36.849999999,33.986358642578125,40.80862045288086,3.006734437351322,0.8645197153091431,0.9,step_0.9
36.866666666,33.986236572265625,40.80863952636719,3.0210097583246935,0.8648231625556946,0.9,step_0.9
36.883333333,33.98611068725586,40.80867004394531,3.0352928558956664,0.8649792671203613,0.9,step_0.9
36.899999999,33.985984802246094,40.808624267578125,3.0495781720197934,0.8643326163291931,0.9,step_0.9
36.916666666,33.98585891723633,40.808589935302734,3.0638538392360934,0.8631136417388916,0.9,step_0.9
36.933333333,33.98574447631836,40.808555603027344,3.0781113162712535,0.8632524013519287,0.9,step_0.9
36.949999999,33.98562240600586,40.80852127075195,3.0923820082491105,0.8641744256019592,0.9,step_0.9
36.966666666,33.98549270629883,40.80846405029297,3.1066619074771245,0.8654161691665649,0.9,step_0.9
36.983333333,33.98537063598633,40.80842590332031,3.120951336951796,0.8636384010314941,0.9,step_0.9
36.999999999,33.98524856567383,40.80831527709961,3.135229744193754,0.8642618060112,0.9,step_0.9
37.016666666,33.98512268066406,40.80826950073242,-3.13367815690484,0.8644318580627441,0.9,step_0.9
37.033333333,33.98501205444336,40.8082160949707,-3.1194058592958496,0.8643741011619568,0.9,step_0.9
37.049999999,33.98488998413086,40.80815887451172,-3.1051145978451613,0.8658443689346313,0.9,step_0.9
37.066666666,33.98476791381836,40.8080940246582,-3.090814910828429,0.8645542860031128,0.9,step_0.9
37.083333333,33.984657287597656,40.808013916015625,-3.076532444489898,0.8646692633628845,0.9,step_0.9
37.099999999,33.984535217285156,40.80794906616211,-3.0622445122215107,0.8647738099098206,0.9,step_0.9
37.116666666,33.984413146972656,40.807891845703125,-3.047953966767559,0.8647140860557556,0.9,step_0.9
37.133333333,33.98430252075195,40.80781555175781,-3.033672231354122,0.8647692799568176,0.9,step_0.9
37.149999999,33.98418045043945,40.80772399902344,-3.019369369962789,0.8642456531524658,0.9,step_0.9
37.166666666,33.98407745361328,40.80765914916992,-3.005085611981108,0.8654821515083313,0.9,step_0.9
37.183333333,33.98396682739258,40.807579040527344,-2.9907641775305596,0.8675745129585266,0.9,step_0.9
37.199999999,33.983848571777344,40.80750274658203,-2.9764411517462865,0.8668537139892578,0.9,step_0.9
37.216666666,33.98373031616211,40.807430267333984,-2.9621132438176034,0.8664146661758423,0.9,step_0.9
37.233333333,33.98360824584961,40.80735778808594,-2.9477930470048666,0.866008996963501,0.9,step_0.9
37.249999999,33.98350143432617,40.80729675292969,-2.933497255832389,0.8645666241645813,0.9,step_0.9
37.266666666,33.98339080810547,40.80720901489258,-2.919189348082469,0.8664134740829468,0.9,step_0.9
37.283333333,33.98326873779297,40.807125091552734,-2.904891348019602,0.8645303845405579,0.9,step_0.9
37.299999999,33.983158111572266,40.80702590942383,-2.8905989789271724,0.8650537133216858,0.9,step_0.9
37.316666666,33.98303985595703,40.80695343017578,-2.876300562533835,0.8646014928817749,0.9,step_0.9
37.333333333,33.98292541503906,40.806861877441406,-2.8620025320179336,0.8655554056167603,0.9,step_0.9
37.349999999,33.98280334472656,40.80677032470703,-2.847707840760069,0.8662902116775513,0.9,step_0.9
37.366666666,33.98268508911133,40.80670166015625,-2.83339829894751,0.864959180355072,0.9,step_0.9
37.383333333,33.98255920410156,40.80671691894531,-2.8191079103021712,0.8653267621994019,0.9,step_0.9
37.399999999,33.98250961303711,40.80666732788086,-2.8048108588479432,0.8649954199790955,0.9,step_0.9
37.416666666,33.982425689697266,40.80657958984375,-2.7904831105312926,0.8679221272468567,0.9,step_0.9
37.433333333,33.98231506347656,40.80649948120117,-2.776142009948858,0.8676945567131042,0.9,step_0.9
37.449999999,33.982200622558594,40.806392669677734,-2.761812902009766,0.8650850653648376,0.9,step_0.9
37.466666666,33.98208236694336,40.80640411376953,-2.7474912529717335,0.8672685623168945,0.9,step_0.9
37.483333333,33.98203659057617,40.806365966796875,-2.733168756502035,0.8660631775856018,0.9,step_0.9
37.499999999,33.9820556640625,40.8062858581543,-2.7188645500530426,0.8654842972755432,0.9,step_0.9
37.516666666,33.98200225830078,40.80621337890625,-2.704519716469019,0.8697143197059631,0.9,step_0.9
37.533333333,33.98188781738281,40.806217193603516,-2.6901524079869814,0.8689764142036438,0.9,step_0.9
37.549999999,33.98183822631836,40.806175231933594,-2.6758052329986595,0.867811918258667,0.9,step_0.9
37.566666666,33.98186111450195,40.80607986450195,-2.661478511810365,0.8666669130325317,0.9,step_0.9
37.583333333,33.98179626464844,40.8060188293457,-2.647120655577917,0.8702948093414307,0.9,step_0.9
37.599999999,33.98168182373047,40.80604934692383,-2.6327239123553845,0.870650589466095,0.9,step_0.9
37.616666666,33.981651306152344,40.8060417175293,-2.6183505653872112,0.8692112565040588,0.9,step_0.9
37.633333333,33.981685638427734,40.80597686767578,-2.604010811760356,0.8665686845779419,0.9,step_0.9
37.649999999,33.98164749145508,40.80591583251953,-2.589654540411888,0.8716064095497131,0.9,step_0.9
37.666666666,33.981563568115234,40.80582046508789,-2.5752734316719095,0.8691458106040955,0.9,step_0.9
37.683333333,33.98146438598633,40.80571365356445,-2.560918527322083,0.8675796389579773,0.9,step_0.9
37.699999999,33.981353759765625,40.80569839477539,-2.5465712726838357,0.8691166043281555,0.9,step_0.9
37.716666666,33.9813346862793,40.8056526184082,-2.532228423877943,0.8677302002906799,0.9,step_0.9
37.733333333,33.98138427734375,40.8055534362793,-2.51790742846868,0.8664817214012146,0.9,step_0.9
37.749999999,33.9813346862793,40.805477142333984,-2.503556606018987,0.8723355531692505,0.9,step_0.9
37.766666666,33.98123550415039,40.80535888671875,-2.489162596285143,0.8709519505500793,0.9,step_0.9
37.783333333,33.98112487792969,40.805233001708984,-2.4747981701430763,0.8694274425506592,0.9,step_0.9
37.799999999,33.98102569580078,40.80512619018555,-2.460459515482724,0.8680229187011719,0.9,step_0.9
37.816666666,33.98091506958008,40.80500030517578,-2.4461462194328893,0.8650494813919067,0.9,step_0.9
37.833333333,33.98080825805664,40.804893493652344,-2.4318661460771605,0.8645676374435425,0.9,step_0.9
37.849999999,33.98069763183594,40.804779052734375,-2.417590054523225,0.8631541132926941,0.9,step_0.9
37.866666666,33.98060607910156,40.80465316772461,-2.40332714807726,0.8635372519493103,0.9,step_0.9
37.883333333,33.98051834106445,40.804542541503906,-2.3890480017804783,0.8626351952552795,0.9,step_0.9
37.899999999,33.98043441772461,40.80458068847656,-2.374629135317626,0.8795872926712036,0.9,step_0.9
37.916666666,33.980464935302734,40.80451583862305,-2.360086728475759,0.8810436129570007,0.9,step_0.9
37.933333333,33.98040771484375,40.80440902709961,-2.3455692436670654,0.8761228919029236,0.9,step_0.9
37.949999999,33.98032760620117,40.8043098449707,-2.331140187247137,0.8716131448745728,0.9,step_0.9
37.966666666,33.98024368286133,40.804195404052734,-2.3167621543879235,0.8687540292739868,0.9,step_0.9
37.983333333,33.98016357421875,40.80406188964844,-2.3024293272423835,0.865532636642456,0.9,step_0.9
37.999999999,33.98006820678711,40.80393981933594,-2.2881352427558244,0.8644148707389832,0.9,step_0.9
38.016666666,33.9799919128418,40.80380630493164,-2.2738605530144436,0.86216801404953,0.9,step_0.9
38.033333333,33.97990036010742,40.803680419921875,-2.2596221934807277,0.8609263300895691,0.9,step_0.9
38.049999999,33.97981262207031,40.803707122802734,-2.2452802839835786,0.8720952272415161,0.9,step_0.9
38.066666666,33.97984313964844,40.80374526977539,-2.2308950703236223,0.8703877329826355,0.9,step_0.9
38.083333333,33.97992706298828,40.803749084472656,-2.216540651218378,0.868100106716156,0.9,step_0.9
38.099999999,33.97995376586914,40.80366134643555,-2.2021536820934533,0.8730040192604065,0.9,step_0.9
38.116666666,33.97986602783203,40.80353546142578,-2.187760458970269,0.8698886632919312,0.9,step_0.9
38.133333333,33.979801177978516,40.80340576171875,-2.1734269836645694,0.8669513463973999,0.9,step_0.9
38.149999999,33.979713439941406,40.803279876708984,-2.159130689376242,0.8641108870506287,0.9,step_0.9
38.166666666,33.97962951660156,40.803306579589844,-2.144733222955382,0.874842643737793,0.9,step_0.9
38.183333333,33.979644775390625,40.80335235595703,-2.1303069181286824,0.8724815845489502,0.9,step_0.9
38.199999999,33.97972869873047,40.80337142944336,-2.115922694108059,0.8699853420257568,0.9,step_0.9
38.216666666,33.97972106933594,40.803306579589844,-2.1015184865815044,0.874605119228363,0.9,step_0.9
38.233333333,33.97965621948242,40.80317306518555,-2.087115759479792,0.8709137439727783,0.9,step_0.9
38.249999999,33.97957992553711,40.80303955078125,-2.0727703250547136,0.865892231464386,0.9,step_0.9
38.266666666,33.9794807434082,40.803035736083984,-2.058377208719683,0.873217761516571,0.9,step_0.9
38.283333333,33.97947311401367,40.803035736083984,-2.0439729921660708,0.8701552748680115,0.9,step_0.9
38.299999999,33.97951889038086,40.80299377441406,-2.02961411804079,0.8684704303741455,0.0,step_0.9_rest
38.316666666,33.979515075683594,40.80289840698242,-2.015251438592739,0.8689757585525513,0.0,step_0.9_rest
38.333333333,33.979434967041016,40.80287551879883,-2.000788327945589,0.8779732584953308,0.0,step_0.9_rest
38.349999999,33.97945022583008,40.8028678894043,-1.9863190297814433,0.8744561672210693,0.0,step_0.9_rest
38.366666666,33.97951889038086,40.80282974243164,-1.9719053797831325,0.8702964186668396,0.0,step_0.9_rest
38.383333333,33.97951889038086,40.802734375,-1.9575091764361223,0.8699275255203247,0.0,step_0.9_rest
38.399999999,33.979427337646484,40.80268478393555,-1.9431165032646573,0.8710333704948425,0.0,step_0.9_rest
38.416666666,33.979400634765625,40.802616119384766,-1.9287420007866003,0.8682534098625183,0.0,step_0.9_rest
38.433333333,33.97943115234375,40.80250930786133,-1.9144071206731603,0.8661823868751526,0.0,step_0.9_rest
38.449999999,33.9793701171875,40.8023796081543,-1.900096837333257,0.8655930161476135,0.0,step_0.9_rest
38.466666666,33.97926330566406,40.80229949951172,-1.887327641033157,0.7524183988571167,0.0,step_0.9_rest
38.483333333,33.97915267944336,40.80216979980469,-1.876832423970613,0.6168883442878723,0.0,step_0.9_rest
38.499999999,33.97907257080078,40.80207443237305,-1.8685680539796001,0.48161551356315613,0.0,step_0.9_rest
38.516666666,33.97897720336914,40.80194854736328,-1.8624826574337365,0.3443724513053894,0.0,step_0.9_rest
38.533333333,33.9788818359375,40.80180358886719,-1.8585450680416746,0.20760366320610046,0.0,step_0.9_rest
38.549999999,33.97888946533203,40.80168533325195,-1.8565630814544707,0.07849704474210739,0.0,step_0.9_rest
38.566666666,33.9788932800293,40.80161666870117,-1.8559458752793012,0.01913246512413025,0.0,step_0.9_rest
38.583333333,33.97892379760742,40.801612854003906,-1.8559064843738986,0.004538610111922026,0.0,step_0.9_rest
38.599999999,33.97888946533203,40.80161666870117,-1.8559454420170263,-0.004292197525501251,0.0,step_0.9_rest
38.616666666,33.97887420654297,40.80162048339844,-1.8559615189272423,-0.007001808378845453,0.0,step_0.9_rest
38.633333333,33.978946685791016,40.801612854003906,-1.8558806475261973,0.0011485493741929531,0.0,step_0.9_rest
38.649999999,33.97896957397461,40.801605224609375,-1.8558565748865392,0.0018727494170889258,0.0,step_0.9_rest
38.666666666,33.97897720336914,40.80160903930664,-1.855847846049335,0.009479929693043232,0.0,step_0.9_rest
38.683333333,33.97890853881836,40.80162048339844,-1.8559170569305263,-0.001815080177038908,0.0,step_0.9_rest
38.699999999,33.9788932800293,40.8016242980957,-1.8559335132367711,0.004915219731628895,0.0,step_0.9_rest
38.716666666,33.97887420654297,40.80162811279297,-1.855949427311648,0.004923190921545029,0.0,step_0.9_rest
38.733333333,33.97892761230469,40.8016242980957,-1.8558711323626216,0.004697585944086313,0.0,step_0.9_rest
38.749999999,33.97884750366211,40.8016357421875,-1.8559458216463762,-0.005716636311262846,0.0,step_0.9_rest
38.766666666,33.97895050048828,40.80160903930664,-1.8558387094161366,0.0019488492980599403,0.0,step_0.9_rest
38.783333333,33.978973388671875,40.80160140991211,-1.8558041173642998,-0.0013431815896183252,0.0,step_0.9_rest
38.799999999,33.9788703918457,40.80162048339844,-1.8559123122128243,-0.006879905238747597,0.0,step_0.9_rest
38.816666666,33.97895050048828,40.80160903930664,-1.855824151424197,0.00023828697158023715,0.0,step_0.9_rest
38.833333333,33.97898864746094,40.801597595214844,-1.8557646747121597,0.0013348633656278253,0.0,step_0.9_rest
38.849999999,33.9788932800293,40.801612854003906,-1.855871512322352,-0.0027735200710594654,0.0,step_0.9_rest
38.866666666,33.978885650634766,40.80161666870117,-1.8558806748576513,-0.0025498662143945694,0.0,step_0.9_rest
38.883333333,33.97895431518555,40.801597595214844,-1.8557981010045697,0.003796068951487541,0.0,step_0.9_rest
38.899999999,33.978965759277344,40.801597595214844,-1.8557784189280606,-0.004838725086301565,0.0,step_0.9_rest
38.916666666,33.97896194458008,40.80159378051758,-1.8557819715592403,0.009673791006207466,0.0,step_0.9_rest
38.933333333,33.9788818359375,40.801612854003906,-1.8558490383404855,-0.003915865905582905,0.0,step_0.9_rest
38.949999999,33.978946685791016,40.801597595214844,-1.8557657331405504,0.0033681357745081186,0.0,step_0.9_rest
38.966666666,33.97895431518555,40.801597595214844,-1.855753208598115,-0.0034698413219302893,0.0,step_0.9_rest
38.983333333,33.97896194458008,40.80159378051758,-1.8557428267475657,-3.0015711672604084e-05,0.0,step_0.9_rest
38.999999999,33.97896194458008,40.801597595214844,-1.855737703289867,0.006395739037543535,0.0,step_0.9_rest
39.016666666,33.97895050048828,40.80160140991211,-1.8557482474922753,-0.0009711298625916243,0.0,step_0.9_rest
39.033333333,33.97895050048828,40.801597595214844,-1.8557400610806885,-0.004359920974820852,0.0,step_0.9_rest
39.049999999,33.97896957397461,40.80158996582031,-1.8557088594240245,-0.0019398018484935164,0.0,step_0.9_rest
39.066666666,33.97890090942383,40.80160903930664,-1.8557943319735501,-0.006607270799577236,0.0,step_0.9_rest
39.083333333,33.9788818359375,40.801612854003906,-1.8558303863776742,-0.0063180397264659405,0.0,step_0.9_rest
39.099999999,33.97895050048828,40.80159378051758,-1.8557487900666794,0.0007413242128677666,0.0,step_0.9_rest
39.116666666,33.97895431518555,40.80159378051758,-1.8557344769704958,-0.0036593538243323565,0.0,step_0.9_rest
39.133333333,33.97895812988281,40.80159378051758,-1.855734070979466,0.004744667559862137,0.0,step_0.9_rest
39.149999999,33.9788703918457,40.8016242980957,-1.8558309575414786,-0.0017425562255084515,0.0,step_0.9_rest
39.166666666,33.978965759277344,40.80160140991211,-1.8557255054552029,0.0050310008227825165,0.0,step_0.9_rest
39.183333333,33.978878021240234,40.80161666870117,-1.8558227967922944,-0.0024576119612902403,0.0,step_0.9_rest
39.199999999,33.97895431518555,40.80160140991211,-1.8557281077073777,0.004192247521132231,0.0,step_0.9_rest
39.216666666,33.97896957397461,40.80159378051758,-1.8557047125175605,0.0021406656596809626,0.0,step_0.9_rest
39.233333333,33.97888946533203,40.801605224609375,-1.8557961485215868,-0.004416930954903364,0.0,step_0.9_rest
39.249999999,33.97888946533203,40.801605224609375,-1.8558012995093052,0.002603039378300309,0.0,step_0.9_rest
39.266666666,33.978885650634766,40.80160140991211,-1.8558152065242945,-0.00037842438905499876,0.0,step_0.9_rest
39.283333333,33.9788818359375,40.80160140991211,-1.8558218202442793,-0.004251883365213871,0.0,step_0.9_rest
39.299999999,33.978904724121094,40.801597595214844,-1.8557905644675037,-0.00051780667854473,0.0,step_0.9_rest
39.316666666,33.97890853881836,40.801597595214844,-1.8557820250823969,-0.008243109099566936,0.0,step_0.9_rest
39.333333333,33.97901153564453,40.80157470703125,-1.8556990750443427,0.004182638134807348,0.0,step_0.9_rest
39.349999999,33.978939056396484,40.801597595214844,-1.8558023029717272,0.0050203935243189335,0.0,step_0.9_rest
39.366666666,33.97896957397461,40.80158615112305,-1.855754780971708,0.0020994660444557667,0.0,step_0.9_rest
39.383333333,33.97887420654297,40.801597595214844,-1.855856981277744,-0.005950788501650095,0.0,step_0.9_rest
39.399999999,33.978946685791016,40.80158233642578,-1.8557741918788468,0.0034775531385093927,0.0,step_0.9_rest
39.416666666,33.97895050048828,40.801578521728516,-1.8557633746171045,0.0058102114126086235,0.0,step_0.9_rest
39.433333333,33.97893524169922,40.80158233642578,-1.8557786091672202,0.002771609229966998,0.0,step_0.9_rest
39.449999999,33.97896194458008,40.80157470703125,-1.8557452386155502,0.000277118815574795,0.0,step_0.9_rest
39.466666666,33.978878021240234,40.80158996582031,-1.8558442406495161,-0.0010958194034174085,0.0,step_0.9_rest
39.483333333,33.97890853881836,40.80157470703125,-1.8557965550502173,-0.00012823603174183518,0.0,step_0.9_rest
39.499999999,33.9788703918457,40.80158996582031,-1.855853594508217,-0.005090855993330479,0.0,step_0.9_rest
39.516666666,33.978939056396484,40.80157470703125,-1.855776821268072,-0.0005868026055395603,0.0,step_0.9_rest
39.533333333,33.978946685791016,40.801570892333984,-1.8557621545750922,-0.0010261137504130602,0.0,step_0.9_rest
39.549999999,33.978965759277344,40.80156326293945,-1.85573171181651,-0.00642508827149868,0.0,step_0.9_rest
39.566666666,33.9788703918457,40.80158233642578,-1.8558549756387563,-0.0035852587316185236,0.0,step_0.9_rest
39.583333333,33.97894287109375,40.80156326293945,-1.8557738657278093,0.003604707308113575,0.0,step_0.9_rest
39.599999999,33.97895812988281,40.80155944824219,-1.855744805729374,0.007932760752737522,0.0,step_0.9_rest
39.616666666,33.97890853881836,40.801570892333984,-1.8557996999993227,-0.0007929596467874944,0.0,step_0.9_rest
39.633333333,33.978939056396484,40.80156707763672,-1.8557525583096874,-0.00397027051076293,0.0,step_0.9_rest
39.649999999,33.97895812988281,40.80156326293945,-1.8557239322739405,-0.001983079593628645,0.0,step_0.9_rest
39.666666666,33.97890090942383,40.80157470703125,-1.8557943323367734,-0.00328082381747663,0.0,step_0.9_rest
39.683333333,33.9788818359375,40.80158615112305,-1.8558322854808216,0.0008412953466176987,0.0,step_0.9_rest
39.699999999,33.97887420654297,40.80158615112305,-1.8558297635341576,-0.0054076360538601875,0.0,step_0.9_rest
39.716666666,33.97895431518555,40.80156326293945,-1.8557424457055323,0.0023690001107752323,0.0,step_0.9_rest
39.733333333,33.97887420654297,40.80158996582031,-1.8558362701392692,-0.004406920168548822,0.0,step_0.9_rest
39.749999999,33.97891616821289,40.801570892333984,-1.855771073634916,0.0011541343992576003,0.0,step_0.9_rest
39.766666666,33.97883224487305,40.801605224609375,-1.855880051410619,-0.004652924370020628,0.0,step_0.9_rest
39.783333333,33.97890090942383,40.80158233642578,-1.8557861460795884,-0.003091858932748437,0.0,step_0.9_rest
39.799999999,33.97885513305664,40.80158996582031,-1.8558484148058956,-0.005810762755572796,0.0,step_0.9_rest
39.816666666,33.97893142700195,40.801578521728516,-1.8557676847943996,4.6879180445102975e-05,0.0,step_0.9_rest
39.833333333,33.978965759277344,40.80156707763672,-1.8557084525317715,0.0008069699979387224,0.0,step_0.9_rest
39.849999999,33.978878021240234,40.80158615112305,-1.8558044710725008,-0.004381690174341202,0.0,step_0.9_rest
39.866666666,33.978858947753906,40.80159378051758,-1.8558364882126408,0.001567056984640658,0.0,step_0.9_rest
39.883333333,33.97895431518555,40.80157470703125,-1.8557261019580191,0.005063251592218876,0.0,step_0.9_rest
39.899999999,33.97895812988281,40.80157470703125,-1.8557191613071344,-0.004772697575390339,0.0,step_0.9_rest
39.916666666,33.978885650634766,40.80160140991211,-1.8558371102029287,-0.00485656363889575,0.0,step_0.9_rest
39.933333333,33.978878021240234,40.801605224609375,-1.8558527801706013,2.6800911655300297e-05,0.0,step_0.9_rest
39.949999999,33.97891616821289,40.801597595214844,-1.8557979109039577,0.00035765644861385226,0.0,step_0.9_rest
39.966666666,33.978946685791016,40.80159378051758,-1.8557642964060659,-0.0025348106864839792,0.0,step_0.9_rest
39.983333333,33.978858947753906,40.801605224609375,-1.8558850136792875,-0.000679567048791796,0.0,step_0.9_rest
39.999999999,33.97885513305664,40.801605224609375,-1.8558993272838809,-0.0005487342132255435,0.0,step_0.9_rest
40.016666666,33.97883605957031,40.80161666870117,-1.85592914947573,0.0014666324714198709,0.0,step_0.9_rest
40.033333333,33.97889709472656,40.80160903930664,-1.85584798198102,0.003711191937327385,0.0,step_0.9_rest
40.049999999,33.97883987426758,40.80162048339844,-1.8559174637236941,-0.0007799467421136796,0.0,step_0.9_rest
40.066666666,33.97887420654297,40.80162048339844,-1.855872054780226,0.001696112914942205,0.0,step_0.9_rest
40.083333333,33.97884750366211,40.8016242980957,-1.855912069088041,-0.0006125419749878347,0.0,step_0.9_rest
40.099999999,33.97893142700195,40.80160140991211,-1.8558128481688136,0.005250170826911926,0.0,step_0.9_rest
40.116666666,33.97885513305664,40.801612854003906,-1.8558954230817506,-0.0005575611721724272,0.0,step_0.9_rest
40.133333333,33.978824615478516,40.80162048339844,-1.855939260502316,-0.008655006997287273,0.0,step_0.9_rest
40.149999999,33.97892761230469,40.801605224609375,-1.855856331470523,0.002393362345173955,0.0,step_0.9_rest
40.166666666,33.97892379760742,40.801612854003906,-1.8558613467344862,0.006171246990561485,0.0,step_0.9_rest
40.183333333,33.97887420654297,40.80161666870117,-1.855907894282531,-0.0023156120441854,0.0,step_0.9_rest
40.199999999,33.97888946533203,40.80160903930664,-1.8558784792956353,-0.0039388942532241344,0.0,step_0.9_rest
40.216666666,33.97883987426758,40.8016242980957,-1.8559520298318102,-0.00508292019367218,0.0,step_0.9_rest
40.233333333,33.97894287109375,40.80160140991211,-1.855852807076793,0.005195326171815395,0.0,step_0.9_rest
40.249999999,33.97886657714844,40.801612854003906,-1.8559418366947475,0.00028646839200519025,0.0,step_0.9_rest
40.266666666,33.97882080078125,40.80162811279297,-1.8560009653458633,-0.006554041989147663,0.0,step_0.9_rest
40.283333333,33.97888946533203,40.80160903930664,-1.8559171666550243,-0.0007808197988197207,0.0,step_0.9_rest
40.299999999,33.978790283203125,40.801631927490234,-1.856023006799503,-0.006015878636389971,0.0,step_0.9_rest
40.316666666,33.97885513305664,40.80160903930664,-1.8559307480058833,-0.001032741623930633,0.0,step_0.9_rest
40.333333333,33.978858947753906,40.801612854003906,-1.855934136933859,0.005509299226105213,0.0,step_0.9_rest
40.349999999,33.97884750366211,40.80160903930664,-1.8559391247899264,1.2554773093143012e-05,0.0,step_0.9_rest
40.366666666,33.97883224487305,40.801612854003906,-1.8559599465028367,-0.006456291303038597,0.0,step_0.9_rest
40.383333333,33.97893524169922,40.80160140991211,-1.8558651417537024,0.003021220676600933,0.0,step_0.9_rest
40.399999999,33.97886276245117,40.801612854003906,-1.8559531689593218,-0.003749833907932043,0.0,step_0.9_rest
40.416666666,33.978824615478516,40.80162048339844,-1.8559961664929838,-0.0032770370598882437,0.0,step_0.9_rest
40.433333333,33.97890853881836,40.801605224609375,-1.8559013333594172,0.0006671749288216233,0.0,step_0.9_rest
40.449999999,33.97893142700195,40.801597595214844,-1.8558720545697098,0.0032103583216667175,0.0,step_0.9_rest
40.466666666,33.978939056396484,40.80159378051758,-1.8558681242844477,0.00806061178445816,0.0,step_0.9_rest
40.483333333,33.978851318359375,40.801605224609375,-1.855950457217803,-0.0027847872115671635,0.0,step_0.9_rest
40.499999999,33.97884750366211,40.80160903930664,-1.8559589978526807,0.002357478253543377,0.0,step_0.9_rest
40.516666666,33.978843688964844,40.80160903930664,-1.8559657211770761,0.0006595999584533274,0.0,step_0.9_rest
40.533333333,33.97890853881836,40.80159378051758,-1.8558792659318644,0.004842665046453476,0.0,step_0.9_rest
40.549999999,33.97891616821289,40.80159378051758,-1.8558675006053644,0.00518115283921361,0.0,step_0.9_rest
40.566666666,33.97895050048828,40.80158615112305,-1.8558214137495868,0.007656273897737265,0.0,step_0.9_rest
40.583333333,33.97884750366211,40.801597595214844,-1.8559126652894977,-0.0036070069763809443,0.0,step_0.9_rest
40.599999999,33.978843688964844,40.80160140991211,-1.8559227772532785,-0.006216456647962332,0.0,step_0.9_rest
40.616666666,33.97893524169922,40.80158233642578,-1.8558330984358975,0.0032697063870728016,0.0,step_0.9_rest
40.633333333,33.978843688964844,40.801605224609375,-1.8559406987219167,-0.00222447095438838,0.0,step_0.9_rest
40.649999999,33.9788703918457,40.80159378051758,-1.855905535093185,-0.0023065682034939528,0.0,step_0.9_rest
40.666666666,33.97883987426758,40.801605224609375,-1.8559502130460592,-0.008688167668879032,0.0,step_0.9_rest
40.683333333,33.978919982910156,40.80159378051758,-1.8558760668681278,0.003259221790358424,0.0,step_0.9_rest
40.699999999,33.978946685791016,40.80158615112305,-1.8558423975327898,0.007737744599580765,0.0,step_0.9_rest
40.716666666,33.97886657714844,40.801597595214844,-1.8559227774422915,-0.0008720264304429293,0.0,step_0.9_rest
40.733333333,33.97882843017578,40.80160903930664,-1.855969489103342,-0.008409014903008938,0.0,step_0.9_rest
40.749999999,33.9788932800293,40.80160140991211,-1.8558997066709733,-4.168082159594633e-05,0.0,step_0.9_rest
40.766666666,33.97884750366211,40.80160903930664,-1.8559649620641843,-0.0026392980944365263,0.0,step_0.9_rest
40.783333333,33.978843688964844,40.80160903930664,-1.8559717121901786,-0.00626410124823451,0.0,step_0.9_rest
40.799999999,33.978919982910156,40.80158615112305,-1.8558862328026284,0.003676585853099823,0.0,step_0.9_rest
40.816666666,33.97894287109375,40.80158233642578,-1.8558577932076594,-0.003209899179637432,0.0,step_0.9_rest
40.833333333,33.978843688964844,40.80160140991211,-1.8559802803973873,-0.0009253930766135454,0.0,step_0.9_rest
40.849999999,33.97883987426758,40.80160140991211,-1.8559733385209936,-0.004639813676476479,0.0,step_0.9_rest
40.866666666,33.978851318359375,40.80159378051758,-1.8559508637164817,-0.003783696796745062,0.0,step_0.9_rest
40.883333333,33.97882080078125,40.801612854003906,-1.8560029455301357,0.004720029421150684,0.0,step_0.9_rest
40.899999999,33.97893524169922,40.80159378051758,-1.8558641391227777,0.005501702427864075,0.0,step_0.9_rest
40.916666666,33.97883987426758,40.801605224609375,-1.8559649620224972,-0.001745663583278656,0.0,step_0.9_rest
40.933333333,33.97892379760742,40.80158996582031,-1.8558615634328774,0.0009211520664393902,0.0,step_0.9_rest
40.949999999,33.978858947753906,40.80160140991211,-1.8559384476370346,-0.003219941398128867,0.0,step_0.9_rest
40.966666666,33.978843688964844,40.80160140991211,-1.85595837428472,0.0029208154883235693,0.0,step_0.9_rest
40.983333333,33.97880554199219,40.80161666870117,-1.8559991496103332,-0.0030944058671593666,0.0,step_0.9_rest
40.999999999,33.978912353515625,40.80158996582031,-1.855885203143021,0.00232246657833457,0.0,step_0.9_rest
41.016666666,33.97894287109375,40.80158615112305,-1.85584307451581,0.0053323013707995415,0.0,step_0.9_rest
41.033333333,33.97886276245117,40.801597595214844,-1.8559328903654013,-0.0009860136779025197,0.0,step_0.9_rest
41.049999999,33.97883987426758,40.80160903930664,-1.8559731219163498,0.00249113398604095,0.0,step_0.9_rest
41.066666666,33.97883987426758,40.80160903930664,-1.8559576413518428,-0.004992291331291199,0.0,step_0.9_rest
41.083333333,33.97890853881836,40.801597595214844,-1.8558712414412835,-0.0026708291843533516,0.0,step_0.9_rest
41.099999999,33.978904724121094,40.801597595214844,-1.8558774757530476,-0.004508872516453266,0.0,step_0.9_rest
41.116666666,33.978939056396484,40.80158233642578,-1.8558327187665429,0.005105152260512114,0.0,step_0.9_rest
41.133333333,33.978824615478516,40.80160140991211,-1.8559472602531049,-0.002951232483610511,0.0,step_0.9_rest
41.149999999,33.978939056396484,40.80159378051758,-1.8558352673832959,0.004415631759911776,0.0,step_0.9_rest
41.166666666,33.978843688964844,40.80160140991211,-1.85593828482944,-0.0031564158853143454,0.0,step_0.9_rest
41.183333333,33.978878021240234,40.80158996582031,-1.8558873717739375,-0.00011017754150088876,0.0,step_0.9_rest
41.199999999,33.97895431518555,40.80157470703125,-1.8557939529163778,0.004302770830690861,0.0,step_0.9_rest
41.216666666,33.978858947753906,40.80158615112305,-1.855901576756118,-0.0025657881051301956,0.0,step_0.9_rest
41.233333333,33.97883224487305,40.801597595214844,-1.8559428932011652,-0.003498332342132926,0.0,step_0.9_rest
41.249999999,33.97893142700195,40.801578521728516,-1.8558392525038852,0.004908910021185875,0.0,step_0.9_rest
41.266666666,33.978851318359375,40.80158996582031,-1.8559269794288007,-0.0006121000042185187,0.0,step_0.9_rest
41.283333333,33.97881317138672,40.801605224609375,-1.8559783004355457,-0.0025988034904003143,0.0,step_0.9_rest
41.299999999,33.97889709472656,40.80158615112305,-1.855881624310059,-6.237035995582119e-05,0.0,step_0.9_rest
41.316666666,33.97886657714844,40.80159378051758,-1.8559239971823775,-0.00015460237045772374,0.0,step_0.9_rest
41.333333333,33.97883605957031,40.80160140991211,-1.8559641222929768,0.0038998506497591734,0.0,step_0.9_rest
41.349999999,33.978878021240234,40.801597595214844,-1.8558979443701857,0.002523258561268449,0.0,step_0.9_rest
41.366666666,33.97896957397461,40.80155944824219,-1.8557740557082314,0.006144997663795948,0.0,step_0.9_rest
41.383333333,33.978919982910156,40.80158233642578,-1.8558464357067486,0.0009299187804572284,0.0,step_0.9_rest
41.399999999,33.978939056396484,40.80157470703125,-1.85581544884527,-0.0013989764265716076,0.0,step_0.9_rest
41.416666666,33.978843688964844,40.80158996582031,-1.8559300977531634,-0.005120920017361641,0.0,step_0.9_rest
41.433333333,33.978904724121094,40.801578521728516,-1.8558635691685619,0.003022645367309451,0.0,step_0.9_rest
41.449999999,33.97893524169922,40.80157470703125,-1.8558124415476875,0.005751462187618017,0.0,step_0.9_rest
41.466666666,33.97883605957031,40.80158996582031,-1.8559164607047398,-0.0019285350572317839,0.0,step_0.9_rest
41.483333333,33.978919982910156,40.801570892333984,-1.8558146101577917,0.0011249651433899999,0.0,step_0.9_rest
41.499999999,33.97888946533203,40.80158615112305,-1.8558608038231423,-0.0014772913418710232,0.0,step_0.9_rest
41.516666666,33.9788703918457,40.80158996582031,-1.855898730721908,-0.0001668266486376524,0.0,step_0.9_rest
41.533333333,33.978843688964844,40.80159378051758,-1.855934706472189,-0.0009190301061607897,0.0,step_0.9_rest
41.549999999,33.97890853881836,40.80157470703125,-1.855852616987372,0.0037060906179249287,0.0,step_0.9_rest
41.566666666,33.97893142700195,40.801570892333984,-1.8558188382276042,-0.0011295987060293555,0.0,step_0.9_rest
41.583333333,33.97883987426758,40.80159378051758,-1.8559267362481118,-0.0010250979103147984,0.0,step_0.9_rest
41.599999999,33.97890090942383,40.80158233642578,-1.8558514241775397,0.0029038623906672,0.0,step_0.9_rest
41.616666666,33.97895050048828,40.80157470703125,-1.8557895614284816,0.006769136525690556,0.0,step_0.9_rest
41.633333333,33.978851318359375,40.80158996582031,-1.8558872356998202,-0.003432182827964425,0.0,step_0.9_rest
41.649999999,33.97883987426758,40.80159378051758,-1.8559174094609707,-0.007275694981217384,0.0,step_0.9_rest
41.666666666,33.978885650634766,40.801578521728516,-1.855860966887971,0.0012271052692085505,0.0,step_0.9_rest
41.683333333,33.9788818359375,40.801578521728516,-1.855864491852208,0.007357166614383459,0.0,step_0.9_rest
41.699999999,33.97881317138672,40.80159378051758,-1.855929364766308,-0.002765657613053918,0.0,step_0.9_rest
41.716666666,33.97893142700195,40.80156326293945,-1.8558133907490708,0.004817654378712177,0.0,step_0.9_rest
41.733333333,33.97883224487305,40.80158615112305,-1.8559154312577222,-0.004246214870363474,0.0,step_0.9_rest
41.749999999,33.97890853881836,40.80157470703125,-1.855822553591853,0.0006414363742806017,0.0,step_0.9_rest
41.766666666,33.97891616821289,40.801570892333984,-1.85580170566786,-0.0015530380187556148,0.0,step_0.9_rest
41.783333333,33.978939056396484,40.80156707763672,-1.8557730526893959,0.006221076939254999,0.0,step_0.9_rest
41.799999999,33.978851318359375,40.80158615112305,-1.8558699135987144,-0.0009508146322332323,0.0,step_0.9_rest
41.816666666,33.97884750366211,40.80158615112305,-1.8558760669416323,0.008197332732379436,0.0,step_0.9_rest
41.833333333,33.97883224487305,40.80159378051758,-1.8559014963000335,0.0025305594317615032,0.0,step_0.9_rest
41.849999999,33.9788932800293,40.80158233642578,-1.8558156133898032,0.003164112102240324,0.0,step_0.9_rest
41.866666666,33.97894287109375,40.80156326293945,-1.8557444256082303,-0.00818506721407175,0.0,step_0.9_rest
41.883333333,33.97885513305664,40.801597595214844,-1.8558693433428501,-0.007837079465389252,0.0,step_0.9_rest
41.899999999,33.97887420654297,40.80158996582031,-1.8558500148647117,-0.0011893266346305609,0.0,step_0.9_rest
41.916666666,33.978973388671875,40.801570892333984,-1.855734477605563,0.005411379970610142,0.0,step_0.9_rest
41.933333333,33.97887420654297,40.801597595214844,-1.8558464093954237,-0.0015134892892092466,0.0,step_0.9_rest
41.949999999,33.97886657714844,40.80160140991211,-1.8558625391993324,-0.006417013704776764,0.0,step_0.9_rest
41.966666666,33.97882843017578,40.801605224609375,-1.855923807550211,-0.005624164827167988,0.0,step_0.9_rest
41.983333333,33.97888946533203,40.80160140991211,-1.855857171549612,-0.00021967850625514984,0.0,step_0.9_rest
41.999999999,33.978858947753906,40.80160903930664,-1.8559094398155764,-0.002174276625737548,0.0,step_0.9_rest
42.016666666,33.97884750366211,40.801612854003906,-1.8559247571733426,0.0016790113877505064,0.0,step_0.9_rest
42.033333333,33.97888946533203,40.801605224609375,-1.855873221001706,4.7645808081142604e-06,0.0,step_0.9_rest
42.049999999,33.97882843017578,40.80161666870117,-1.8559484779007478,-0.005301926285028458,0.0,step_0.9_rest
42.066666666,33.97890090942383,40.80160140991211,-1.8558663883098243,0.001419535488821566,0.0,step_0.9_rest
42.083333333,33.97893142700195,40.80159378051758,-1.8558255346512236,0.0009040461736731231,0.0,step_0.9_rest
42.099999999,33.97884750366211,40.80160903930664,-1.855924023896921,-0.004089358728379011,0.0,step_0.9_rest
42.116666666,33.97886276245117,40.801605224609375,-1.8559058612016972,-0.0027304072864353657,0.0,step_0.9_rest
42.133333333,33.978843688964844,40.801612854003906,-1.8559440866615977,-0.0015884734457358718,0.0,step_0.9_rest
42.149999999,33.978824615478516,40.80161666870117,-1.8559609765227554,-0.008494189940392971,0.0,step_0.9_rest
42.166666666,33.97889709472656,40.801605224609375,-1.8558852027892163,0.0003112946869805455,0.0,step_0.9_rest
42.183333333,33.978858947753906,40.80160903930664,-1.8559361430665409,0.0041707707569003105,0.0,step_0.9_rest
42.199999999,33.978858947753906,40.801612854003906,-1.8559377423635157,0.0032540722750127316,0.0,step_0.9_rest
42.216666666,33.978858947753906,40.80161666870117,-1.8559340830217856,-0.00021672146976925433,0.0,step_0.9_rest
42.233333333,33.97882080078125,40.8016242980957,-1.855980821537696,-0.006546738091856241,0.0,step_0.9_rest
42.249999999,33.9788703918457,40.801612854003906,-1.8559160537592592,-0.0025007182266563177,0.0,step_0.9_rest
42.266666666,33.97883224487305,40.80162048339844,-1.8559631459684438,-0.00410843500867486,0.0,step_0.9_rest
42.283333333,33.978919982910156,40.801605224609375,-1.8558667141080254,0.0020347919780761003,0.0,step_0.9_rest
42.299999999,33.97892761230469,40.80159378051758,-1.8558490110929824,-0.003695268649607897,0.0,step_0.9_rest
42.316666666,33.978885650634766,40.801597595214844,-1.8559091133873868,-0.0011326683452352881,0.0,step_0.9_rest
42.333333333,33.97886657714844,40.801605224609375,-1.8559335666961685,-0.0039002010598778725,0.0,step_0.9_rest
42.349999999,33.97881317138672,40.801612854003906,-1.8559945937807107,-0.006881869863718748,0.0,step_0.9_rest
42.366666666,33.97893524169922,40.80160140991211,-1.8558957755597585,0.0039004299324005842,0.0,step_0.9_rest
42.383333333,33.978946685791016,40.801605224609375,-1.85589095074665,0.00848101545125246,0.0,step_0.9_rest
42.399999999,33.978843688964844,40.80160903930664,-1.8559703561318022,-0.0021333759650588036,0.0,step_0.9_rest
42.416666666,33.97892761230469,40.80158996582031,-1.8558794019386,0.006294615101069212,0.0,step_0.9_rest
42.433333333,33.97883987426758,40.801605224609375,-1.8559633351912155,-0.005032421555370092,0.0,step_0.9_rest
42.449999999,33.978919982910156,40.80158996582031,-1.855870942615018,0.0009550725808367133,0.0,step_0.9_rest
42.466666666,33.97893142700195,40.80158615112305,-1.8558607231647783,-0.001561340526677668,0.0,step_0.9_rest
42.483333333,33.978843688964844,40.80160140991211,-1.855968324437487,-0.0011310980189591646,0.0,step_0.9_rest
42.499999999,33.97893524169922,40.80158615112305,-1.8558715123501424,0.004652867559343576,0.0,step_0.9_rest
42.516666666,33.97886276245117,40.801597595214844,-1.8559590243379138,-0.0020420600194483995,0.0,step_0.9_rest
42.533333333,33.97882843017578,40.80161666870117,-1.856009315618011,-0.00451658945530653,0.0,step_0.9_rest
42.549999999,33.978904724121094,40.80160903930664,-1.8559227769860311,0.0002315156307304278,0.0,step_0.9_rest
42.566666666,33.97896194458008,40.80158615112305,-1.8558446737378937,0.006292297504842281,0.0,step_0.9_rest
42.583333333,33.97886657714844,40.801597595214844,-1.8559454694369246,-0.001613857690244913,1.2,step_1.2
42.599999999,33.97886657714844,40.801597595214844,-1.855946878493204,-0.0060456921346485615,1.2,step_1.2
42.616666666,33.978824615478516,40.801612854003906,-1.856012514732074,-0.005704218987375498,1.2,step_1.2
42.633333333,33.9788932800293,40.801605224609375,-1.8559226138643439,0.0006020276923663914,1.2,step_1.2
42.649999999,33.97879409790039,40.80162048339844,-1.8560257992908766,-0.004457380156964064,1.2,step_1.2
42.666666666,33.978885650634766,40.801605224609375,-1.8559211779561045,1.2307425095059443e-05,1.2,step_1.2
42.683333333,33.9788818359375,40.801605224609375,-1.8559260031744116,-3.1244508136296645e-05,1.2,step_1.2
42.699999999,33.97892761230469,40.80159378051758,-1.855867257210635,0.00034292542841285467,1.2,step_1.2
42.716666666,33.97886657714844,40.80160140991211,-1.855937715219581,-0.0026719393208622932,1.2,step_1.2
42.733333333,33.97880554199219,40.8016242980957,-1.8560081223677496,-0.008973411284387112,1.2,step_1.2
42.749999999,33.9788932800293,40.80158233642578,-1.8551480800305673,0.04914095252752304,1.2,step_1.2
42.766666666,33.97856521606445,40.80173110961914,-1.8529039156629326,0.1417984664440155,1.2,step_1.2
42.783333333,33.97890090942383,40.80158615112305,-1.8489546749618364,0.2435242384672165,1.2,step_1.2
42.799999999,33.97850036621094,40.801815032958984,-1.8437648562350213,0.3156298100948334,1.2,step_1.2
42.816666666,33.97903060913086,40.80171585083008,-1.8370334788624978,0.4098072648048401,1.2,step_1.2
42.833333333,33.97874450683594,40.80194091796875,-1.8291967172880506,0.47302019596099854,1.2,step_1.2
42.849999999,33.979156494140625,40.802127838134766,-1.8199387505345441,0.5682996511459351,1.2,step_1.2
42.866666666,33.97906494140625,40.80269241333008,-1.8093076070767975,0.646062433719635,1.2,step_1.2
42.883333333,33.97936248779297,40.80345916748047,-1.7976387799323632,0.7146080732345581,1.2,step_1.2
42.899999999,33.979488372802734,40.80439376831055,-1.784519003472072,0.7981387972831726,1.2,step_1.2
42.916666666,33.97964096069336,40.805355072021484,-1.7707378621284635,0.8428801894187927,1.2,step_1.2
42.933333333,33.97977066040039,40.80619430541992,-1.7561347772515723,0.9015219211578369,1.2,step_1.2
42.949999999,33.979896545410156,40.80693054199219,-1.7405439226413875,0.9664936661720276,1.2,step_1.2
42.966666666,33.980010986328125,40.80757522583008,-1.7241577254476375,1.0009191036224365,1.2,step_1.2
42.983333333,33.980125427246094,40.80808639526367,-1.7071901035364083,1.0404646396636963,1.2,step_1.2
42.999999999,33.9802360534668,40.80836868286133,-1.6896230176224813,1.0698338747024536,1.2,step_1.2
43.016666666,33.98029327392578,40.808441162109375,-1.671639191222638,1.0950002670288086,1.2,step_1.2
43.033333333,33.98036193847656,40.80830001831055,-1.653299851774953,1.1154669523239136,1.2,step_1.2
43.049999999,33.98044967651367,40.808040618896484,-1.6347473690580432,1.1230120658874512,1.2,step_1.2
43.066666666,33.98051071166992,40.80771255493164,-1.6160894351485051,1.128342628479004,1.2,step_1.2
43.083333333,33.980613708496094,40.80744934082031,-1.597375223250374,1.1308377981185913,1.2,step_1.2
43.099999999,33.98067092895508,40.807159423828125,-1.578617913104597,1.13396155834198,1.2,step_1.2
43.116666666,33.98066711425781,40.806968688964844,-1.5597875961489278,1.1403236389160156,1.2,step_1.2
43.133333333,33.98076248168945,40.80685043334961,-1.5409019209243051,1.1411234140396118,1.2,step_1.2
43.149999999,33.98085403442383,40.80668258666992,-1.521975402341719,1.1422758102416992,1.2,step_1.2
43.166666666,33.980926513671875,40.80656051635742,-1.5030601611069812,1.142191767692566,1.2,step_1.2
43.183333333,33.98100662231445,40.806396484375,-1.4841075024265105,1.1445155143737793,1.2,step_1.2
43.199999999,33.9810905456543,40.80620193481445,-1.465161901530648,1.1437121629714966,1.2,step_1.2
43.216666666,33.98118209838867,40.80600357055664,-1.4462482581778235,1.1407870054244995,1.2,step_1.2
43.233333333,33.98129653930664,40.80587387084961,-1.4273495571980372,1.1409008502960205,1.2,step_1.2
43.249999999,33.98140335083008,40.805721282958984,-1.4084179413207405,1.1434396505355835,1.2,step_1.2
43.266666666,33.98149490356445,40.80559539794922,-1.3895053354510118,1.14298415184021,1.2,step_1.2
43.283333333,33.981590270996094,40.805442810058594,-1.3705478059339038,1.1450681686401367,1.2,step_1.2
43.299999999,33.981685638427734,40.8052864074707,-1.3515765519128116,1.145613431930542,1.2,step_1.2
43.316666666,33.9818000793457,40.80513381958008,-1.332605464694419,1.1448793411254883,1.2,step_1.2
43.333333333,33.981910705566406,40.804962158203125,-1.3136548413030593,1.1424624919891357,1.2,step_1.2
43.349999999,33.98199462890625,40.80483627319336,-1.294738836763151,1.142892599105835,1.2,step_1.2
43.366666666,33.982093811035156,40.80470657348633,-1.2757835925459848,1.1446893215179443,1.2,step_1.2
43.383333333,33.98220443725586,40.8045539855957,-1.2568214439300232,1.144235372543335,1.2,step_1.2
43.399999999,33.98233413696289,40.804386138916016,-1.237882779802073,1.1419752836227417,1.2,step_1.2
43.416666666,33.98246765136719,40.80421447753906,-1.2189850893954242,1.1405189037322998,1.2,step_1.2
43.433333333,33.98261642456055,40.80403518676758,-1.2000928455514834,1.1395515203475952,1.2,step_1.2
43.449999999,33.98271179199219,40.803916931152344,-1.1812208215241282,1.1396762132644653,1.2,step_1.2
43.466666666,33.98283004760742,40.80379867553711,-1.1623080288170322,1.1428557634353638,1.2,step_1.2
43.483333333,33.98295974731445,40.80364227294922,-1.14339144158714,1.1413638591766357,1.2,step_1.2
43.499999999,33.98310470581055,40.80348205566406,-1.1244841086645387,1.1409822702407837,1.2,step_1.2
43.516666666,33.9832649230957,40.803340911865234,-1.1055797529177223,1.140044093132019,1.2,step_1.2
43.533333333,33.98336410522461,40.803226470947266,-1.0867041666824444,1.1396557092666626,1.2,step_1.2
43.549999999,33.98348617553711,40.803096771240234,-1.0677903218294997,1.1419028043746948,1.2,step_1.2
43.566666666,33.98365020751953,40.802955627441406,-1.0488737834071546,1.138912320137024,1.2,step_1.2
43.583333333,33.983612060546875,40.80283737182617,-1.0299564279878837,1.1439632177352905,1.2,step_1.2
43.599999999,33.983612060546875,40.80282974243164,-1.011019482837679,1.1430352926254272,1.2,step_1.2
43.616666666,33.9836540222168,40.802886962890625,-0.9920978224251317,1.1428159475326538,1.2,step_1.2
43.633333333,33.983760833740234,40.802833557128906,-0.9730753518755592,1.1516653299331665,1.2,step_1.2
43.649999999,33.98383331298828,40.80270767211914,-0.9540380519292239,1.1495269536972046,1.2,step_1.2
43.666666666,33.98394775390625,40.80266189575195,-0.9350327977068905,1.1470623016357422,1.2,step_1.2
43.683333333,33.984073638916016,40.80256652832031,-0.9160103366651335,1.1495308876037598,1.2,step_1.2
43.699999999,33.98421859741211,40.80242919921875,-0.897005779690671,1.1471972465515137,1.2,step_1.2
43.716666666,33.984378814697266,40.802303314208984,-0.8780372322389052,1.1428347826004028,1.2,step_1.2
43.733333333,33.98432540893555,40.80217361450195,-0.8590230837100952,1.1503323316574097,1.2,step_1.2
43.749999999,33.98429870605469,40.80216979980469,-0.8400026304112147,1.1476037502288818,1.2,step_1.2
43.766666666,33.98431396484375,40.8022346496582,-0.821023807100152,1.1449440717697144,1.2,step_1.2
43.783333333,33.984413146972656,40.80219268798828,-0.8019763618332848,1.1514023542404175,1.2,step_1.2
43.799999999,33.98457717895508,40.8021240234375,-0.7829088874278987,1.151487112045288,1.2,step_1.2
43.816666666,33.9847412109375,40.80202102661133,-0.7638815653360996,1.1486767530441284,1.2,step_1.2
43.833333333,33.98491668701172,40.80192565917969,-0.7448768053730631,1.1462045907974243,1.2,step_1.2
43.849999999,33.985084533691406,40.80183410644531,-0.7259087687029354,1.1453496217727661,1.2,step_1.2
43.866666666,33.985260009765625,40.80173110961914,-0.7069535447194557,1.1447185277938843,1.2,step_1.2
43.883333333,33.98543167114258,40.8016242980957,-0.6880054971193161,1.1436043977737427,1.2,step_1.2
43.899999999,33.98558807373047,40.8015022277832,-0.6690645684716909,1.1432065963745117,1.2,step_1.2
43.916666666,33.98575210571289,40.8013916015625,-0.6501238280994329,1.142974853515625,1.2,step_1.2
43.933333333,33.985939025878906,40.80129623413086,-0.6311968807566914,1.1413118839263916,1.2,step_1.2
43.949999999,33.98616027832031,40.80120849609375,-0.6122988424001556,1.1392091512680054,1.2,step_1.2
43.966666666,33.986289978027344,40.80108642578125,-0.5934185297804336,1.1409575939178467,1.2,step_1.2
43.983333333,33.98646926879883,40.80098342895508,-0.5745182895474227,1.1401100158691406,1.2,step_1.2
43.999999999,33.98651123046875,40.80086898803711,-0.5555367233938298,1.1489475965499878,1.2,step_1.2
44.016666666,33.986576080322266,40.800880432128906,-0.5365351781769735,1.1469173431396484,1.2,step_1.2
44.033333333,33.98666763305664,40.80094528198242,-0.51756511226418,1.1448543071746826,1.2,step_1.2
44.049999999,33.98680877685547,40.8008918762207,-0.49856972706111435,1.1458475589752197,1.2,step_1.2
44.066666666,33.98676300048828,40.80084991455078,-0.47939076324217356,1.1672630310058594,1.2,step_1.2
44.083333333,33.98681640625,40.800926208496094,-0.45999715512100897,1.1732101440429688,1.2,step_1.2
44.099999999,33.98696517944336,40.800899505615234,-0.44064619659799437,1.1643930673599243,1.2,step_1.2
44.116666666,33.98708724975586,40.800804138183594,-0.421432561259186,1.1578888893127441,1.2,step_1.2
44.133333333,33.987239837646484,40.80075454711914,-0.40230706553199386,1.1528626680374146,1.2,step_1.2
44.149999999,33.98741149902344,40.800724029541016,-0.38325399866154614,1.1488703489303589,1.2,step_1.2
44.166666666,33.98760223388672,40.800716400146484,-0.36425037207793165,1.1457778215408325,1.2,step_1.2
44.183333333,33.987796783447266,40.80068588256836,-0.3453017065741767,1.1423181295394897,1.2,step_1.2
44.199999999,33.98778533935547,40.80056381225586,-0.3262164018159893,1.1553994417190552,1.2,step_1.2
44.216666666,33.98774337768555,40.80054473876953,-0.30711919248551334,1.1514543294906616,1.2,step_1.2
44.233333333,33.987735748291016,40.80059814453125,-0.2880838383741695,1.1481401920318604,1.2,step_1.2
44.249999999,33.9878044128418,40.800689697265625,-0.26907606819109636,1.1467630863189697,1.2,step_1.2
44.266666666,33.987937927246094,40.800682067871094,-0.25006451216733777,1.1493759155273438,1.2,step_1.2
44.283333333,33.98811340332031,40.80073547363281,-0.2310639380952427,1.1470314264297485,1.2,step_1.2
44.299999999,33.98830795288086,40.80073928833008,-0.2120969918043043,1.1438060998916626,1.2,step_1.2
44.316666666,33.98843002319336,40.80070114135742,-0.19317436001965013,1.1421648263931274,1.2,step_1.2
44.333333333,33.988555908203125,40.80073928833008,-0.17427088913680586,1.1410350799560547,1.2,step_1.2
44.349999999,33.988746643066406,40.80076217651367,-0.15534700684238745,1.1430413722991943,1.2,step_1.2
44.366666666,33.9888801574707,40.80079650878906,-0.13644718954246973,1.1410162448883057,1.2,step_1.2
44.383333333,33.98905944824219,40.80078887939453,-0.11753147426954402,1.1426656246185303,1.2,step_1.2
44.399999999,33.98918151855469,40.80085372924805,-0.09860730462000274,1.1428536176681519,1.2,step_1.2
44.416666666,33.989356994628906,40.800899505615234,-0.07965976278244297,1.143595814704895,1.2,step_1.2
44.433333333,33.989479064941406,40.80097198486328,-0.060722147103395414,1.1432145833969116,1.2,step_1.2
44.449999999,33.989646911621094,40.80101776123047,-0.04176856347262781,1.1439450979232788,1.2,step_1.2
44.466666666,33.98978042602539,40.80107879638672,-0.02283480939842174,1.1428568363189697,1.2,step_1.2
44.483333333,33.98994827270508,40.80113983154297,-0.0038854810724125613,1.1444910764694214,1.2,step_1.2
44.499999999,33.99011993408203,40.801239013671875,0.015060949473521877,1.1454076766967773,1.2,step_1.2
44.516666666,33.99031066894531,40.80130386352539,0.03400458195303037,1.1439694166183472,1.2,step_1.2
44.533333333,33.99042892456055,40.80137634277344,0.05293971525454714,1.1436595916748047,1.2,step_1.2
44.549999999,33.9906005859375,40.80146026611328,0.07190538846452504,1.1452685594558716,1.2,step_1.2
44.566666666,33.990779876708984,40.80154800415039,0.09086509762022116,1.144508719444275,1.2,step_1.2
44.583333333,33.990970611572266,40.8016471862793,0.10980221248119157,1.1435343027114868,1.2,step_1.2
44.599999999,33.99116134643555,40.80173873901367,0.12873153061674472,1.1427091360092163,1.2,step_1.2
44.616666666,33.991355895996094,40.80184555053711,0.14765439537284994,1.1433743238449097,1.2,step_1.2
44.633333333,33.99155044555664,40.80195999145508,0.16658268215479244,1.1422691345214844,1.2,step_1.2
44.649999999,33.99168395996094,40.80206298828125,0.18548244760105734,1.1421518325805664,1.2,step_1.2
44.666666666,33.99182891845703,40.80215835571289,0.20442470890264663,1.1443476676940918,1.2,step_1.2
44.683333333,33.99198913574219,40.80226516723633,0.22337951104962317,1.1441515684127808,1.2,step_1.2
44.699999999,33.992156982421875,40.80238342285156,0.24230579848298783,1.1423109769821167,1.2,step_1.2
44.716666666,33.99234390258789,40.80250549316406,0.26122696024735487,1.1417006254196167,1.2,step_1.2
44.733333333,33.99252700805664,40.8026123046875,0.2801177717371332,1.1405444145202637,1.2,step_1.2
44.749999999,33.99270248413086,40.80271911621094,0.2989992730684693,1.1404404640197754,1.2,step_1.2
44.766666666,33.992881774902344,40.80286407470703,0.3178809610203878,1.139000654220581,1.2,step_1.2
44.783333333,33.993064880371094,40.803001403808594,0.33674992053021796,1.138553261756897,1.2,step_1.2
44.799999999,33.993186950683594,40.803035736083984,0.3556141787660485,1.1407822370529175,1.2,step_1.2
44.816666666,33.99321746826172,40.803123474121094,0.3745046098106286,1.1416937112808228,1.2,step_1.2
44.833333333,33.99331283569336,40.80322265625,0.3934862348431867,1.1486376523971558,1.2,step_1.2
44.849999999,33.99344253540039,40.8033447265625,0.4125021366571936,1.1475130319595337,1.2,step_1.2
44.866666666,33.99357604980469,40.80348205566406,0.43149535215079415,1.1450942754745483,1.2,step_1.2
44.883333333,33.993709564208984,40.80359649658203,0.450458923751828,1.144582986831665,1.2,step_1.2
44.899999999,33.99382019042969,40.80366897583008,0.4693965946825911,1.1435730457305908,1.2,step_1.2
44.916666666,33.99394226074219,40.803775787353516,0.4883673413423201,1.146419644355774,1.2,step_1.2
44.933333333,33.994083404541016,40.80392837524414,0.5073358356074045,1.1427524089813232,1.2,step_1.2
44.949999999,33.99422073364258,40.80405807495117,0.5262647872813767,1.1427687406539917,1.2,step_1.2
44.966666666,33.99433898925781,40.804141998291016,0.5451825087565133,1.1422326564788818,1.2,step_1.2
44.983333333,33.994468688964844,40.80427169799805,0.5641376128301779,1.1446349620819092,1.2,step_1.2
44.999999999,33.994606018066406,40.80442810058594,0.5830834929820853,1.1431076526641846,1.2,step_1.2
45.016666666,33.99473190307617,40.804588317871094,0.6020091835184935,1.1409893035888672,1.2,step_1.2
45.033333333,33.994850158691406,40.804630279541016,0.620908959647692,1.142630934715271,1.2,step_1.2
45.049999999,33.994869232177734,40.804710388183594,0.6398228062482468,1.142533302307129,1.2,step_1.2
45.066666666,33.994964599609375,40.80481719970703,0.6588021127673104,1.1485481262207031,1.2,step_1.2
45.083333333,33.995094299316406,40.804954528808594,0.6778047928465726,1.1481256484985352,1.2,step_1.2
45.099999999,33.9952278137207,40.805118560791016,0.6967824265618031,1.1450449228286743,1.2,step_1.2
45.116666666,33.9953498840332,40.80529022216797,0.7157425588953009,1.1420842409133911,1.2,step_1.2
45.133333333,33.995460510253906,40.80537796020508,0.7346726469208075,1.1433922052383423,1.2,step_1.2
45.149999999,33.99557113647461,40.805511474609375,0.753632291971085,1.1455671787261963,1.2,step_1.2
45.166666666,33.995697021484375,40.80564880371094,0.772597839816348,1.1448686122894287,1.2,step_1.2
45.183333333,33.995811462402344,40.805782318115234,0.7915562606282647,1.1442042589187622,1.2,step_1.2
45.199999999,33.99592590332031,40.805938720703125,0.810506026712347,1.1433541774749756,1.2,step_1.2
45.216666666,33.99604797363281,40.806114196777344,0.8294298569155071,1.142677664756775,1.2,step_1.2
45.233333333,33.99617004394531,40.80629348754883,0.8483403215811023,1.1409311294555664,1.2,step_1.2
45.249999999,33.99628829956055,40.80644989013672,0.8672466814657207,1.1417373418807983,1.2,step_1.2
45.266666666,33.99639892578125,40.806640625,0.8861527358203002,1.1405553817749023,1.2,step_1.2
45.283333333,33.996490478515625,40.806854248046875,0.9050439408612884,1.139053463935852,1.2,step_1.2
45.299999999,33.9965934753418,40.80706787109375,0.9239104036347459,1.1379491090774536,1.2,step_1.2
45.316666666,33.99671936035156,40.80719757080078,0.9427547054099219,1.1388297080993652,1.2,step_1.2
45.333333333,33.996826171875,40.8073844909668,0.9616292095204682,1.139817237854004,1.2,step_1.2
45.349999999,33.996917724609375,40.80759048461914,0.9805169338793444,1.1392009258270264,1.2,step_1.2
45.366666666,33.99702835083008,40.80762481689453,0.999460073169181,1.1460310220718384,1.2,step_1.2
45.383333333,33.99702835083008,40.80766677856445,1.0184269612582952,1.1450560092926025,1.2,step_1.2
45.399999999,33.996944427490234,40.8077507019043,1.0373774599167156,1.143751621246338,1.2,step_1.2
45.416666666,33.99700927734375,40.80787658691406,1.0563695724284041,1.1483781337738037,1.2,step_1.2
45.433333333,33.99710464477539,40.80802917480469,1.0753728738763284,1.1469095945358276,1.2,step_1.2
45.449999999,33.997222900390625,40.80806350708008,1.0944118034463108,1.1510369777679443,1.2,step_1.2
45.466666666,33.99721908569336,40.80812454223633,1.1134498432058806,1.1485114097595215,1.2,step_1.2
45.483333333,33.99714660644531,40.8082160949707,1.1324483645231143,1.1470586061477661,1.2,step_1.2
45.499999999,33.99720001220703,40.808345794677734,1.1514661472439158,1.1487854719161987,1.2,step_1.2
45.516666666,33.99723815917969,40.80851364135742,1.170488520890668,1.1449729204177856,1.2,step_1.2
45.533333333,33.99734115600586,40.80851364135742,1.1895887540554062,1.154783844947815,1.2,step_1.2
45.549999999,33.99735641479492,40.808509826660156,1.208679662405331,1.1513094902038574,1.2,step_1.2
45.566666666,33.99729919433594,40.80854034423828,1.2277172048068719,1.1486854553222656,1.2,step_1.2
45.583333333,33.99729537963867,40.808658599853516,1.2467733255675255,1.1529067754745483,1.2,step_1.2
45.599999999,33.99734115600586,40.80880355834961,1.2658238596017095,1.1481417417526245,1.2,step_1.2
45.616666666,33.997406005859375,40.80894088745117,1.284812631705896,1.1466645002365112,1.2,step_1.2
45.633333333,33.99750518798828,40.80905532836914,1.3037933558180925,1.1464396715164185,1.2,step_1.2
45.649999999,33.99749755859375,40.80918502807617,1.3227645579318938,1.1463011503219604,1.2,step_1.2
45.666666666,33.99744415283203,40.80934524536133,1.341727204950489,1.1445715427398682,1.2,step_1.2
45.683333333,33.997528076171875,40.809471130371094,1.3606598722711694,1.1430531740188599,1.2,step_1.2
45.699999999,33.997535705566406,40.809600830078125,1.3795739477323168,1.1418002843856812,1.2,step_1.2
45.716666666,33.997459411621094,40.809749603271484,1.3984685634508347,1.1422598361968994,1.2,step_1.2
45.733333333,33.9974479675293,40.80994415283203,1.417396122265469,1.1424108743667603,1.2,step_1.2
45.749999999,33.99751281738281,40.81007766723633,1.4363068628960751,1.1423555612564087,1.2,step_1.2
45.766666666,33.997474670410156,40.810203552246094,1.455217938707073,1.1422324180603027,1.2,step_1.2
45.783333333,33.99738693237305,40.81037902832031,1.474151652328862,1.1444300413131714,1.2,step_1.2
45.799999999,33.997337341308594,40.81058120727539,1.4930937282304257,1.1435002088546753,1.2,step_1.2
45.816666666,33.997276306152344,40.81080627441406,1.5120164932740632,1.1420843601226807,1.2,step_1.2
45.833333333,33.99721908569336,40.81105422973633,1.5309224261032772,1.1407933235168457,1.2,step_1.2
45.849999999,33.99720764160156,40.81120300292969,1.5498281532860019,1.143385410308838,1.2,step_1.2
45.866666666,33.99713897705078,40.81137466430664,1.5687890948987122,1.14420747756958,1.2,step_1.2
45.883333333,33.9970588684082,40.81155014038086,1.5877543330195376,1.1444454193115234,1.2,step_1.2
45.899999999,33.996978759765625,40.811744689941406,1.606689818490704,1.1426936388015747,1.2,step_1.2
45.916666666,33.99688720703125,40.8118896484375,1.625591017039292,1.1405935287475586,1.2,step_1.2
45.933333333,33.99681091308594,40.812068939208984,1.6444939855919427,1.1422674655914307,1.2,step_1.2
45.949999999,33.996734619140625,40.81227493286133,1.6633955776503744,1.1413191556930542,1.2,step_1.2
45.966666666,33.99664306640625,40.812408447265625,1.682282020702094,1.1413722038269043,1.2,step_1.2
45.983333333,33.99655532836914,40.81256866455078,1.7012162619680562,1.1421732902526855,1.2,step_1.2
45.999999999,33.996543884277344,40.81269836425781,1.720129882075725,1.1422909498214722,1.2,step_1.2
46.016666666,33.9964485168457,40.81277847290039,1.7390352194514154,1.1413012742996216,1.2,step_1.2
46.033333333,33.9963493347168,40.812904357910156,1.757978741737123,1.1435552835464478,1.2,step_1.2
46.049999999,33.99623489379883,40.81304931640625,1.7769349390025855,1.1425646543502808,1.2,step_1.2
46.066666666,33.996273040771484,40.813175201416016,1.7958621440234404,1.1439003944396973,1.2,step_1.2
46.083333333,33.996253967285156,40.813232421875,1.8147952280791184,1.1430283784866333,1.2,step_1.2
46.099999999,33.99616241455078,40.81322479248047,1.8337139776180884,1.1420248746871948,1.2,step_1.2
46.116666666,33.996070861816406,40.813316345214844,1.8527118258297486,1.1481428146362305,1.2,step_1.2
46.133333333,33.995941162109375,40.81344223022461,1.8717154761145594,1.1450296640396118,1.2,step_1.2
46.149999999,33.99589920043945,40.81357192993164,1.8906758548869829,1.1453759670257568,1.2,step_1.2
46.166666666,33.995792388916016,40.81364059448242,1.909635919681771,1.1444973945617676,1.2,step_1.2
46.183333333,33.995689392089844,40.81375503540039,1.9286361459872225,1.1481637954711914,1.2,step_1.2
46.199999999,33.99557113647461,40.81388854980469,1.9476499103874974,1.1470108032226562,1.2,step_1.2
46.216666666,33.9954719543457,40.81398010253906,1.9666316084284678,1.1457821130752563,1.2,step_1.2
46.233333333,33.995361328125,40.8140983581543,1.9856394442554766,1.1489099264144897,1.2,step_1.2
46.249999999,33.9952278137207,40.81423568725586,2.0046444266316144,1.145744800567627,1.2,step_1.2
46.266666666,33.9951057434082,40.81436538696289,2.023624786763943,1.1443136930465698,1.2,step_1.2
46.283333333,33.99494934082031,40.81449890136719,2.0425751237561576,1.1437586545944214,1.2,step_1.2
46.299999999,33.99479293823242,40.81465148925781,2.0615099052072567,1.1424463987350464,1.2,step_1.2
46.316666666,33.994632720947266,40.8148078918457,2.0804158463854385,1.1409835815429688,1.2,step_1.2
46.333333333,33.99447250366211,40.814964294433594,2.099313402739605,1.140108585357666,1.2,step_1.2
46.349999999,33.99430847167969,40.81511306762695,2.1181776701917623,1.13666570186615,1.2,step_1.2
46.366666666,33.9942626953125,40.81523132324219,2.1370497500539942,1.1417955160140991,1.2,step_1.2
46.383333333,33.99417495727539,40.81522750854492,2.155953126686831,1.140920639038086,1.2,step_1.2
46.399999999,33.99406814575195,40.81531524658203,2.174926346318751,1.1482691764831543,1.2,step_1.2
46.416666666,33.993896484375,40.81546401977539,2.193920203844817,1.1432453393936157,1.2,step_1.2
46.433333333,33.993831634521484,40.815589904785156,2.212840610638582,1.142796277999878,1.2,step_1.2
46.449999999,33.99373245239258,40.815608978271484,2.2317514315857716,1.1424832344055176,1.2,step_1.2
46.466666666,33.993614196777344,40.81570816040039,2.250721254497631,1.1454793214797974,1.2,step_1.2
46.483333333,33.993438720703125,40.81582260131836,2.2697020889552473,1.1440542936325073,1.2,step_1.2
46.499999999,33.99333572387695,40.81592559814453,2.288630350945805,1.1426844596862793,1.2,step_1.2
46.516666666,33.99319076538086,40.8160400390625,2.3075775022539275,1.1450966596603394,1.2,step_1.2
46.533333333,33.993011474609375,40.81614685058594,2.3265175094841952,1.1413989067077637,1.2,step_1.2
46.549999999,33.992950439453125,40.81626892089844,2.3454160865469884,1.1420649290084839,1.2,step_1.2
46.566666666,33.99284744262695,40.81629180908203,2.3643203549502214,1.1423075199127197,1.2,step_1.2
46.583333333,33.99272918701172,40.81638717651367,2.383275884746712,1.144871711730957,1.2,step_1.2
46.599999999,33.9925422668457,40.81647872924805,2.402239804914444,1.1430516242980957,1.2,step_1.2
46.616666666,33.99238204956055,40.81660461425781,2.421175365267981,1.142214059829712,1.2,step_1.2
46.633333333,33.992313385009766,40.81671905517578,2.4400992932144985,1.1436744928359985,1.2,step_1.2
46.649999999,33.99221420288086,40.816741943359375,2.4590236707123285,1.1432206630706787,1.2,step_1.2
46.666666666,33.9920768737793,40.81681823730469,2.477987451253954,1.1464635133743286,1.2,step_1.2
46.683333333,33.991886138916016,40.81692123413086,2.496960878250152,1.143458604812622,1.2,step_1.2
46.699999999,33.99173355102539,40.817039489746094,2.515895592614491,1.142771601676941,1.2,step_1.2
46.716666666,33.9917106628418,40.817161560058594,2.534870391081534,1.1466946601867676,1.2,step_1.2
46.733333333,33.991661071777344,40.817176818847656,2.5538418959040787,1.1443755626678467,1.2,step_1.2
46.749999999,33.99156951904297,40.81711196899414,2.572777803911965,1.1425955295562744,1.2,step_1.2
46.766666666,33.99143600463867,40.81718063354492,2.591747190945684,1.1473028659820557,1.2,step_1.2
46.783333333,33.991241455078125,40.817264556884766,2.6107211856056973,1.1429654359817505,1.2,step_1.2
46.799999999,33.99113845825195,40.817378997802734,2.629684175225368,1.1460816860198975,1.2,step_1.2
46.816666666,33.99099349975586,40.817447662353516,2.6486687059359655,1.1463955640792847,1.2,step_1.2
46.833333333,33.990806579589844,40.81751251220703,2.66764161500644,1.1436820030212402,1.2,step_1.2
46.849999999,33.99064254760742,40.81758499145508,2.6865875404075275,1.1436741352081299,1.2,step_1.2
46.866666666,33.99047088623047,40.817657470703125,2.7055277096464825,1.14351487159729,1.2,step_1.2
46.883333333,33.99028396606445,40.81769943237305,2.7244684558788688,1.1442837715148926,1.2,step_1.2
46.899999999,33.99006271362305,40.817752838134766,2.743401159604933,1.143365740776062,1.2,step_1.2
46.916666666,33.98984146118164,40.817832946777344,2.7623246230878378,1.1422672271728516,1.2,step_1.2
46.933333333,33.9896125793457,40.81787872314453,2.781229778029237,1.1425580978393555,1.2,step_1.2
46.949999999,33.98934555053711,40.817901611328125,2.8001348689254053,1.140592098236084,1.2,step_1.2
46.966666666,33.98923873901367,40.81800842285156,2.8190931108747828,1.1457679271697998,1.2,step_1.2
46.983333333,33.989131927490234,40.81802749633789,2.8380526339941294,1.1436574459075928,1.2,step_1.2
46.999999999,33.988983154296875,40.81800842285156,2.8569906011659834,1.1455814838409424,1.2,step_1.2
47.016666666,33.98878479003906,40.81806564331055,2.875939877154266,1.1434601545333862,1.2,step_1.2
47.033333333,33.988616943359375,40.81804656982422,2.8948547012676387,1.1448599100112915,1.2,step_1.2
47.049999999,33.98841094970703,40.81801986694336,2.913792302200948,1.1427327394485474,1.2,step_1.2
47.066666666,33.98828125,40.81807327270508,2.932712022280028,1.1434506177902222,1.2,step_1.2
47.083333333,33.98815155029297,40.81804656982422,2.9516289761539496,1.1433398723602295,1.2,step_1.2
47.099999999,33.98797607421875,40.81795883178711,2.9705626748714864,1.1421223878860474,1.2,step_1.2
47.116666666,33.98784255981445,40.818016052246094,2.989475334434495,1.1427388191223145,1.2,step_1.2
47.133333333,33.98771286010742,40.8179817199707,3.008387369767065,1.1423048973083496,1.2,step_1.2
47.149999999,33.9875373840332,40.81789016723633,3.027320334928547,1.1441576480865479,1.2,step_1.2
47.166666666,33.98733139038086,40.81786346435547,3.0462605831279377,1.1417227983474731,1.2,step_1.2
47.183333333,33.98719024658203,40.8178825378418,3.0651766168925807,1.143174409866333,1.2,step_1.2
47.199999999,33.98707580566406,40.817806243896484,3.084098048681367,1.1431210041046143,1.2,step_1.2
47.216666666,33.986907958984375,40.81777572631836,3.103048867762885,1.1449648141860962,1.2,step_1.2
47.233333333,33.98678207397461,40.8177490234375,3.1219876224679717,1.1440950632095337,1.2,step_1.2
47.249999999,33.986663818359375,40.81765365600586,3.1409208266603668,1.1428203582763672,1.2,step_1.2
47.266666666,33.98650360107422,40.817588806152344,-3.1233109566899375,1.1439628601074219,1.2,step_1.2
47.283333333,33.98633575439453,40.817481994628906,-3.1043692816348263,1.1437782049179077,1.2,step_1.2
47.299999999,33.986141204833984,40.8173942565918,-3.0854328352930223,1.1424452066421509,1.2,step_1.2
47.316666666,33.98601531982422,40.817352294921875,-3.0665207446009863,1.1422196626663208,1.2,step_1.2
47.333333333,33.98586654663086,40.81724548339844,-3.0475811935634693,1.1436994075775146,1.2,step_1.2
47.349999999,33.98569107055664,40.81717300415039,-3.0286377934332305,1.1432253122329712,1.2,step_1.2
47.366666666,33.98549270629883,40.81708908081055,-3.00971574042046,1.1407761573791504,1.2,step_1.2
47.383333333,33.98535919189453,40.81700897216797,-2.9908130186322883,1.141740083694458,1.2,step_1.2
47.399999999,33.98521041870117,40.816917419433594,-2.971873291262736,1.143359661102295,1.2,step_1.2
47.416666666,33.98508834838867,40.816864013671875,-2.9529542660720973,1.142142415046692,1.2,step_1.2
47.433333333,33.98493957519531,40.8167724609375,-2.934006844579554,1.1435065269470215,1.2,step_1.2
47.449999999,33.98476791381836,40.81666946411133,-2.915063125666309,1.143548607826233,1.2,step_1.2
47.466666666,33.984580993652344,40.816551208496094,-2.8961393348636415,1.1413276195526123,1.2,step_1.2
47.483333333,33.98445129394531,40.8165397644043,-2.877233290196935,1.1432029008865356,1.2,step_1.2
47.499999999,33.984405517578125,40.816471099853516,-2.85830799597948,1.14268958568573,1.2,step_1.2
47.516666666,33.98430252075195,40.816368103027344,-2.8393150459090886,1.1477574110031128,1.2,step_1.2
47.533333333,33.984161376953125,40.81624984741211,-2.8203022670784943,1.149032473564148,1.2,step_1.2
47.549999999,33.98403549194336,40.816200256347656,-2.8012767413368977,1.1501275300979614,1.2,step_1.2
47.566666666,33.98392105102539,40.81608581542969,-2.782210016707482,1.1513258218765259,1.2,step_1.2
47.583333333,33.983802795410156,40.81605529785156,-2.763176184052333,1.1497334241867065,1.2,step_1.2
47.599999999,33.9837532043457,40.81597137451172,-2.744161405882928,1.147566795349121,1.2,step_1.2
47.616666666,33.98365020751953,40.815860748291016,-2.7251042816891844,1.1506205797195435,1.2,step_1.2
47.633333333,33.9835205078125,40.81593322753906,-2.706020879410757,1.152430772781372,1.2,step_1.2
47.649999999,33.98348617553711,40.81595993041992,-2.6869597878054567,1.1493414640426636,1.2,step_1.2
47.666666666,33.9835205078125,40.81593322753906,-2.6679512409589243,1.14667546749115,1.2,step_1.2
47.683333333,33.983612060546875,40.81586837768555,-2.6489814081148078,1.1451303958892822,1.2,step_1.2
47.699999999,33.98357009887695,40.81576919555664,-2.6299158433073213,1.155260682106018,1.2,step_1.2
47.716666666,33.98344039916992,40.81562805175781,-2.610816269091453,1.1519238948822021,1.2,step_1.2
47.733333333,33.983306884765625,40.81547927856445,-2.591767672574212,1.1487975120544434,1.2,step_1.2
47.749999999,33.98318862915039,40.815311431884766,-2.572739551838508,1.1477792263031006,1.2,step_1.2
47.766666666,33.98305130004883,40.815147399902344,-2.5537585697020173,1.1439135074615479,1.2,step_1.2
47.783333333,33.98292541503906,40.81501007080078,-2.5348183022610424,1.1415886878967285,1.2,step_1.2
47.799999999,33.982818603515625,40.814857482910156,-2.5158920439769403,1.1420679092407227,1.2,step_1.2
47.816666666,33.982696533203125,40.814697265625,-2.4969858906513966,1.140092134475708,1.2,step_1.2
47.833333333,33.98257827758789,40.81456756591797,-2.4780927078867454,1.143178105354309,1.2,step_1.2
47.849999999,33.982444763183594,40.81441879272461,-2.4591768844379196,1.1432020664215088,1.2,step_1.2
47.866666666,33.98231506347656,40.814247131347656,-2.4402585390990117,1.1407910585403442,1.2,step_1.2
47.883333333,33.98217010498047,40.8140754699707,-2.421369626426591,1.1382898092269897,1.2,step_1.2
47.899999999,33.98204040527344,40.813926696777344,-2.4024898048636403,1.1411725282669067,1.2,step_1.2
47.916666666,33.98191452026367,40.813758850097656,-2.3835964536527317,1.1397944688796997,1.2,step_1.2
47.933333333,33.981788635253906,40.81357955932617,-2.364719025878238,1.139705777168274,1.2,step_1.2
47.949999999,33.98166275024414,40.813392639160156,-2.3458517833792967,1.137732744216919,1.2,step_1.2
47.966666666,33.98155212402344,40.81328582763672,-2.327007806380067,1.1387826204299927,1.2,step_1.2
47.983333333,33.98143768310547,40.81312942504883,-2.30812524255238,1.1400861740112305,1.2,step_1.2
47.999999999,33.98134231567383,40.81292724609375,-2.2892289450772156,1.139140009880066,1.2,step_1.2
48.016666666,33.98123550415039,40.81273651123047,-2.270354084949939,1.1385161876678467,1.2,step_1.2
48.033333333,33.98112106323242,40.812583923339844,-2.251486716107349,1.1404454708099365,1.2,step_1.2
48.049999999,33.98100662231445,40.81239700317383,-2.232597433478161,1.1403155326843262,1.2,step_1.2
48.066666666,33.98091125488281,40.81217956542969,-2.213714329040047,1.1396796703338623,1.2,step_1.2
48.083333333,33.980804443359375,40.811954498291016,-2.1948462269704674,1.138357162475586,1.2,step_1.2
48.099999999,33.98068618774414,40.81178665161133,-2.1759903595673116,1.139070987701416,1.2,step_1.2
48.116666666,33.980594635009766,40.81160354614258,-2.1571098148098655,1.1408324241638184,1.2,step_1.2
48.133333333,33.980491638183594,40.81138229370117,-2.1382206162119024,1.1410850286483765,1.2,step_1.2
48.149999999,33.98040771484375,40.81113052368164,-2.1193332479159657,1.1402802467346191,1.2,step_1.2
48.166666666,33.980323791503906,40.810855865478516,-2.100453929899402,1.139467477798462,1.2,step_1.2
48.183333333,33.98023986816406,40.81057357788086,-2.0815849937408677,1.1393243074417114,1.2,step_1.2
48.199999999,33.98016357421875,40.810272216796875,-2.062723821033454,1.1380420923233032,1.2,step_1.2
48.216666666,33.98008728027344,40.809974670410156,-2.0438685818991362,1.138944149017334,1.2,step_1.2
48.233333333,33.97998046875,40.80970001220703,-2.0250032806038405,1.1397991180419922,1.2,step_1.2
48.249999999,33.97988510131836,40.80946350097656,-2.006125579451305,1.1404893398284912,1.2,step_1.2
48.266666666,33.97977066040039,40.809268951416016,-1.9872483516603772,1.1411579847335815,1.2,step_1.2
48.283333333,33.979705810546875,40.80907440185547,-1.9683470449458362,1.1420656442642212,1.2,step_1.2
48.299999999,33.97964859008789,40.808868408203125,-1.9494385315670912,1.1419011354446411,1.2,step_1.2
48.316666666,33.979591369628906,40.80862045288086,-1.9305344455736146,1.1421526670455933,1.2,step_1.2
48.333333333,33.97952651977539,40.808353424072266,-1.9116329586807839,1.1404391527175903,1.2,step_1.2
48.349999999,33.979408264160156,40.80820083618164,-1.8927295869430272,1.1410393714904785,1.2,step_1.2
48.366666666,33.979347229003906,40.808021545410156,-1.8738321874542323,1.1419728994369507,1.2,step_1.2
48.383333333,33.979251861572266,40.80793762207031,-1.8548723534042797,1.1456146240234375,1.2,step_1.2
48.399999999,33.97923278808594,40.8078498840332,-1.835913496128052,1.1442537307739258,1.2,step_1.2
48.416666666,33.97928237915039,40.8077392578125,-1.8169808237917466,1.1424177885055542,1.2,step_1.2
48.433333333,33.97927474975586,40.80756759643555,-1.798037333996652,1.1441551446914673,1.2,step_1.2
48.449999999,33.97934341430664,40.807395935058594,-1.7791201640835999,1.1446170806884766,1.2,step_1.2
48.466666666,33.97929382324219,40.80719757080078,-1.760193636818394,1.1428598165512085,1.2,step_1.2
48.483333333,33.97934341430664,40.80706787109375,-1.7412745352348284,1.1424120664596558,1.2,step_1.2
48.499999999,33.97934341430664,40.806884765625,-1.7223419317922817,1.1432925462722778,1.2,step_1.2
48.516666666,33.97939682006836,40.80674743652344,-1.7034253437842168,1.1414904594421387,1.2,step_1.2
48.533333333,33.97943878173828,40.80656814575195,-1.6844937254154229,1.1426734924316406,1.2,step_1.2
48.549999999,33.97953414916992,40.80640411376953,-1.6655817429121298,1.1415683031082153,1.2,step_1.2
48.566666666,33.979557037353516,40.80621337890625,-1.646668483312234,1.1423202753067017,1.2,step_1.2
48.583333333,33.979557037353516,40.80608367919922,-1.627761007569347,1.1414891481399536,1.2,step_1.2
48.599999999,33.97962951660156,40.80595779418945,-1.6088657469288155,1.1406313180923462,1.2,step_1.2
48.616666666,33.979671478271484,40.80577850341797,-1.589944077873873,1.1427706480026245,1.2,step_1.2
48.633333333,33.979766845703125,40.8056526184082,-1.5710175128514825,1.1429017782211304,1.2,step_1.2
48.649999999,33.9798469543457,40.80548858642578,-1.5520661416247727,1.1437219381332397,1.2,step_1.2
48.666666666,33.97987747192383,40.80535888671875,-1.533137964763926,1.1428215503692627,1.2,step_1.2
48.683333333,33.97998809814453,40.80522918701172,-1.5142086999920028,1.1431238651275635,1.2,step_1.2
48.699999999,33.98007583618164,40.80506134033203,-1.4952520176174344,1.14515221118927,1.2,step_1.2
48.716666666,33.98017120361328,40.80487060546875,-1.476305582727516,1.1431044340133667,1.2,step_1.2
48.733333333,33.98027038574219,40.80467987060547,-1.4573841098711229,1.1424022912979126,1.2,step_1.2
48.749999999,33.9803581237793,40.804481506347656,-1.4384840082267722,1.1407681703567505,0.0,step_1.2_rest
48.766666666,33.98045349121094,40.80430603027344,-1.4195760494000855,1.141408920288086,0.0,step_1.2_rest
48.783333333,33.980533599853516,40.804176330566406,-1.4006825108065988,1.1406865119934082,0.0,step_1.2_rest
48.799999999,33.980621337890625,40.804019927978516,-1.3817568974133436,1.1437416076660156,0.0,step_1.2_rest
48.816666666,33.980743408203125,40.8038444519043,-1.3628236729202954,1.1422560214996338,0.0,step_1.2_rest
48.833333333,33.980857849121094,40.803653717041016,-1.3439055342411037,1.1423256397247314,0.0,step_1.2_rest
48.849999999,33.98095703125,40.80344772338867,-1.3250087764113845,1.1403169631958008,0.0,step_1.2_rest
48.866666666,33.981075286865234,40.80326843261719,-1.306126169315063,1.1387721300125122,0.0,step_1.2_rest
48.883333333,33.981101989746094,40.80314254760742,-1.2872175674597335,1.144926905632019,0.0,step_1.2_rest
48.899999999,33.98119354248047,40.80312728881836,-1.268267257426766,1.1443368196487427,0.0,step_1.2_rest
48.916666666,33.981300354003906,40.803157806396484,-1.2507547625019448,1.0406593084335327,0.0,step_1.2_rest
48.933333333,33.98141098022461,40.80326461791992,-1.2354688242899154,0.9060898423194885,0.0,step_1.2_rest
48.949999999,33.98153305053711,40.803348541259766,-1.222404930562689,0.7717108726501465,0.0,step_1.2_rest
48.966666666,33.981651306152344,40.80339050292969,-1.2115473684246945,0.6373218894004822,0.0,step_1.2_rest
48.983333333,33.98174285888672,40.80348205566406,-1.202982969135136,0.5001291036605835,0.0,step_1.2_rest
48.999999999,33.98184585571289,40.80354309082031,-1.1966284094660897,0.3642072379589081,0.0,step_1.2_rest
49.016666666,33.981910705566406,40.80359649658203,-1.1924430493289309,0.2274501919746399,0.0,step_1.2_rest
49.033333333,33.981910705566406,40.80366516113281,-1.1902285809087463,0.08835809677839279,0.0,step_1.2_rest
49.049999999,33.98193359375,40.80372619628906,-1.1894907246027058,0.02337467297911644,0.0,step_1.2_rest
49.066666666,33.981895446777344,40.8037223815918,-1.1894465251321376,0.0018471959047019482,0.0,step_1.2_rest
49.083333333,33.981895446777344,40.8037223815918,-1.189447228290618,0.00018390628974884748,0.0,step_1.2_rest
49.099999999,33.981895446777344,40.8037223815918,-1.1894461163683727,0.00018062395974993706,0.0,step_1.2_rest
49.116666666,33.981895446777344,40.8037223815918,-1.1894469564666699,6.58946082694456e-05,0.0,step_1.2_rest
49.133333333,33.981895446777344,40.8037223815918,-1.1894481429453063,-0.00011807534610852599,0.0,step_1.2_rest
49.149999999,33.981895446777344,40.8037223815918,-1.1894478463003815,0.00013538716302718967,0.0,step_1.2_rest
49.166666666,33.981895446777344,40.8037223815918,-1.1894466848471577,0.0001657819520914927,0.0,step_1.2_rest
49.183333333,33.981895446777344,40.8037223815918,-1.189447389087396,-9.093534026760608e-05,0.0,step_1.2_rest
49.199999999,33.981895446777344,40.8037223815918,-1.1894485755336837,-0.00011625726619968191,0.0,step_1.2_rest
49.216666666,33.981895446777344,40.8037223815918,-1.189448278598228,0.00013660658441949636,0.0,step_1.2_rest
49.233333333,33.981895446777344,40.8037223815918,-1.1894471172093415,0.00016411808610428125,0.0,step_1.2_rest
49.249999999,33.981895446777344,40.8037223815918,-1.189445819851327,0.00016898811736609787,0.0,step_1.2_rest
49.266666666,33.981895446777344,40.8037223815918,-1.1894465238812268,-9.235246398020536e-05,0.0,step_1.2_rest
49.283333333,33.981895446777344,40.8037223815918,-1.1894462272189956,0.00014782285143155605,0.0,step_1.2_rest
49.299999999,33.981895446777344,40.8037223815918,-1.1894450906731135,0.00016303725715260953,0.0,step_1.2_rest
49.316666666,33.981895446777344,40.8037223815918,-1.189444979690072,6.359137478284538e-05,0.0,step_1.2_rest
49.333333333,33.981895446777344,40.8037223815918,-1.189446820567498,3.771565673105215e-07,0.0,step_1.2_rest
49.349999999,33.981895446777344,40.8037223815918,-1.1894459555810626,0.00012486726336646825,0.0,step_1.2_rest
49.366666666,33.981895446777344,40.8037223815918,-1.189444658254473,7.4881932050629985e-06,0.0,step_1.2_rest
49.383333333,33.98189163208008,40.8037223815918,-1.1894488223755673,-1.9062850697082467e-05,0.0,step_1.2_rest
49.399999999,33.98195266723633,40.803749084472656,-1.189364958919162,0.0014207287458702922,0.0,step_1.2_rest
49.416666666,33.98187255859375,40.8037223815918,-1.1894656898878553,-0.0034841697197407484,0.0,step_1.2_rest
49.433333333,33.98198318481445,40.80376052856445,-1.1893543083560525,0.004751075059175491,0.0,step_1.2_rest
49.449999999,33.98191452026367,40.803714752197266,-1.1894579037026793,0.0008793678134679794,0.0,step_1.2_rest
49.466666666,33.98194885253906,40.80373764038086,-1.1894101344479353,0.009902438148856163,0.0,step_1.2_rest
49.483333333,33.98188781738281,40.80371856689453,-1.1894793443368925,0.00039944512536749244,0.0,step_1.2_rest
49.499999999,33.98198318481445,40.803749084472656,-1.189366664107674,0.004726221319288015,0.0,step_1.2_rest
49.516666666,33.98191452026367,40.803714752197266,-1.189473609725327,0.0008895599748939276,0.0,step_1.2_rest
49.533333333,33.98192596435547,40.80371856689453,-1.1894626375279571,0.007050179410725832,0.0,step_1.2_rest
49.549999999,33.981937408447266,40.8037223815918,-1.1894534438178137,0.005318195093423128,0.0,step_1.2_rest
49.566666666,33.98188781738281,40.80370330810547,-1.1895122746445959,-0.004074468277394772,0.0,step_1.2_rest
49.583333333,33.98191452026367,40.80371856689453,-1.1894674190141377,-0.006853134371340275,0.0,step_1.2_rest
49.599999999,33.9819450378418,40.80373001098633,-1.1894283589551902,0.002059707883745432,0.0,step_1.2_rest
49.616666666,33.98187255859375,40.8037109375,-1.189512187852125,-0.006952217780053616,0.0,step_1.2_rest
49.633333333,33.981834411621094,40.803688049316406,-1.189581104795271,-0.007267294451594353,0.0,step_1.2_rest
49.649999999,33.98191452026367,40.8037109375,-1.189497619338852,0.002639859216287732,0.0,step_1.2_rest
49.666666666,33.98194122314453,40.8037223815918,-1.1894557416260603,0.004251403734087944,0.0,step_1.2_rest
49.683333333,33.98191452026367,40.803714752197266,-1.189499917614283,-0.0015683980891481042,0.0,step_1.2_rest
49.699999999,33.9819450378418,40.80372619628906,-1.189457879575268,0.005537308286875486,0.0,step_1.2_rest
49.716666666,33.98188400268555,40.803707122802734,-1.1895281408475684,-0.005368749611079693,0.0,step_1.2_rest
49.733333333,33.981929779052734,40.80372619628906,-1.1894623898705947,-0.0015385749284178019,0.0,step_1.2_rest
49.749999999,33.9819450378418,40.80373001098633,-1.1894368730747562,0.0042616091668605804,0.0,step_1.2_rest
49.766666666,33.98187255859375,40.8037109375,-1.1895214936793934,-0.0038294573314487934,0.0,step_1.2_rest
49.783333333,33.98183822631836,40.80369567871094,-1.1895748888214461,-0.0073899514973163605,0.0,step_1.2_rest
49.799999999,33.9819221496582,40.80372619628906,-1.1894937518628532,0.004458227660506964,0.0,step_1.2_rest
49.816666666,33.98194885253906,40.803733825683594,-1.1894534687464347,0.0072221411392092705,0.0,step_1.2_rest
49.833333333,33.98188400268555,40.80371856689453,-1.1895290067130408,-0.0018466957844793797,0.0,step_1.2_rest
49.849999999,33.98198699951172,40.80375671386719,-1.1894183261414162,0.005530782975256443,0.0,step_1.2_rest
49.866666666,33.981903076171875,40.80371856689453,-1.1895213822576438,0.000852903991471976,0.0,step_1.2_rest
49.883333333,33.981815338134766,40.8036994934082,-1.189631906497428,-0.0062038651667535305,0.0,step_1.2_rest
49.899999999,33.98188781738281,40.80373001098633,-1.1895357658258252,-0.0030158748850226402,0.0,step_1.2_rest
49.916666666,33.98197937011719,40.80375289916992,-1.1894337101821872,0.004827939439564943,0.0,step_1.2_rest
49.933333333,33.98188781738281,40.8037109375,-1.1895497421907328,0.00021624952205456793,0.0,step_1.2_rest
49.949999999,33.98195266723633,40.80375289916992,-1.1894417910380457,0.0020330457482486963,0.0,step_1.2_rest
49.966666666,33.981895446777344,40.80371856689453,-1.189539659027914,0.004388270899653435,0.0,step_1.2_rest
49.983333333,33.981937408447266,40.80374526977539,-1.1894696923373353,0.005738380830734968,0.0,step_1.2_rest
49.999999999,33.98185348510742,40.803714752197266,-1.189551175271756,-0.0036874613724648952,0.0,step_1.2_rest
50.016666666,33.98184585571289,40.8037109375,-1.1895616413552945,-0.0047555905766785145,0.0,step_1.2_rest
50.033333333,33.98192596435547,40.80372619628906,-1.18947647640173,0.002451398177072406,0.0,step_1.2_rest
50.049999999,33.98194885253906,40.80373764038086,-1.1894442504994491,0.00600776681676507,0.0,step_1.2_rest
50.066666666,33.981868743896484,40.803714752197266,-1.189530736979453,-0.0021513851825147867,0.0,step_1.2_rest
50.083333333,33.98183822631836,40.803707122802734,-1.1895828346589465,-0.006010773126035929,0.0,step_1.2_rest
50.099999999,33.981937408447266,40.80373001098633,-1.1894852378947258,0.00449697719886899,0.0,step_1.2_rest
50.116666666,33.98188781738281,40.80371856689453,-1.189546553014718,-0.0034170306753367186,0.0,step_1.2_rest
50.133333333,33.981971740722656,40.80375289916992,-1.1894485504844605,0.004322472494095564,0.0,step_1.2_rest
50.149999999,33.981895446777344,40.8037109375,-1.1895590969526575,-0.0006542629562318325,0.0,step_1.2_rest
50.166666666,33.98196029663086,40.803749084472656,-1.189459498413364,0.00400147307664156,0.0,step_1.2_rest
50.183333333,33.981876373291016,40.803707122802734,-1.1895603696553116,-0.0025455860886722803,0.0,step_1.2_rest
50.199999999,33.98189163208008,40.80371856689453,-1.1895304148556736,-0.0071902796626091,0.0,step_1.2_rest
50.216666666,33.981929779052734,40.803733825683594,-1.1894799616649259,-0.0006733046029694378,0.0,step_1.2_rest
50.233333333,33.9819221496582,40.80373001098633,-1.1894888834058677,0.007539259735494852,0.0,step_1.2_rest
50.249999999,33.98193359375,40.803733825683594,-1.189471558828945,0.0012010226491838694,0.0,step_1.2_rest
50.266666666,33.98191452026367,40.80373001098633,-1.1894939126384738,0.002216415014117956,0.0,step_1.2_rest
50.283333333,33.9819450378418,40.803733825683594,-1.189460227787978,0.008500696159899235,0.0,step_1.2_rest
50.299999999,33.98186492919922,40.80371856689453,-1.189529031580166,-0.003079828107729554,0.0,step_1.2_rest
50.316666666,33.98182678222656,40.803707122802734,-1.1895887044616014,-0.008588318713009357,0.0,step_1.2_rest
50.333333333,33.9819221496582,40.80373764038086,-1.1894995099878678,0.004090219270437956,0.0,step_1.2_rest
50.349999999,33.981937408447266,40.803741455078125,-1.1894760448782966,0.009677880443632603,0.0,step_1.2_rest
50.366666666,33.981849670410156,40.803714752197266,-1.1895484443182056,-0.004203879740089178,0.0,step_1.2_rest
50.383333333,33.98185729980469,40.803714752197266,-1.1895398189909576,-0.002447935752570629,0.0,step_1.2_rest
50.399999999,33.98184585571289,40.803714752197266,-1.1895587992937529,-0.0084966029971838,0.0,step_1.2_rest
50.416666666,33.98192596435547,40.803733825683594,-1.1894904268903568,0.0032178715337067842,0.0,step_1.2_rest
50.433333333,33.981956481933594,40.80374526977539,-1.1894502809321341,0.010901574045419693,0.0,step_1.2_rest
50.449999999,33.98189926147461,40.80373001098633,-1.1895124350981459,0.001343234209343791,0.0,step_1.2_rest
50.466666666,33.9818115234375,40.8036994934082,-1.1896206859668386,-0.006747210863977671,0.0,step_1.2_rest
50.483333333,33.981868743896484,40.80373001098633,-1.1895430935456395,-0.0018122355686500669,0.0,step_1.2_rest
50.499999999,33.98194885253906,40.80375289916992,-1.1894485258899878,0.0034533427096903324,0.0,step_1.2_rest
50.516666666,33.98188018798828,40.80373001098633,-1.1895360379424937,-0.0026306509971618652,0.0,step_1.2_rest
50.533333333,33.98198318481445,40.80376434326172,-1.1894260859769732,0.004991962108761072,0.0,step_1.2_rest
50.549999999,33.981895446777344,40.80372619628906,-1.189536333998337,-0.0008627110510133207,0.0,step_1.2_rest
50.566666666,33.98183822631836,40.8037109375,-1.1896087112881837,-0.0055836779065430164,0.0,step_1.2_rest
50.583333333,33.98193359375,40.80373764038086,-1.1895133247959586,0.0026026798877865076,0.0,step_1.2_rest
50.599999999,33.981929779052734,40.803733825683594,-1.189519219595016,0.0038330790121108294,0.0,step_1.2_rest
50.616666666,33.981876373291016,40.80371856689453,-1.1895845641936609,-0.005347159691154957,0.0,step_1.2_rest
50.633333333,33.98192596435547,40.80373764038086,-1.1895121634828814,0.0006606229580938816,0.0,step_1.2_rest
50.649999999,33.98192596435547,40.80373764038086,-1.189513621481258,0.0026805419474840164,0.0,step_1.2_rest
50.666666666,33.98195266723633,40.803741455078125,-1.1894803435115382,0.0037322044372558594,0.0,step_1.2_rest
50.683333333,33.98186492919922,40.803714752197266,-1.1895808083101798,-0.00393205089494586,0.0,step_1.2_rest
50.699999999,33.981849670410156,40.8037109375,-1.1895982199851038,0.007653434760868549,0.0,step_1.2_rest
50.716666666,33.981868743896484,40.803714752197266,-1.1895714535308501,-0.0007463633082807064,0.0,step_1.2_rest
50.733333333,33.98183059692383,40.803707122802734,-1.1896203893520363,-0.006700593046844006,0.0,step_1.2_rest
50.749999999,33.9819221496582,40.80373764038086,-1.1895241128549277,0.0032423713710159063,0.0,step_1.2_rest
50.766666666,33.981929779052734,40.803741455078125,-1.1895084076921014,0.006944537162780762,0.0,step_1.2_rest
50.783333333,33.98186111450195,40.80371856689453,-1.1895835394166612,-0.004237281624227762,0.0,step_1.2_rest
50.799999999,33.98184585571289,40.8037109375,-1.189611763870262,-0.0003636247420217842,0.0,step_1.2_rest
50.816666666,33.98188400268555,40.80371856689453,-1.1895600972687688,0.004947084467858076,0.0,step_1.2_rest
50.833333333,33.98195266723633,40.80376052856445,-1.1894448191080438,0.007349358405917883,0.0,step_1.2_rest
50.849999999,33.981910705566406,40.80373764038086,-1.189510866261202,0.007978209294378757,0.0,step_1.2_rest
50.866666666,33.98189163208008,40.803733825683594,-1.1895408199807698,0.0057578058913350105,0.0,step_1.2_rest
50.883333333,33.981895446777344,40.80373764038086,-1.1895314654705957,-0.0016462299972772598,0.0,step_1.2_rest
50.899999999,33.98182678222656,40.80370330810547,-1.1896336368215423,-0.0037359462585300207,0.0,step_1.2_rest
50.916666666,33.981929779052734,40.80374526977539,-1.189523382306664,0.0032134028151631355,0.0,step_1.2_rest
50.933333333,33.98192596435547,40.803741455078125,-1.1895278694532208,0.0036250052507966757,0.0,step_1.2_rest
50.949999999,33.98186111450195,40.80371856689453,-1.1896021119911322,-0.006380345206707716,0.0,step_1.2_rest
50.966666666,33.98188018798828,40.8037223815918,-1.1895754818321,-0.010372152552008629,0.0,step_1.2_rest
50.983333333,33.98194122314453,40.80373764038086,-1.1895071084531395,0.0008467214647680521,0.0,step_1.2_rest
50.999999999,33.98186111450195,40.80370330810547,-1.1895840214301683,-0.0025308832991868258,0.0,step_1.2_rest
51.016666666,33.98189163208008,40.803714752197266,-1.1895406592674258,0.00493584806099534,0.0,step_1.2_rest
51.033333333,33.98189926147461,40.80371856689453,-1.1895285746911093,0.0080693569034338,0.0,step_1.2_rest
51.049999999,33.98186111450195,40.803707122802734,-1.1895771870204477,-0.003403065726161003,0.0,step_1.2_rest
51.066666666,33.9818000793457,40.80368423461914,-1.1896659158752192,-0.0057791150175035,0.0,step_1.2_rest
51.083333333,33.981895446777344,40.8037109375,-1.1895721579823184,0.004789987113326788,0.0,step_1.2_rest
51.099999999,33.98185729980469,40.80369186401367,-1.1896273099262846,-0.002635061973705888,0.0,step_1.2_rest
51.116666666,33.981937408447266,40.803733825683594,-1.1895260038911206,0.004776716697961092,0.0,step_1.2_rest
51.133333333,33.98188018798828,40.80370330810547,-1.189615928032085,0.004437359981238842,0.0,step_1.2_rest
51.149999999,33.98191833496094,40.80373001098633,-1.189550717727963,0.0015728040598332882,0.0,step_1.2_rest
51.166666666,33.98182678222656,40.80369567871094,-1.1896539155965642,-0.0069992197677493095,0.0,step_1.2_rest
51.183333333,33.981849670410156,40.80370330810547,-1.1896196602536047,-0.0009515464771538973,0.0,step_1.2_rest
51.199999999,33.98189926147461,40.80373001098633,-1.1895451197167455,-0.0001296491245739162,0.0,step_1.2_rest
51.216666666,33.981910705566406,40.80373764038086,-1.1895239526337826,0.00772105110809207,0.0,step_1.2_rest
51.233333333,33.98181915283203,40.8036994934082,-1.1896124436474198,-0.0036485057789832354,0.0,step_1.2_rest
51.249999999,33.9818115234375,40.8036994934082,-1.189626284474237,-0.0016868164530023932,0.0,step_1.2_rest
51.266666666,33.98188400268555,40.8037223815918,-1.1895394981401806,0.0060810428112745285,0.0,step_1.2_rest
51.283333333,33.98191833496094,40.803741455078125,-1.1894862389285226,0.009505504742264748,0.0,step_1.2_rest
51.299999999,33.981868743896484,40.8037223815918,-1.1895526341492515,0.0025452503468841314,0.0,step_1.2_rest
51.316666666,33.98189926147461,40.80373764038086,-1.1895023767506985,0.005094565916806459,0.0,step_1.2_rest
51.333333333,33.98183822631836,40.8037223815918,-1.1895717746858963,-0.005817956756800413,0.0,step_1.2_rest
51.349999999,33.98188400268555,40.80373001098633,-1.1895108658905484,-0.004595938138663769,0.0,step_1.2_rest
51.366666666,33.98190689086914,40.80373764038086,-1.1894829394374573,0.007101820781826973,0.0,step_1.2_rest
51.383333333,33.98181915283203,40.8037109375,-1.189570479106164,-0.0027998911682516336,0.0,step_1.2_rest
51.399999999,33.98184585571289,40.80371856689453,-1.1895318981856347,-0.00021099994773976505,0.0,step_1.2_rest
51.416666666,33.98191833496094,40.80376434326172,-1.189428087597836,0.0033819584641605616,0.0,step_1.2_rest
51.433333333,33.981868743896484,40.80373001098633,-1.1895145985482518,0.009094519540667534,0.0,step_1.2_rest
51.449999999,33.981807708740234,40.80371856689453,-1.1895752351841287,-0.001646557473577559,0.0,step_1.2_rest
51.466666666,33.98181915283203,40.8037223815918,-1.18955501853821,-0.0043280781246721745,0.0,step_1.2_rest
51.483333333,33.98179244995117,40.80371856689453,-1.189594191861792,-0.0033663727808743715,0.0,step_1.2_rest
51.499999999,33.98187255859375,40.80374526977539,-1.1894973227991106,0.0030853739008307457,0.0,step_1.2_rest
51.516666666,33.98188781738281,40.803749084472656,-1.189473337450489,-0.0060076103545725346,0.0,step_1.2_rest
51.533333333,33.98191833496094,40.80376434326172,-1.189435872629414,0.0070742955431342125,0.0,step_1.2_rest
51.549999999,33.981868743896484,40.803733825683594,-1.1895147595093403,0.008232426829636097,0.0,step_1.2_rest
51.566666666,33.98188018798828,40.80374526977539,-1.1894964579985878,0.014713735319674015,0.0,step_1.2_rest
51.583333333,33.9818115234375,40.80372619628906,-1.1895349259779275,-0.0013405167264863849,0.0,step_1.2_rest
51.599999999,33.98179626464844,40.8037223815918,-1.1895541781742123,-0.009015658870339394,0.0,step_1.2_rest
51.616666666,33.98187255859375,40.80374526977539,-1.1894793685717044,0.0026700065936893225,0.0,step_1.2_rest
51.633333333,33.981903076171875,40.80375671386719,-1.1894422240989169,0.005805494263768196,0.0,step_1.2_rest
51.649999999,33.9818115234375,40.80373001098633,-1.1895336283786266,-0.004980068653821945,0.0,step_1.2_rest
51.666666666,33.9818115234375,40.80373001098633,-1.189532034380913,-0.006111697759479284,0.0,step_1.2_rest
51.683333333,33.98189163208008,40.80375289916992,-1.189452739794917,0.004730996210128069,0.0,step_1.2_rest
51.699999999,33.98185348510742,40.80374526977539,-1.1894990280513704,-0.0008015260682441294,0.0,step_1.2_rest
51.716666666,33.9818115234375,40.80372619628906,-1.189559800986805,-0.0004709803615696728,0.0,step_1.2_rest
51.733333333,33.981842041015625,40.803733825683594,-1.1895143261962775,0.00015797307423781604,0.0,step_1.2_rest
51.749999999,33.981903076171875,40.803768157958984,-1.1894128399276243,0.0031672052573412657,0.0,step_1.2_rest
51.766666666,33.981815338134766,40.80373001098633,-1.1895179486088656,-0.004029315430670977,0.0,step_1.2_rest
51.783333333,33.981807708740234,40.80372619628906,-1.1895283271573571,-0.004133183509111404,0.0,step_1.2_rest
51.799999999,33.981868743896484,40.803741455078125,-1.1894606114385322,0.00594048947095871,0.0,step_1.2_rest
51.816666666,33.98189926147461,40.80375671386719,-1.1894099735494277,0.0055273110046982765,0.0,step_1.2_rest
51.833333333,33.98181915283203,40.80373764038086,-1.1895071592546498,-0.002388961613178253,0.0,step_1.2_rest
51.849999999,33.98179244995117,40.80373001098633,-1.1895448234686548,-0.006985581945627928,0.0,step_1.2_rest
51.866666666,33.98188018798828,40.80374526977539,-1.189459091039873,0.003212700132280588,0.0,step_1.2_rest
51.883333333,33.98189926147461,40.80375289916992,-1.1894367126478687,0.010859143920242786,0.0,step_1.2_rest
51.899999999,33.98179244995117,40.80373001098633,-1.189515215823066,-0.001105235773138702,0.0,step_1.2_rest
51.916666666,33.98188018798828,40.803749084472656,-1.1894131615872023,0.005322896409779787,0.0,step_1.2_rest
51.933333333,33.981868743896484,40.803741455078125,-1.1894410870227459,0.004492331296205521,0.0,step_1.2_rest
51.949999999,33.98189926147461,40.803749084472656,-1.189407675963506,0.015592902898788452,0.0,step_1.2_rest
51.966666666,33.981815338134766,40.8037223815918,-1.1894514177561726,-0.0014004393015056849,0.0,step_1.2_rest
51.983333333,33.981788635253906,40.8037109375,-1.1894846951944869,-0.0006691999151371419,0.0,step_1.2_rest
51.999999999,33.981868743896484,40.803733825683594,-1.1893834812978048,0.003519816091284156,0.0,step_1.2_rest
52.016666666,33.98188018798828,40.803741455078125,-1.1893576078368922,0.011289871297776699,0.0,step_1.2_rest
52.033333333,33.981849670410156,40.80373001098633,-1.189397048732956,-0.001944146235473454,0.0,step_1.2_rest
52.049999999,33.981849670410156,40.80373001098633,-1.1893981607851,0.0021458915434777737,0.0,step_1.2_rest
52.066666666,33.981876373291016,40.803741455078125,-1.18935512355213,0.0034242868423461914,0.0,step_1.2_rest
52.083333333,33.98189163208008,40.80374526977539,-1.1893285454251428,-0.002540698042139411,0.0,step_1.2_rest
52.099999999,33.981903076171875,40.80375289916992,-1.1893170060429608,0.00856649037450552,0.0,step_1.2_rest
52.116666666,33.981937408447266,40.80376434326172,-1.1892732409243443,0.007412299048155546,0.0,step_1.2_rest
52.133333333,33.98196029663086,40.80377197265625,-1.1892335550324122,0.00042115154792554677,0.0,step_1.2_rest
52.149999999,33.98200607299805,40.80378341674805,-1.1891808719839936,0.008152682334184647,0.0,step_1.2_rest
52.166666666,33.98196029663086,40.80376052856445,-1.1892518043640357,0.008915931917726994,0.0,step_1.2_rest
52.183333333,33.981971740722656,40.803768157958984,-1.1892277967918161,-0.004034801851958036,0.0,step_1.2_rest
52.199999999,33.981971740722656,40.803768157958984,-1.189226178440633,0.001257413299754262,0.0,step_1.2_rest
52.216666666,33.981956481933594,40.80375671386719,-1.1892531512314395,0.0041725244373083115,0.0,step_1.2_rest
52.233333333,33.9819450378418,40.80375289916992,-1.1892742917119694,0.005858089774847031,0.0,step_1.2_rest
52.249999999,33.98190689086914,40.803741455078125,-1.1893157078210748,-0.004356425255537033,0.0,step_1.2_rest
52.266666666,33.98188781738281,40.803733825683594,-1.1893386031518212,-0.008892626501619816,0.0,step_1.2_rest
52.283333333,33.98197555541992,40.80375289916992,-1.1892591554670549,0.003707163967192173,0.0,step_1.2_rest
52.299999999,33.981998443603516,40.80376434326172,-1.1892279083156363,0.008175350725650787,0.0,step_1.2_rest
52.316666666,33.98190689086914,40.80373764038086,-1.1893095424903743,-0.0037185274995863438,0.0,step_1.2_rest
52.333333333,33.981903076171875,40.803741455078125,-1.1893077629052442,-0.008297283202409744,0.0,step_1.2_rest
52.349999999,33.981964111328125,40.80375671386719,-1.1892503960435807,0.004233191255480051,0.0,step_1.2_rest
52.366666666,33.98200988769531,40.80377197265625,-1.1891942771295594,0.008482511155307293,0.0,step_1.2_rest
52.383333333,33.9819450378418,40.803749084472656,-1.1892742424538112,0.0011602137237787247,0.0,step_1.2_rest
52.399999999,33.981876373291016,40.80372619628906,-1.1893587691429504,-0.0023386310786008835,0.0,step_1.2_rest
52.416666666,33.981956481933594,40.80376434326172,-1.1892506672605674,0.0016570963198319077,0.0,step_1.2_rest
52.433333333,33.98198699951172,40.80377197265625,-1.1892046058591923,0.006287549622356892,0.0,step_1.2_rest
52.449999999,33.981929779052734,40.80375289916992,-1.18926837359139,-0.004549526143819094,0.0,step_1.2_rest
52.466666666,33.98198699951172,40.803775787353516,-1.1892005787780395,0.000909525784663856,0.0,step_1.2_rest
52.483333333,33.98195266723633,40.80376434326172,-1.1892536943306098,-0.005431918427348137,0.0,step_1.2_rest
52.499999999,33.98196792602539,40.80376434326172,-1.1892354462100911,0.009495573118329048,0.0,step_1.2_rest
52.516666666,33.981910705566406,40.803749084472656,-1.1892899461268984,-0.004544209688901901,0.0,step_1.2_rest
52.533333333,33.98188018798828,40.80373764038086,-1.1893338714390786,-0.0051886592991650105,0.0,step_1.2_rest
52.549999999,33.98196029663086,40.80376052856445,-1.1892467750239701,0.0025525216478854418,0.0,step_1.2_rest
52.566666666,33.98197555541992,40.80376434326172,-1.1892239311411277,0.009769178926944733,0.0,step_1.2_rest
52.583333333,33.98200988769531,40.803775787353516,-1.189183627009391,-0.0016219723038375378,0.0,step_1.2_rest
52.599999999,33.9819221496582,40.803749084472656,-1.1892997569158998,-0.000816682237200439,0.0,step_1.2_rest
52.616666666,33.98200988769531,40.80379104614258,-1.189188198257773,0.004056010860949755,0.0,step_1.2_rest
52.633333333,33.981929779052734,40.80375289916992,-1.1892916515318828,-0.0010112461168318987,0.0,step_1.2_rest
52.649999999,33.982017517089844,40.803802490234375,-1.18918146495669,0.0040392386727035046,0.0,step_1.2_rest
52.666666666,33.9819450378418,40.80375289916992,-1.1892816182567356,0.0019323851447552443,0.0,step_1.2_rest
52.683333333,33.981876373291016,40.803741455078125,-1.1893614747624843,-0.003103547031059861,0.0,step_1.2_rest
52.699999999,33.981971740722656,40.80376434326172,-1.1892583152828204,0.0051769777201116085,0.0,step_1.2_rest
52.716666666,33.9819221496582,40.80374526977539,-1.1893232203437254,-0.0034375665709376335,0.0,step_1.2_rest
52.733333333,33.981903076171875,40.803741455078125,-1.1893454974816426,-0.0105131845921278,0.0,step_1.2_rest
52.749999999,33.981937408447266,40.80375671386719,-1.1893056256735568,0.0016952950973063707,0.0,step_1.2_rest
52.766666666,33.981998443603516,40.80378341674805,-1.189213255052241,0.001199937192723155,0.0,step_1.2_rest
52.783333333,33.981910705566406,40.80375289916992,-1.1893180061951538,-0.0037110948469489813,0.0,step_1.2_rest
52.799999999,33.98188018798828,40.80374526977539,-1.1893576322815427,-0.004487270954996347,0.0,step_1.2_rest
52.816666666,33.98198318481445,40.80377197265625,-1.1892553993841082,0.005075732246041298,0.0,step_1.2_rest
52.833333333,33.98190689086914,40.803749084472656,-1.189340877359455,-0.0038772153202444315,0.0,step_1.2_rest
52.849999999,33.98189163208008,40.803741455078125,-1.189360337981648,-0.0008734957664273679,0.0,step_1.2_rest
52.866666666,33.981956481933594,40.80376052856445,-1.189278887954059,0.007376652676612139,0.0,step_1.2_rest
52.883333333,33.981964111328125,40.80376434326172,-1.1892687808393492,-0.0007033240981400013,0.0,step_1.2_rest
52.899999999,33.98198318481445,40.80376434326172,-1.1892437726281937,7.737575651844963e-05,0.0,step_1.2_rest
52.916666666,33.981964111328125,40.80375671386719,-1.1892719432973673,-0.0017303097993135452,0.0,step_1.2_rest
52.933333333,33.981990814208984,40.80376052856445,-1.1892398542969689,-0.004609636031091213,0.0,step_1.2_rest
52.949999999,33.98196792602539,40.80375671386719,-1.1892787517222363,-0.003420565975829959,0.0,step_1.2_rest
52.966666666,33.98200988769531,40.803768157958984,-1.1892369648896477,0.006193485110998154,0.0,step_1.2_rest
52.983333333,33.981910705566406,40.80372619628906,-1.1893348719301944,-0.005298118107020855,0.0,step_1.2_rest
52.999999999,33.981964111328125,40.80373764038086,-1.1892718080552749,0.004431362729519606,0.0,step_1.2_rest
53.016666666,33.981990814208984,40.803749084472656,-1.1892315040394428,0.012200336903333664,0.0,step_1.2_rest
53.033333333,33.98191833496094,40.80372619628906,-1.189283916791941,-0.0018202083883807063,0.0,step_1.2_rest
53.049999999,33.98190689086914,40.80371856689453,-1.1892999174206653,-0.001711701974272728,0.0,step_1.2_rest
53.066666666,33.98193359375,40.80371856689453,-1.1892655064939506,-0.0009206136455759406,0.0,step_1.2_rest
53.083333333,33.98195266723633,40.80373001098633,-1.1892391518165433,-0.009067680686712265,0.0,step_1.2_rest
53.099999999,33.98196029663086,40.803733825683594,-1.189227068679444,0.0029730601236224174,0.0,step_1.2_rest
53.116666666,33.98186111450195,40.803688049316406,-1.189337738769599,-0.005961497314274311,1.5,step_1.5
53.133333333,33.9819450378418,40.80372619628906,-1.1892334193409995,-0.0005827406421303749,1.5,step_1.5
53.149999999,33.981998443603516,40.80374526977539,-1.1891598688229663,0.0006850814097560942,1.5,step_1.5
53.166666666,33.98194885253906,40.803733825683594,-1.1892221753430803,-0.006189384032040834,1.5,step_1.5
53.183333333,33.98200225830078,40.803741455078125,-1.1891543572736032,0.0014314701547846198,1.5,step_1.5
53.199999999,33.98191452026367,40.8037223815918,-1.1892564001623867,-0.0057490128092467785,1.5,step_1.5
53.216666666,33.98194885253906,40.803733825683594,-1.189210932330942,0.0014408675488084555,1.5,step_1.5
53.233333333,33.98198699951172,40.803741455078125,-1.189154271533627,0.0028553579468280077,1.5,step_1.5
53.249999999,33.98200988769531,40.803749084472656,-1.1891251626874715,0.0005151967634446919,1.5,step_1.5
53.266666666,33.98194885253906,40.80372619628906,-1.1892141204426905,-0.0006573391146957874,1.5,step_1.5
53.283333333,33.98200988769531,40.80375671386719,-1.1891211599695557,0.0018799720564857125,1.5,step_1.5
53.299999999,33.98207473754883,40.803741455078125,-1.1879211134706895,0.07474023103713989,1.5,step_1.5
53.316666666,33.98129653930664,40.803619384765625,-1.1855332156532632,0.1448420286178589,1.5,step_1.5
53.333333333,33.980587005615234,40.80356979370117,-1.1815447545341697,0.2445436716079712,1.5,step_1.5
53.349999999,33.98067855834961,40.80366134643555,-1.1759145112795553,0.3433796167373657,1.5,step_1.5
53.366666666,33.9803466796875,40.803688049316406,-1.1688082323260556,0.4343247711658478,1.5,step_1.5
53.383333333,33.98067092895508,40.804168701171875,-1.1601360600502384,0.530647873878479,1.5,step_1.5
53.399999999,33.980125427246094,40.80439758300781,-1.1502582159683843,0.5964532494544983,1.5,step_1.5
53.416666666,33.98019790649414,40.80512619018555,-1.1390236854384714,0.6853232383728027,1.5,step_1.5
53.433333333,33.979591369628906,40.805908203125,-1.126459695252912,0.7619163990020752,1.5,step_1.5
53.449999999,33.979156494140625,40.80699920654297,-1.112887900966488,0.828952968120575,1.5,step_1.5
53.466666666,33.978538513183594,40.80815505981445,-1.0978009586662751,0.9135357141494751,1.5,step_1.5
53.483333333,33.977928161621094,40.809364318847656,-1.081511622146317,1.011997103691101,1.5,step_1.5
53.499999999,33.977237701416016,40.810550689697266,-1.0635141059132647,1.1023366451263428,1.5,step_1.5
53.516666666,33.976524353027344,40.81167221069336,-1.0448030980144083,1.1368612051010132,1.5,step_1.5
53.533333333,33.97590255737305,40.81269454956055,-1.0254746490613877,1.1773302555084229,1.5,step_1.5
53.549999999,33.97534942626953,40.8134651184082,-1.0055094078194537,1.2149666547775269,1.5,step_1.5
53.566666666,33.974952697753906,40.8140869140625,-0.9850484818762727,1.240983247756958,1.5,step_1.5
53.583333333,33.97466278076172,40.814483642578125,-0.9641073367526232,1.27322256565094,1.5,step_1.5
53.599999999,33.9744758605957,40.81483459472656,-0.9427144180750184,1.2999273538589478,1.5,step_1.5
53.616666666,33.97439956665039,40.81499481201172,-0.9208394292129588,1.328583002090454,1.5,step_1.5
53.633333333,33.97438049316406,40.81510543823242,-0.8986449006506351,1.3456380367279053,1.5,step_1.5
53.649999999,33.974449157714844,40.81521224975586,-0.8761819871370761,1.360457420349121,1.5,step_1.5
53.666666666,33.974647521972656,40.81511688232422,-0.8533634298725876,1.3838735818862915,1.5,step_1.5
53.683333333,33.974979400634766,40.81498336791992,-0.8303441411370287,1.3910914659500122,1.5,step_1.5
53.699999999,33.97532272338867,40.81475067138672,-0.8072008263537749,1.4004958868026733,1.5,step_1.5
53.716666666,33.9756965637207,40.81447219848633,-0.7839756258620332,1.4031615257263184,1.5,step_1.5
53.733333333,33.975982666015625,40.814292907714844,-0.7606980719425618,1.4040471315383911,1.5,step_1.5
53.749999999,33.97631072998047,40.814125061035156,-0.7373614836997393,1.410218358039856,1.5,step_1.5
53.766666666,33.97667694091797,40.813941955566406,-0.7139958741241444,1.4085088968276978,1.5,step_1.5
53.783333333,33.976993560791016,40.813804626464844,-0.6906555167319444,1.4078603982925415,1.5,step_1.5
53.799999999,33.97734069824219,40.81365966796875,-0.6672837416762917,1.4093800783157349,1.5,step_1.5
53.816666666,33.97757339477539,40.81352615356445,-0.6439072826616865,1.4102747440338135,1.5,step_1.5
53.833333333,33.97788619995117,40.81343078613281,-0.6204861530641139,1.4154348373413086,1.5,step_1.5
53.849999999,33.978240966796875,40.813262939453125,-0.5970279442637096,1.415313959121704,1.5,step_1.5
53.866666666,33.978614807128906,40.813133239746094,-0.5735767531774888,1.412792444229126,1.5,step_1.5
53.883333333,33.9789924621582,40.812992095947266,-0.5501570712068267,1.411553978919983,1.5,step_1.5
53.899999999,33.9793701171875,40.81287384033203,-0.5267599223994743,1.4101500511169434,1.5,step_1.5
53.916666666,33.979759216308594,40.81275177001953,-0.5033821587787166,1.4094336032867432,1.5,step_1.5
53.933333333,33.980140686035156,40.812625885009766,-0.48001989288379027,1.4085217714309692,1.5,step_1.5
53.949999999,33.980525970458984,40.81251525878906,-0.45667050878129295,1.408673882484436,1.5,step_1.5
53.966666666,33.98090744018555,40.812416076660156,-0.4333235875191532,1.406286358833313,1.5,step_1.5
53.983333333,33.98096466064453,40.812278747558594,-0.4097788199828164,1.4268072843551636,1.5,step_1.5
53.999999999,33.98096466064453,40.81230926513672,-0.3861528886762577,1.423782229423523,1.5,step_1.5
54.016666666,33.98100280761719,40.812400817871094,-0.3625724317695823,1.4210186004638672,1.5,step_1.5
54.033333333,33.98119354248047,40.81239700317383,-0.33890127630072425,1.430374264717102,1.5,step_1.5
54.049999999,33.98128890991211,40.81227493286133,-0.31514255996672197,1.4328187704086304,1.5,step_1.5
54.066666666,33.981380462646484,40.8122444152832,-0.2914302542306226,1.4284151792526245,1.5,step_1.5
54.083333333,33.98149490356445,40.812286376953125,-0.2677876839085898,1.42440927028656,1.5,step_1.5
54.099999999,33.981685638427734,40.812381744384766,-0.24415478335441557,1.4295539855957031,1.5,step_1.5
54.116666666,33.982025146484375,40.81239318847656,-0.22044564711140216,1.4315507411956787,1.5,step_1.5
54.133333333,33.982398986816406,40.81248474121094,-0.1967633473340936,1.427010178565979,1.5,step_1.5
54.149999999,33.982765197753906,40.8125114440918,-0.17314105265725757,1.42374849319458,1.5,step_1.5
54.166666666,33.983097076416016,40.812583923339844,-0.14957891805427437,1.4196566343307495,1.5,step_1.5
54.183333333,33.98345947265625,40.81262969970703,-0.12603569153200248,1.4208015203475952,1.5,step_1.5
54.199999999,33.98383712768555,40.81267547607422,-0.10251541760633455,1.4189338684082031,1.5,step_1.5
54.216666666,33.984222412109375,40.81272888183594,-0.07902720005991067,1.4152079820632935,1.5,step_1.5
54.233333333,33.98448944091797,40.81269454956055,-0.05556346316999727,1.4147448539733887,1.5,step_1.5
54.249999999,33.98463821411133,40.812782287597656,-0.03212309821399039,1.413175344467163,1.5,step_1.5
54.266666666,33.98490905761719,40.81287384033203,-0.008579656233212697,1.4252080917358398,1.5,step_1.5
54.283333333,33.98527908325195,40.812965393066406,0.015013152501618918,1.4206748008728027,1.5,step_1.5
54.299999999,33.98552322387695,40.81303405761719,0.038546230627557854,1.4195188283920288,1.5,step_1.5
54.316666666,33.98579406738281,40.813148498535156,0.062137091767212486,1.4266479015350342,1.5,step_1.5
54.333333333,33.986026763916016,40.81317901611328,0.08577576503770724,1.4264971017837524,1.5,step_1.5
54.349999999,33.986167907714844,40.81328582763672,0.10942243294204622,1.425931692123413,1.5,step_1.5
54.366666666,33.986412048339844,40.81336975097656,0.1330951447884089,1.4308632612228394,1.5,step_1.5
54.383333333,33.98664093017578,40.813480377197266,0.15676840645778536,1.4265503883361816,1.5,step_1.5
54.399999999,33.986881256103516,40.813602447509766,0.18044848992183815,1.4307087659835815,1.5,step_1.5
54.416666666,33.98721694946289,40.81377029418945,0.2041418609183064,1.426774263381958,1.5,step_1.5
54.433333333,33.987545013427734,40.81389617919922,0.22778159749589666,1.4250109195709229,1.5,step_1.5
54.449999999,33.98773956298828,40.813968658447266,0.25142391611578274,1.4267266988754272,1.5,step_1.5
54.466666666,33.98792266845703,40.814090728759766,0.2751454278979313,1.4327996969223022,1.5,step_1.5
54.483333333,33.988182067871094,40.81421661376953,0.29887121422032487,1.4321738481521606,1.5,step_1.5
54.499999999,33.988487243652344,40.81438064575195,0.32258450853264026,1.4308984279632568,1.5,step_1.5
54.516666666,33.98880386352539,40.81460189819336,0.3462613436191684,1.4259446859359741,1.5,step_1.5
54.533333333,33.989139556884766,40.81478500366211,0.36987137643503015,1.4200396537780762,1.5,step_1.5
54.549999999,33.98933410644531,40.8148307800293,0.39349965507311435,1.4288173913955688,1.5,step_1.5
54.566666666,33.989463806152344,40.8149528503418,0.4172409194497059,1.4334627389907837,1.5,step_1.5
54.583333333,33.989654541015625,40.81513977050781,0.44098118443287687,1.43105947971344,1.5,step_1.5
54.599999999,33.98984146118164,40.81532669067383,0.46466844546077074,1.4293400049209595,1.5,step_1.5
54.616666666,33.99003982543945,40.81559753417969,0.4883341763756315,1.426040768623352,1.5,step_1.5
54.633333333,33.990196228027344,40.81568145751953,0.5120248635812628,1.4288408756256104,1.5,step_1.5
54.649999999,33.990333557128906,40.815818786621094,0.5357488460141898,1.4325101375579834,1.5,step_1.5
54.666666666,33.9904899597168,40.8160514831543,0.5594695801530171,1.4308773279190063,1.5,step_1.5
54.683333333,33.990638732910156,40.81634521484375,0.5831453933010909,1.4291352033615112,1.5,step_1.5
54.699999999,33.99079895019531,40.816673278808594,0.6067981701052427,1.42554771900177,1.5,step_1.5
54.716666666,33.99098205566406,40.81682205200195,0.630403427486212,1.4221577644348145,1.5,step_1.5
54.733333333,33.99110412597656,40.8170280456543,0.6539757777146699,1.422939658164978,1.5,step_1.5
54.749999999,33.991241455078125,40.817325592041016,0.677573666981161,1.4242773056030273,1.5,step_1.5
54.766666666,33.99144744873047,40.81760025024414,0.7011641530031747,1.420671820640564,1.5,step_1.5
54.783333333,33.99158477783203,40.81781768798828,0.7246935008827603,1.4177175760269165,1.5,step_1.5
54.799999999,33.9917106628418,40.8181266784668,0.7482247200029907,1.4201234579086304,1.5,step_1.5
54.816666666,33.99187088012695,40.8184700012207,0.7717544638435563,1.417240023612976,1.5,step_1.5
54.833333333,33.99201583862305,40.8187141418457,0.7952148705162937,1.4144716262817383,1.5,step_1.5
54.849999999,33.99215316772461,40.81904983520508,0.8187018448120013,1.4176241159439087,1.5,step_1.5
54.866666666,33.99232482910156,40.819393157958984,0.8421895779365359,1.4164711236953735,1.5,step_1.5
54.883333333,33.99247741699219,40.81975173950195,0.8656479716326385,1.4140138626098633,1.5,step_1.5
54.899999999,33.99264144897461,40.82011032104492,0.8890702095111785,1.4121359586715698,1.5,step_1.5
54.916666666,33.992794036865234,40.82046890258789,0.9124759262439545,1.4111841917037964,1.5,step_1.5
54.933333333,33.992950439453125,40.82083511352539,0.9358659468594616,1.4098790884017944,1.5,step_1.5
54.949999999,33.993099212646484,40.82120895385742,0.9592345175992318,1.4071223735809326,1.5,step_1.5
54.966666666,33.993228912353516,40.82145690917969,0.9825615140461877,1.40699303150177,1.5,step_1.5
54.983333333,33.993324279785156,40.82177734375,1.0059342446732684,1.4121217727661133,1.5,step_1.5
54.999999999,33.99345397949219,40.8221435546875,1.0293477174074046,1.4125980138778687,1.5,step_1.5
55.016666666,33.993568420410156,40.822532653808594,1.0527552596444865,1.409435749053955,1.5,step_1.5
55.033333333,33.993690490722656,40.822906494140625,1.076135985596981,1.4096769094467163,1.5,step_1.5
55.049999999,33.99379348754883,40.82329559326172,1.0994972024320517,1.4081648588180542,1.5,step_1.5
55.066666666,33.99390411376953,40.82368087768555,1.122857953710314,1.4095101356506348,1.5,step_1.5
55.083333333,33.9940071105957,40.824058532714844,1.1462192656316248,1.408272624015808,1.5,step_1.5
55.099999999,33.99411392211914,40.82444763183594,1.169593291251239,1.4101437330245972,1.5,step_1.5
55.116666666,33.99419403076172,40.824825286865234,1.1929485688456376,1.406421422958374,1.5,step_1.5
55.133333333,33.99432373046875,40.82502365112305,1.21631584514441,1.4089879989624023,1.5,step_1.5
55.149999999,33.99436569213867,40.825218200683594,1.2396986646824701,1.4181439876556396,1.5,step_1.5
55.166666666,33.99444580078125,40.825557708740234,1.2632410425991352,1.4232193231582642,1.5,step_1.5
55.183333333,33.9945068359375,40.825889587402344,1.2868207601180721,1.4270529747009277,1.5,step_1.5
55.199999999,33.99452590942383,40.826263427734375,1.3104138454760645,1.4206044673919678,1.5,step_1.5
55.216666666,33.9945182800293,40.82664108276367,1.333934798645634,1.4171247482299805,1.5,step_1.5
55.233333333,33.994564056396484,40.82694625854492,1.35742046934864,1.4165085554122925,1.5,step_1.5
55.249999999,33.99452209472656,40.827239990234375,1.3808811315468146,1.4147692918777466,1.5,step_1.5
55.266666666,33.994449615478516,40.82760238647461,1.4043600735962933,1.416667103767395,1.5,step_1.5
55.283333333,33.9943962097168,40.827980041503906,1.427828850116171,1.4144929647445679,1.5,step_1.5
55.299999999,33.99433135986328,40.82833480834961,1.4512640869300781,1.4133800268173218,1.5,step_1.5
55.316666666,33.99428939819336,40.828704833984375,1.4746928245448918,1.4117980003356934,1.5,step_1.5
55.333333333,33.99439239501953,40.82893753051758,1.498128399196544,1.415044903755188,1.5,step_1.5
55.349999999,33.994380950927734,40.829071044921875,1.5215772254154039,1.4137741327285767,1.5,step_1.5
55.366666666,33.994293212890625,40.82917785644531,1.5450084338457353,1.4124048948287964,1.5,step_1.5
55.383333333,33.99419021606445,40.82941436767578,1.5685391845753105,1.4221869707107544,1.5,step_1.5
55.399999999,33.99409103393555,40.829769134521484,1.5921146334797276,1.421366810798645,1.5,step_1.5
55.416666666,33.99398422241211,40.83013916015625,1.6156489982907074,1.417386770248413,1.5,step_1.5
55.433333333,33.993988037109375,40.830379486083984,1.6391547392607075,1.4205735921859741,1.5,step_1.5
55.449999999,33.99390411376953,40.830467224121094,1.6626832339091844,1.4189033508300781,1.5,step_1.5
55.466666666,33.993804931640625,40.83067321777344,1.686314880704703,1.4281092882156372,1.5,step_1.5
55.483333333,33.99366760253906,40.830997467041016,1.7099817895512015,1.4261308908462524,1.5,step_1.5
55.499999999,33.99352264404297,40.831356048583984,1.7336016904602325,1.4222936630249023,1.5,step_1.5
55.516666666,33.993350982666016,40.831722259521484,1.7571544484400523,1.4163994789123535,1.5,step_1.5
55.533333333,33.99333190917969,40.83192443847656,1.7807026631873932,1.4250779151916504,1.5,step_1.5
55.549999999,33.99321365356445,40.83205795288086,1.804377627458974,1.4255534410476685,1.5,step_1.5
55.566666666,33.99308776855469,40.8322639465332,1.8280831560706263,1.432218313217163,1.5,step_1.5
55.583333333,33.992919921875,40.83255386352539,1.8518035354804208,1.431201457977295,1.5,step_1.5
55.599999999,33.99274826049805,40.832889556884766,1.8754882420857557,1.4269462823867798,1.5,step_1.5
55.616666666,33.99256134033203,40.83323287963867,1.8991111794992928,1.4214401245117188,1.5,step_1.5
55.633333333,33.9924201965332,40.83355712890625,1.9226769590649397,1.4204195737838745,1.5,step_1.5
55.649999999,33.992210388183594,40.833866119384766,1.9462111073026669,1.418267846107483,1.5,step_1.5
55.666666666,33.992061614990234,40.834197998046875,1.9697122075638618,1.416614055633545,1.5,step_1.5
55.683333333,33.99184036254883,40.8344841003418,1.9931865746335262,1.417846441268921,1.5,step_1.5
55.699999999,33.99153518676758,40.83479690551758,2.016673499101022,1.414486289024353,1.5,step_1.5
55.716666666,33.99129104614258,40.835113525390625,2.040116760154653,1.4166603088378906,1.5,step_1.5
55.733333333,33.99105453491211,40.8354606628418,2.063586642979836,1.4151551723480225,1.5,step_1.5
55.749999999,33.9907341003418,40.83572006225586,2.087025061396182,1.41543710231781,1.5,step_1.5
55.766666666,33.99044418334961,40.836055755615234,2.110468157393968,1.41181480884552,1.5,step_1.5
55.783333333,33.99016571044922,40.836307525634766,2.133851074449025,1.4103947877883911,1.5,step_1.5
55.799999999,33.98985290527344,40.8365478515625,2.1572311783341953,1.4109141826629639,1.5,step_1.5
55.816666666,33.989742279052734,40.83674240112305,2.180696126726506,1.4190260171890259,1.5,step_1.5
55.833333333,33.98957061767578,40.83686065673828,2.204277704439984,1.425126314163208,1.5,step_1.5
55.849999999,33.98941421508789,40.836997985839844,2.2278780076374067,1.4224200248718262,1.5,step_1.5
55.866666666,33.98917007446289,40.837127685546875,2.2514737705935786,1.423744559288025,1.5,step_1.5
55.883333333,33.98883056640625,40.83726501464844,2.2750733969784687,1.423045039176941,1.5,step_1.5
55.899999999,33.98854446411133,40.83747100830078,2.298640065333673,1.4192367792129517,1.5,step_1.5
55.916666666,33.988365173339844,40.837615966796875,2.3221604498259425,1.416800856590271,1.5,step_1.5
55.933333333,33.988094329833984,40.837730407714844,2.3456721490931627,1.4187976121902466,1.5,step_1.5
55.949999999,33.98775863647461,40.8378791809082,2.3692119103438696,1.4197567701339722,1.5,step_1.5
55.966666666,33.98740768432617,40.83803939819336,2.392730363389159,1.4172738790512085,1.5,step_1.5
55.983333333,33.98707962036133,40.83818054199219,2.4161969137394084,1.4150230884552002,1.5,step_1.5
55.999999999,33.98673629760742,40.83833694458008,2.439656837898814,1.4135338068008423,1.5,step_1.5
56.016666666,33.986568450927734,40.838478088378906,2.4630842190087034,1.4118893146514893,1.5,step_1.5
56.033333333,33.986324310302734,40.83858871459961,2.486526166829402,1.4151508808135986,1.5,step_1.5
56.049999999,33.98598098754883,40.838706970214844,2.510018723775339,1.4178719520568848,1.5,step_1.5
56.066666666,33.98561096191406,40.838836669921875,2.53350673793085,1.414320945739746,1.5,step_1.5
56.083333333,33.985328674316406,40.83897018432617,2.556952480082893,1.4146175384521484,1.5,step_1.5
56.099999999,33.98497772216797,40.83909606933594,2.5804347540493637,1.4169505834579468,1.5,step_1.5
56.116666666,33.98463821411133,40.8392219543457,2.6039147400022538,1.416156530380249,1.5,step_1.5
56.133333333,33.98426818847656,40.83933639526367,2.627389615614829,1.4143741130828857,1.5,step_1.5
56.149999999,33.98388671875,40.839439392089844,2.650829745343901,1.4126769304275513,1.5,step_1.5
56.166666666,33.98350143432617,40.839542388916016,2.674237761556874,1.4106113910675049,1.5,step_1.5
56.183333333,33.983123779296875,40.83965301513672,2.697620705266619,1.4103641510009766,1.5,step_1.5
56.199999999,33.98273849487305,40.839752197265625,2.720993836207268,1.4099093675613403,1.5,step_1.5
56.216666666,33.98235321044922,40.839839935302734,2.7443598617766387,1.4071389436721802,1.5,step_1.5
56.233333333,33.98198699951172,40.83993911743164,2.767711908842647,1.4099844694137573,1.5,step_1.5
56.249999999,33.981597900390625,40.84001541137695,2.7910584649580032,1.4068522453308105,1.5,step_1.5
56.266666666,33.98121643066406,40.84006118774414,2.8143949566537274,1.4069266319274902,1.5,step_1.5
56.283333333,33.98088836669922,40.84016418457031,2.8377344817165193,1.4085640907287598,1.5,step_1.5
56.299999999,33.980552673339844,40.8401985168457,2.8610894940341747,1.4128140211105347,1.5,step_1.5
56.316666666,33.98017501831055,40.84025573730469,2.8844909814460613,1.4121389389038086,1.5,step_1.5
56.333333333,33.9798469543457,40.84027099609375,2.9079072224346034,1.413979411125183,1.5,step_1.5
56.349999999,33.979488372802734,40.8402214050293,2.9313400158244596,1.416034460067749,1.5,step_1.5
56.366666666,33.97909927368164,40.840240478515625,2.9547805786599133,1.4139747619628906,1.5,step_1.5
56.383333333,33.97871780395508,40.84025955200195,2.9782030328370204,1.410856008529663,1.5,step_1.5
56.399999999,33.97841262817383,40.84025573730469,3.0015836552355903,1.4093831777572632,1.5,step_1.5
56.416666666,33.97813034057617,40.84016418457031,3.0249412852065913,1.4087157249450684,1.5,step_1.5
56.433333333,33.977779388427734,40.84012985229492,3.0483430625536134,1.4131971597671509,1.5,step_1.5
56.449999999,33.97740173339844,40.84006118774414,3.071755224625862,1.4103575944900513,1.5,step_1.5
56.466666666,33.97705078125,40.8399543762207,3.0951438828082187,1.410688877105713,1.5,step_1.5
56.483333333,33.976688385009766,40.83987045288086,3.118537615172542,1.4105507135391235,1.5,step_1.5
56.499999999,33.976314544677734,40.83977508544922,-3.1412666880926534,1.408199429512024,1.5,step_1.5
56.516666666,33.97608184814453,40.839752197265625,-3.1179014369391083,1.4111984968185425,1.5,step_1.5
56.533333333,33.975914001464844,40.83964920043945,-3.0944784778860597,1.412731409072876,1.5,step_1.5
56.549999999,33.97562789916992,40.839542388916016,-3.070976620873062,1.4212754964828491,1.5,step_1.5
56.566666666,33.97526550292969,40.83940887451172,-3.0474413416304027,1.417130470275879,1.5,step_1.5
56.583333333,33.975040435791016,40.83930587768555,-3.0239350938311063,1.4164968729019165,1.5,step_1.5
56.599999999,33.97475814819336,40.83917236328125,-3.000393054890336,1.4233264923095703,1.5,step_1.5
56.616666666,33.97439956665039,40.83902359008789,-2.97683277208287,1.4200845956802368,1.5,step_1.5
56.633333333,33.97404098510742,40.838863372802734,-2.953310045260668,1.416387677192688,1.5,step_1.5
56.649999999,33.97369384765625,40.83873748779297,-2.9298187108639313,1.4167972803115845,1.5,step_1.5
56.666666666,33.973331451416016,40.83856964111328,-2.906344458862515,1.4146745204925537,1.5,step_1.5
56.683333333,33.97297286987305,40.838375091552734,-2.88289386206124,1.4107260704040527,1.5,step_1.5
56.699999999,33.972782135009766,40.8382682800293,-2.859437879613747,1.4168219566345215,1.5,step_1.5
56.716666666,33.97256851196289,40.83815383911133,-2.8358486432908943,1.4268070459365845,1.5,step_1.5
56.733333333,33.972267150878906,40.83796310424805,-2.8122085594990267,1.4251906871795654,1.5,step_1.5
56.749999999,33.971946716308594,40.83772277832031,-2.7886030732724927,1.4210988283157349,1.5,step_1.5
56.766666666,33.971622467041016,40.837520599365234,-2.765064677177329,1.4168485403060913,1.5,step_1.5
56.783333333,33.97130584716797,40.83736038208008,-2.7415715271765575,1.416670322418213,1.5,step_1.5
56.799999999,33.97100830078125,40.83713912963867,-2.718093175208384,1.4162216186523438,1.5,step_1.5
56.816666666,33.97071075439453,40.83686447143555,-2.694628871275616,1.4182833433151245,1.5,step_1.5
56.833333333,33.970367431640625,40.83654022216797,-2.6711450374679777,1.412764310836792,1.5,step_1.5
56.849999999,33.97007751464844,40.83622360229492,-2.6477341166489357,1.4153883457183838,1.5,step_1.5
56.866666666,33.96971893310547,40.835906982421875,-2.624306250060625,1.4101462364196777,1.5,step_1.5
56.883333333,33.96944808959961,40.835594177246094,-2.6009421250324563,1.411211609840393,1.5,step_1.5
56.899999999,33.96910858154297,40.835296630859375,-2.5775602591045934,1.4090083837509155,1.5,step_1.5
56.916666666,33.96882629394531,40.835086822509766,-2.5542093559449044,1.4093958139419556,1.5,step_1.5
56.933333333,33.968631744384766,40.834835052490234,-2.5308598681817074,1.4104688167572021,1.5,step_1.5
56.949999999,33.968467712402344,40.83450698852539,-2.5074795390350664,1.4141708612442017,1.5,step_1.5
56.966666666,33.96818161010742,40.834205627441406,-2.484033611247918,1.4133003950119019,1.5,step_1.5
56.983333333,33.96800994873047,40.8341178894043,-2.4604931680155206,1.4225175380706787,1.5,step_1.5
56.999999999,33.96798324584961,40.834007263183594,-2.436941966108842,1.419318675994873,1.5,step_1.5
57.016666666,33.96787643432617,40.83381271362305,-2.4133261771964003,1.4264849424362183,1.5,step_1.5
57.033333333,33.967742919921875,40.83354187011719,-2.3896979156921985,1.425458312034607,1.5,step_1.5
57.049999999,33.967586517333984,40.833221435546875,-2.366070763979635,1.4238133430480957,1.5,step_1.5
57.066666666,33.96742248535156,40.832889556884766,-2.3424842665169234,1.4214838743209839,1.5,step_1.5
57.083333333,33.967247009277344,40.832557678222656,-2.318944357290871,1.4183140993118286,1.5,step_1.5
57.099999999,33.96710205078125,40.83223342895508,-2.2954603822749657,1.4158192873001099,1.5,step_1.5
57.116666666,33.96693801879883,40.83189010620117,-2.271986891611875,1.4140700101852417,1.5,step_1.5
57.133333333,33.966800689697266,40.83164978027344,-2.248567751848818,1.4119822978973389,1.5,step_1.5
57.149999999,33.96668243408203,40.831321716308594,-2.2251204267341103,1.4161975383758545,1.5,step_1.5
57.166666666,33.96653366088867,40.83096694946289,-2.2016561487660677,1.4158389568328857,1.5,step_1.5
57.183333333,33.966400146484375,40.830596923828125,-2.178203298703874,1.412412405014038,1.5,step_1.5
57.199999999,33.96626281738281,40.83040237426758,-2.1547873855033384,1.410589337348938,1.5,step_1.5
57.216666666,33.966163635253906,40.83013916015625,-2.1313600498556564,1.415027379989624,1.5,step_1.5
57.233333333,33.966068267822266,40.82978057861328,-2.107874207062019,1.4154855012893677,1.5,step_1.5
57.249999999,33.96592712402344,40.82964324951172,-2.084329736846734,1.4211236238479614,1.5,step_1.5
57.266666666,33.96586990356445,40.8294792175293,-2.060769694795118,1.4238619804382324,1.5,step_1.5
57.283333333,33.96581268310547,40.82918930053711,-2.03716277612739,1.4263545274734497,1.5,step_1.5
57.299999999,33.96574783325195,40.82881164550781,-2.0135575859043593,1.4202722311019897,1.5,step_1.5
57.316666666,33.965694427490234,40.82844924926758,-1.9900422345470088,1.4155479669570923,1.5,step_1.5
57.333333333,33.965572357177734,40.82817077636719,-1.9665823906820055,1.4148545265197754,1.5,step_1.5
57.349999999,33.965511322021484,40.827857971191406,-1.9431063681808252,1.4212419986724854,1.5,step_1.5
57.366666666,33.96543502807617,40.82748031616211,-1.9195961650641744,1.4172295331954956,1.5,step_1.5
57.383333333,33.96540069580078,40.82709884643555,-1.8961336952459835,1.4134591817855835,1.5,step_1.5
57.399999999,33.96528244018555,40.826847076416016,-1.8727042741445477,1.4121171236038208,1.5,step_1.5
57.416666666,33.96525573730469,40.826622009277344,-1.8492939986031718,1.4155479669570923,1.5,step_1.5
57.433333333,33.965248107910156,40.8262939453125,-1.8258146890019553,1.423401951789856,1.5,step_1.5
57.449999999,33.96516418457031,40.825923919677734,-1.8022412425792682,1.425412654876709,1.5,step_1.5
57.466666666,33.965126037597656,40.82554626464844,-1.778661405650408,1.4217779636383057,1.5,step_1.5
57.483333333,33.96503448486328,40.82528305053711,-1.7551175892842872,1.4195557832717896,1.5,step_1.5
57.499999999,33.96502685546875,40.8250846862793,-1.7316086132105255,1.4170856475830078,1.5,step_1.5
57.516666666,33.965126037597656,40.824825286865234,-1.7080931965485309,1.4214249849319458,1.5,step_1.5
57.533333333,33.96516799926758,40.824462890625,-1.6845252422700374,1.4213794469833374,1.5,step_1.5
57.549999999,33.96513748168945,40.82420349121094,-1.6609838520630953,1.419082760810852,1.5,step_1.5
57.566666666,33.965240478515625,40.82400894165039,-1.637476143192433,1.416886568069458,1.5,step_1.5
57.583333333,33.96533203125,40.82373046875,-1.6139096188597493,1.4243024587631226,1.5,step_1.5
57.599999999,33.96541213989258,40.823482513427734,-1.5903196323606041,1.4220781326293945,1.5,step_1.5
57.616666666,33.96551513671875,40.823204040527344,-1.5667016242475842,1.4282972812652588,1.5,step_1.5
57.633333333,33.965599060058594,40.822837829589844,-1.5430598279060974,1.4245696067810059,1.5,step_1.5
57.649999999,33.965694427490234,40.82246780395508,-1.5194738526316602,1.4192752838134766,1.5,step_1.5
57.666666666,33.965763092041016,40.82224655151367,-1.495920891758525,1.4221283197402954,1.5,step_1.5
57.683333333,33.96586227416992,40.82201385498047,-1.4722602423573388,1.4300984144210815,1.5,step_1.5
57.699999999,33.965965270996094,40.82182693481445,-1.44856368765296,1.4298070669174194,1.5,step_1.5
57.716666666,33.96607208251953,40.82160949707031,-1.424804065932329,1.43560791015625,1.5,step_1.5
57.733333333,33.96621322631836,40.82129669189453,-1.4010278585152554,1.4331821203231812,1.5,step_1.5
57.749999999,33.96620559692383,40.82108688354492,-1.3772617561032556,1.4358210563659668,1.5,step_1.5
57.766666666,33.96628189086914,40.82102966308594,-1.3535071743720661,1.4312561750411987,1.5,step_1.5
57.783333333,33.96639633178711,40.82089614868164,-1.3297181111312752,1.4366130828857422,1.5,step_1.5
57.799999999,33.96650695800781,40.82068634033203,-1.3059295311159418,1.4347336292266846,1.5,step_1.5
57.816666666,33.96666717529297,40.820438385009766,-1.2821711861571246,1.4333664178848267,1.5,step_1.5
57.833333333,33.96687316894531,40.82014083862305,-1.2584401807415262,1.4307899475097656,1.5,step_1.5
57.849999999,33.967044830322266,40.819801330566406,-1.2347571042186023,1.4264721870422363,1.5,step_1.5
57.866666666,33.967185974121094,40.81947326660156,-1.211135154103407,1.4251153469085693,1.5,step_1.5
57.883333333,33.96737289428711,40.81915283203125,-1.187528842606165,1.4223649501800537,1.5,step_1.5
57.899999999,33.967369079589844,40.818946838378906,-1.163867287421843,1.430451512336731,1.5,step_1.5
57.916666666,33.9674186706543,40.81892395019531,-1.1401936776285064,1.4263743162155151,1.5,step_1.5
57.933333333,33.967525482177734,40.8189697265625,-1.116579180256734,1.4231510162353516,1.5,step_1.5
57.949999999,33.96767044067383,40.81887435913086,-1.0928587804812238,1.433449149131775,1.5,step_1.5
57.966666666,33.967899322509766,40.818687438964844,-1.069104781980091,1.431072473526001,1.5,step_1.5
57.983333333,33.96809005737305,40.818519592285156,-1.0454385097787962,1.4267646074295044,1.5,step_1.5
57.999999999,33.968177795410156,40.818389892578125,-1.0217820429513753,1.4264047145843506,1.5,step_1.5
58.016666666,33.968326568603516,40.81825256347656,-0.9980963625952782,1.4309139251708984,1.5,step_1.5
58.033333333,33.96853256225586,40.81809997558594,-0.9744111037075853,1.4287278652191162,1.5,step_1.5
58.049999999,33.9687614440918,40.817962646484375,-0.9507504649982419,1.4265211820602417,1.5,step_1.5
58.066666666,33.96908187866211,40.81782150268555,-0.927102048273077,1.4270399808883667,1.5,step_1.5
58.083333333,33.9693603515625,40.81759262084961,-0.9034812602297654,1.4224369525909424,1.5,step_1.5
58.099999999,33.96949005126953,40.81742858886719,-0.879906020381895,1.422732949256897,1.5,step_1.5
58.116666666,33.969688415527344,40.81731414794922,-0.8562876653237488,1.4264259338378906,1.5,step_1.5
58.133333333,33.96997833251953,40.81718063354492,-0.8326445601632382,1.4283854961395264,1.5,step_1.5
58.149999999,33.97028350830078,40.8170051574707,-0.809000097085603,1.423872709274292,1.5,step_1.5
58.166666666,33.97051239013672,40.816864013671875,-0.7854280719221945,1.420385718345642,1.5,step_1.5
58.183333333,33.9708251953125,40.816741943359375,-0.7618618082186529,1.4205663204193115,1.5,step_1.5
58.199999999,33.971168518066406,40.81659698486328,-0.7383130392863687,1.4202919006347656,1.5,step_1.5
58.216666666,33.97152328491211,40.81644058227539,-0.7147876495543084,1.416700839996338,1.5,step_1.5
58.233333333,33.971656799316406,40.81630325317383,-0.69126036837611,1.420009732246399,1.5,step_1.5
58.249999999,33.971858978271484,40.81620788574219,-0.6676849247793752,1.4236063957214355,1.5,step_1.5
58.266666666,33.972164154052734,40.81610107421875,-0.6440697519223578,1.4250364303588867,1.5,step_1.5
58.283333333,33.97251510620117,40.815975189208984,-0.6204629152264973,1.4235453605651855,1.5,step_1.5
58.299999999,33.97288131713867,40.81584930419922,-0.5968933021329749,1.421288251876831,1.5,step_1.5
58.316666666,33.97325134277344,40.81570816040039,-0.5733653746975951,1.4182652235031128,1.5,step_1.5
58.333333333,33.97360610961914,40.815582275390625,-0.5498781450526877,1.4159231185913086,1.5,step_1.5
58.349999999,33.973976135253906,40.81546401977539,-0.526411117306544,1.4118634462356567,1.5,step_1.5
58.366666666,33.9741325378418,40.81533432006836,-0.5029051413530659,1.4213228225708008,1.5,step_1.5
58.383333333,33.974334716796875,40.81528091430664,-0.479308621371421,1.4277327060699463,1.5,step_1.5
58.399999999,33.97467803955078,40.81523132324219,-0.4556405399711422,1.4277797937393188,1.5,step_1.5
58.416666666,33.97505187988281,40.815181732177734,-0.43201655096875813,1.4218707084655762,1.5,step_1.5
58.433333333,33.975406646728516,40.81509780883789,-0.4084409142433617,1.4230422973632812,1.5,step_1.5
58.449999999,33.975738525390625,40.814979553222656,-0.38486850186577637,1.4209747314453125,1.5,step_1.5
58.466666666,33.97610092163086,40.8149299621582,-0.3613126926120831,1.4240198135375977,1.5,step_1.5
58.483333333,33.97649002075195,40.81488800048828,-0.3377718343204114,1.416767954826355,1.5,step_1.5
58.499999999,33.976844787597656,40.81483459472656,-0.31428324967472804,1.423341155052185,1.5,step_1.5
58.516666666,33.97721862792969,40.814720153808594,-0.29073641893770635,1.420843482017517,1.5,step_1.5
58.533333333,33.97749328613281,40.81461715698242,-0.26720243276925076,1.4202572107315063,1.5,step_1.5
58.549999999,33.9777717590332,40.8145866394043,-0.2436742058954356,1.4215781688690186,1.5,step_1.5
58.566666666,33.97809982299805,40.81461715698242,-0.2201312177555952,1.4208488464355469,1.5,step_1.5
58.583333333,33.97846984863281,40.814674377441406,-0.19660591839876218,1.4184160232543945,1.5,step_1.5
58.599999999,33.978790283203125,40.814674377441406,-0.17312076825117206,1.4161219596862793,1.5,step_1.5
58.616666666,33.97909927368164,40.81476593017578,-0.14966690387686646,1.4143555164337158,1.5,step_1.5
58.633333333,33.97945785522461,40.81480407714844,-0.12619768734752804,1.416237473487854,1.5,step_1.5
58.649999999,33.979766845703125,40.814815521240234,-0.1027368203909968,1.4146952629089355,1.5,step_1.5
58.666666666,33.980072021484375,40.81491470336914,-0.0792925914982525,1.4149433374404907,1.5,step_1.5
58.683333333,33.98042678833008,40.81499481201172,-0.05581394895054393,1.4162609577178955,1.5,step_1.5
58.699999999,33.980804443359375,40.81505584716797,-0.03234539371279574,1.414130687713623,1.5,step_1.5
58.716666666,33.981075286865234,40.815155029296875,-0.008900023794565778,1.4138160943984985,1.5,step_1.5
58.733333333,33.981388092041016,40.81524658203125,0.014596811867338933,1.4180421829223633,1.5,step_1.5
58.749999999,33.98164749145508,40.81534957885742,0.03809738572669294,1.416722297668457,1.5,step_1.5
58.766666666,33.98193359375,40.815460205078125,0.06164622317764535,1.4219624996185303,1.5,step_1.5
58.783333333,33.982295989990234,40.81559371948242,0.08520311458722353,1.418181300163269,1.5,step_1.5
58.799999999,33.98252868652344,40.81562805175781,0.1087180261443136,1.420030951499939,1.5,step_1.5
58.816666666,33.98270797729492,40.815731048583984,0.13231133973003825,1.4228923320770264,1.5,step_1.5
58.833333333,33.982967376708984,40.815853118896484,0.1559249137816819,1.426539659500122,1.5,step_1.5
58.849999999,33.98331069946289,40.816009521484375,0.17955397545486332,1.4233838319778442,1.5,step_1.5
58.866666666,33.98366928100586,40.816131591796875,0.2031385610612119,1.4217965602874756,1.5,step_1.5
58.883333333,33.9840202331543,40.816261291503906,0.22671017924661752,1.4213533401489258,1.5,step_1.5
58.899999999,33.984375,40.81639099121094,0.25027133479307273,1.4211068153381348,1.5,step_1.5
58.916666666,33.98460388183594,40.816505432128906,0.27382233079855667,1.422759771347046,1.5,step_1.5
58.933333333,33.98480987548828,40.816627502441406,0.2974881143749909,1.4306151866912842,1.5,step_1.5
58.949999999,33.98509216308594,40.81682205200195,0.3211819745320191,1.4284698963165283,1.5,step_1.5
58.966666666,33.98541259765625,40.81700897216797,0.3448351667956933,1.4255770444869995,1.5,step_1.5
58.983333333,33.985748291015625,40.81719970703125,0.3684371968133062,1.422795295715332,1.5,step_1.5
58.999999999,33.98606872558594,40.817440032958984,0.392004332911446,1.4186139106750488,1.5,step_1.5
59.016666666,33.98638153076172,40.8176383972168,0.41551982905665397,1.4184966087341309,1.5,step_1.5
59.033333333,33.9866828918457,40.817909240722656,0.4390266766426233,1.4168624877929688,1.5,step_1.5
59.049999999,33.987003326416016,40.818172454833984,0.4625039622327062,1.4118928909301758,1.5,step_1.5
59.066666666,33.98728561401367,40.81837463378906,0.4859188705693717,1.416354775428772,1.5,step_1.5
59.083333333,33.98758316040039,40.81864547729492,0.5093698579919591,1.4186416864395142,1.5,step_1.5
59.099999999,33.98793411254883,40.818965911865234,0.5328589599907984,1.4134812355041504,1.5,step_1.5
59.116666666,33.98823928833008,40.8191032409668,0.5562687111040668,1.4110413789749146,1.5,step_1.5
59.133333333,33.98841094970703,40.8193473815918,0.5796576814511216,1.4124093055725098,1.5,step_1.5
59.149999999,33.98859405517578,40.81966781616211,0.60308146464994,1.4159778356552124,1.5,step_1.5
59.166666666,33.988773345947266,40.819766998291016,0.6266988448691794,1.428147315979004,1.5,step_1.5
59.183333333,33.988887786865234,40.81992721557617,0.65041809945645,1.4303394556045532,1.5,step_1.5
59.199999999,33.989013671875,40.82022476196289,0.6741410422415808,1.4296609163284302,1.5,step_1.5
59.216666666,33.98919677734375,40.82050704956055,0.697815955487077,1.4274752140045166,1.5,step_1.5
59.233333333,33.98939514160156,40.8208122253418,0.7214575299542374,1.4232406616210938,1.5,step_1.5
59.249999999,33.989540100097656,40.821044921875,0.7450203802179185,1.4196127653121948,1.5,step_1.5
59.266666666,33.989662170410156,40.82136917114258,0.7685736919598891,1.4208914041519165,1.5,step_1.5
59.283333333,33.98983383178711,40.82169723510742,0.7921168740640243,1.4194211959838867,1.5,step_1.5
59.299999999,33.98997116088867,40.82200241088867,0.8156061962093175,1.416054368019104,1.5,step_1.5
59.316666666,33.99011993408203,40.82234191894531,0.8391007656035923,1.4162877798080444,1.5,step_1.5
59.333333333,33.990264892578125,40.822574615478516,0.8625642134661952,1.4142367839813232,1.5,step_1.5
59.349999999,33.99038314819336,40.8228874206543,0.8860401890263172,1.4175102710723877,1.5,step_1.5
59.366666666,33.990535736083984,40.82323455810547,0.9095296246133596,1.4173938035964966,1.5,step_1.5
59.383333333,33.99067306518555,40.82359313964844,0.9330097036802589,1.4159542322158813,1.5,step_1.5
59.399999999,33.99081802368164,40.8239631652832,0.9564634971955711,1.4143457412719727,1.5,step_1.5
59.416666666,33.9909553527832,40.8243293762207,0.9799006175128677,1.4120512008666992,1.5,step_1.5
59.433333333,33.99108123779297,40.82464599609375,1.0032886950834405,1.410667896270752,1.5,step_1.5
59.449999999,33.9911994934082,40.825008392333984,1.026699382879066,1.4099637269973755,1.5,step_1.5
59.466666666,33.991329193115234,40.82529067993164,1.0500840147831636,1.410808801651001,1.5,step_1.5
59.483333333,33.99143600463867,40.825645446777344,1.073513652508878,1.4148452281951904,1.5,step_1.5
59.499999999,33.99155044555664,40.826026916503906,1.0969552317558842,1.4126213788986206,0.0,step_1.5_rest
59.516666666,33.99166488647461,40.82636642456055,1.1203706643981044,1.4131673574447632,0.0,step_1.5_rest
59.533333333,33.99177169799805,40.82673645019531,1.1437990844913963,1.4136137962341309,0.0,step_1.5_rest
59.549999999,33.99184799194336,40.82712936401367,1.1672221226593544,1.4106212854385376,0.0,step_1.5_rest
59.566666666,33.991966247558594,40.82741165161133,1.1905982879634225,1.4100650548934937,0.0,step_1.5_rest
59.583333333,33.99202346801758,40.82772445678711,1.2140005559759883,1.4171864986419678,0.0,step_1.5_rest
59.599999999,33.99208068847656,40.828102111816406,1.2374563189692875,1.4123742580413818,0.0,step_1.5_rest
59.616666666,33.99219512939453,40.8282585144043,1.2609951774149903,1.424149990081787,0.0,step_1.5_rest
59.633333333,33.99216842651367,40.828369140625,1.2845857690968683,1.4225916862487793,0.0,step_1.5_rest
59.649999999,33.99208450317383,40.82851791381836,1.3081608886379432,1.4250017404556274,0.0,step_1.5_rest
59.666666666,33.9920768737793,40.828800201416016,1.331823076246883,1.4299983978271484,0.0,step_1.5_rest
59.683333333,33.99220275878906,40.8291015625,1.3541872797305947,1.3329272270202637,0.0,step_1.5_rest
59.699999999,33.9923210144043,40.82938766479492,1.3743366826284085,1.199548602104187,0.0,step_1.5_rest
59.716666666,33.992435455322266,40.829647064208984,1.3923153745687056,1.0671195983886719,0.0,step_1.5_rest
59.733333333,33.99254608154297,40.829830169677734,1.4080156990997768,0.9317514300346375,0.0,step_1.5_rest
59.749999999,33.99266052246094,40.82999801635742,1.4214769639586584,0.796203076839447,0.0,step_1.5_rest
59.766666666,33.99277114868164,40.83015823364258,1.4326718424373466,0.6597188115119934,0.0,step_1.5_rest
59.783333333,33.992855072021484,40.83030700683594,1.4416135098750424,0.5217618942260742,0.0,step_1.5_rest
59.799999999,33.99294662475586,40.83039474487305,1.4483345065672677,0.3851521909236908,0.0,step_1.5_rest
59.816666666,33.993019104003906,40.83049774169922,1.4528647301272215,0.24886982142925262,0.0,step_1.5_rest
59.833333333,33.9930419921875,40.83060073852539,1.4554398359098368,0.11021539568901062,0.0,step_1.5_rest
59.849999999,33.9930419921875,40.830684661865234,1.4564110299751287,0.035571396350860596,0.0,step_1.5_rest
59.866666666,33.99310302734375,40.83070755004883,1.4565952155897843,0.008336012251675129,0.0,step_1.5_rest
59.883333333,33.99314498901367,40.830711364746094,1.4565523977331754,-0.003124503418803215,0.0,step_1.5_rest
59.899999999,33.993099212646484,40.83071517944336,1.456617578805463,-0.001703746966086328,0.0,step_1.5_rest
59.916666666,33.99302673339844,40.83072280883789,1.456699685546427,0.005840926431119442,0.0,step_1.5_rest
59.933333333,33.99306106567383,40.830711364746094,1.4566408907267139,0.0090996278449893,0.0,step_1.5_rest
59.949999999,33.993072509765625,40.830711364746094,1.4566287521774293,-0.0017866513226181269,0.0,step_1.5_rest
59.966666666,33.99304962158203,40.83071517944336,1.4566587905174666,-0.00010634713544277474,0.0,step_1.5_rest
59.983333333,33.99304962158203,40.83071517944336,1.4566589570224946,-0.00017805198149289936,0.0,step_1.5_rest
59.999999999,33.993064880371094,40.830711364746094,1.4566402641867908,-0.0023411200381815434,0.0,step_1.5_rest
60.016666666,33.99302291870117,40.830718994140625,1.456691209313565,0.0019524238305166364,0.0,step_1.5_rest
60.033333333,33.99308395385742,40.830711364746094,1.4566158127502251,-0.0024953491520136595,0.0,step_1.5_rest
60.049999999,33.993106842041016,40.83071517944336,1.4565757390521579,-0.005735315848141909,0.0,step_1.5_rest
60.066666666,33.99307632446289,40.83071517944336,1.4566121339835585,-0.0023838148918002844,0.0,step_1.5_rest
60.083333333,33.99308395385742,40.83071517944336,1.4565932831070791,-0.00310847582295537,0.0,step_1.5_rest
60.099999999,33.99308776855469,40.830718994140625,1.4565859441702982,0.0001496731856605038,0.0,step_1.5_rest
60.116666666,33.99309539794922,40.830718994140625,1.4565776345500172,-0.0018677311018109322,0.0,step_1.5_rest
60.133333333,33.993080139160156,40.830718994140625,1.4566030406798818,-0.00014330640260595828,0.0,step_1.5_rest
60.149999999,33.99309158325195,40.830718994140625,1.4565886518755213,-9.344842510472517e-06,0.0,step_1.5_rest
60.166666666,33.99309539794922,40.83071517944336,1.4565862524727053,-0.001825542189180851,0.0,step_1.5_rest
60.183333333,33.99302673339844,40.830726623535156,1.4566648648250093,0.0026934139896184206,0.0,step_1.5_rest
60.199999999,33.99308776855469,40.83071517944336,1.4565750943691247,-0.003716413164511323,0.0,step_1.5_rest
60.216666666,33.99308776855469,40.83071517944336,1.4565727037009968,0.00010178243246627972,0.0,step_1.5_rest
60.233333333,33.99309539794922,40.83071517944336,1.4565624718000167,7.068409468047321e-05,0.0,step_1.5_rest
60.249999999,33.99307632446289,40.83071517944336,1.4565875510176496,-0.00019102933583781123,0.0,step_1.5_rest
60.266666666,33.993072509765625,40.83071517944336,1.4565883254554943,-0.00011577353870961815,0.0,step_1.5_rest
60.283333333,33.993072509765625,40.830718994140625,1.4565867376753119,0.0009229974821209908,0.0,step_1.5_rest
60.299999999,33.993099212646484,40.83071517944336,1.456549539359119,-0.002000353066250682,0.0,step_1.5_rest
60.316666666,33.99307632446289,40.830718994140625,1.456578447276332,4.1273768147220835e-05,0.0,step_1.5_rest
60.333333333,33.993064880371094,40.83072280883789,1.4565912103441458,0.0009271834860555828,0.0,step_1.5_rest
60.349999999,33.99311065673828,40.83071517944336,1.4565274877779995,0.0005695557920262218,0.0,step_1.5_rest
60.366666666,33.99311447143555,40.83071517944336,1.456523175068888,-0.00011164477473357692,0.0,step_1.5_rest
60.383333333,33.99311447143555,40.83071517944336,1.4565244453633042,3.164437293889932e-05,0.0,step_1.5_rest
60.399999999,33.99311828613281,40.83071517944336,1.4565211022976243,-4.5525989662564825e-06,0.0,step_1.5_rest
60.416666666,33.99311828613281,40.83071517944336,1.4565156593504767,-0.001658000168390572,0.0,step_1.5_rest
60.433333333,33.99308395385742,40.830718994140625,1.456558318885599,0.0018834073562175035,0.0,step_1.5_rest
60.449999999,33.993133544921875,40.830711364746094,1.4564955405432702,-0.002703606616705656,0.0,step_1.5_rest
60.466666666,33.993186950683594,40.83070373535156,1.4564251002267878,-0.0066169979982078075,0.0,step_1.5_rest
60.483333333,33.993072509765625,40.83071517944336,1.4565314751626954,0.002544216811656952,0.0,step_1.5_rest
60.499999999,33.9931526184082,40.83070373535156,1.456437077952402,-0.0017373819136992097,0.0,step_1.5_rest
60.516666666,33.99313735961914,40.83070755004883,1.4564549565091371,-0.0013582099927589297,0.0,step_1.5_rest
60.533333333,33.99313735961914,40.83070755004883,1.4564546483303293,-1.1517740858835168e-06,0.0,step_1.5_rest
60.549999999,33.99313735961914,40.83070755004883,1.4564514551683645,0.0001568135485285893,0.0,step_1.5_rest
60.566666666,33.9931640625,40.83070755004883,1.4564177433895977,-0.002068430418148637,0.0,step_1.5_rest
60.583333333,33.993125915527344,40.83072280883789,1.4564749277298623,0.0018515258561819792,0.0,step_1.5_rest
60.599999999,33.993125915527344,40.83072280883789,1.4564779607021436,-0.010990780778229237,0.0,step_1.5_rest
60.616666666,33.99309539794922,40.830726623535156,1.4565137370396746,-0.00569956237450242,0.0,step_1.5_rest
60.633333333,33.993202209472656,40.830718994140625,1.4563882047482037,-0.004199931398034096,0.0,step_1.5_rest
60.649999999,33.993202209472656,40.830718994140625,1.456390118928568,-0.0016358086140826344,0.0,step_1.5_rest
60.666666666,33.993221282958984,40.83071517944336,1.456359459416101,-0.002522366354241967,0.0,step_1.5_rest
60.683333333,33.99318313598633,40.83072280883789,1.4564134359667176,1.7467613361077383e-05,0.0,step_1.5_rest
60.699999999,33.993263244628906,40.83070373535156,1.4562992384013451,-0.005889381282031536,0.0,step_1.5_rest
60.716666666,33.993289947509766,40.83069610595703,1.4562537141337037,-0.0034655400086194277,0.0,step_1.5_rest
60.733333333,33.99329376220703,40.83069610595703,1.4562492670428946,-0.00047927116975188255,0.0,step_1.5_rest
60.749999999,33.99330139160156,40.8306999206543,1.4562419200468826,-0.0016085783718153834,0.0,step_1.5_rest
60.766666666,33.993282318115234,40.8306999206543,1.4562684326793898,-3.631337312981486e-05,0.0,step_1.5_rest
60.783333333,33.99329376220703,40.8306999206543,1.4562495843498164,7.241772982524708e-05,0.0,step_1.5_rest
60.799999999,33.99330139160156,40.8306999206543,1.4562428725315686,-0.0018597651505842805,0.0,step_1.5_rest
60.816666666,33.993263244628906,40.83070373535156,1.45629412891043,0.0007432523416355252,0.0,step_1.5_rest
60.833333333,33.99333572387695,40.830692291259766,1.4561923991332661,-0.004773370921611786,0.0,step_1.5_rest
60.849999999,33.99333572387695,40.8306884765625,1.4561880950764774,-3.7363864976214245e-05,0.0,step_1.5_rest
60.866666666,33.99333572387695,40.830684661865234,1.456189851297143,1.1563362932065502e-05,0.0,step_1.5_rest
60.883333333,33.993316650390625,40.830692291259766,1.4562176497623485,0.001859924173913896,0.0,step_1.5_rest
60.899999999,33.993350982666016,40.8306884765625,1.4561737108187909,-0.0016302469884976745,0.0,step_1.5_rest
60.916666666,33.993350982666016,40.830684661865234,1.4561740279103954,0.00019145358237437904,0.0,step_1.5_rest
60.933333333,33.99332809448242,40.8306999206543,1.4562098007798476,0.0035443115048110485,0.0,step_1.5_rest
60.949999999,33.99336624145508,40.830692291259766,1.4561627131486952,-0.004520051646977663,0.0,step_1.5_rest
60.966666666,33.99337387084961,40.830692291259766,1.456153429151464,-0.004111317452043295,0.0,step_1.5_rest
60.983333333,33.993343353271484,40.8306999206543,1.4562037417361215,-0.009091435000300407,0.0,step_1.5_rest
60.999999999,33.993343353271484,40.8306999206543,1.4561970383130338,-6.623053195653483e-05,0.0,step_1.5_rest
61.016666666,33.99337387084961,40.830692291259766,1.4561553439498247,-0.0028666399884968996,0.0,step_1.5_rest
61.033333333,33.993370056152344,40.830692291259766,1.4561535775094232,-0.0033081448636949062,0.0,step_1.5_rest
61.049999999,33.99333572387695,40.83069610595703,1.4561911199659896,0.006845036055892706,0.0,step_1.5_rest
61.066666666,33.99335479736328,40.8306884765625,1.456160786006662,-0.0010819495655596256,0.0,step_1.5_rest
61.083333333,33.99334716796875,40.830684661865234,1.4561644512723122,0.0013018447207286954,0.0,step_1.5_rest
61.099999999,33.993370056152344,40.8306884765625,1.4561352244712424,-0.001576371374540031,0.0,step_1.5_rest
61.116666666,33.99336242675781,40.830684661865234,1.4561412831904783,-0.002474091947078705,0.0,step_1.5_rest
61.133333333,33.99335861206055,40.8306884765625,1.456148479608362,-7.707901204412337e-06,0.0,step_1.5_rest
61.149999999,33.993343353271484,40.8306884765625,1.4561655897777075,0.0020999719854444265,0.0,step_1.5_rest
61.166666666,33.993370056152344,40.83068084716797,1.4561294741570943,-0.0017573687946423888,0.0,step_1.5_rest
61.183333333,33.993385314941406,40.8306770324707,1.4561053724991782,-0.0034549196716398,0.0,step_1.5_rest
61.199999999,33.993438720703125,40.83066940307617,1.4560362182847675,-0.004083998966962099,0.0,step_1.5_rest
61.216666666,33.99338150024414,40.83068084716797,1.4561146423724107,-0.000324056891258806,0.0,step_1.5_rest
61.233333333,33.99342346191406,40.83066940307617,1.4560566481350243,-0.007117536384612322,0.0,step_1.5_rest
61.249999999,33.99333190917969,40.83068084716797,1.4561497613236132,0.001690971665084362,0.0,step_1.5_rest
61.266666666,33.99340057373047,40.83066940307617,1.4560783784038815,-0.002643162850290537,0.0,step_1.5_rest
61.283333333,33.993404388427734,40.83066940307617,1.4560702388155071,-5.227896963333478e-06,0.0,step_1.5_rest
61.299999999,33.993404388427734,40.830665588378906,1.4560648058575816,-0.0016773948445916176,0.0,step_1.5_rest
61.316666666,33.993343353271484,40.83067321777344,1.456140034475609,0.0010617857333272696,0.0,step_1.5_rest
61.333333333,33.99341583251953,40.830665588378906,1.4560704065033407,-0.0027498339768499136,0.0,step_1.5_rest
61.349999999,33.99343490600586,40.830657958984375,1.4560301520116357,-0.0020892673637717962,0.0,step_1.5_rest
61.366666666,33.99343490600586,40.830657958984375,1.4560290473348947,-0.0002708706306293607,0.0,step_1.5_rest
61.383333333,33.99345779418945,40.83064651489258,1.4559939050821793,-0.0021306893322616816,0.0,step_1.5_rest
61.399999999,33.993412017822266,40.830657958984375,1.45605026530102,0.0056642391718924046,0.0,step_1.5_rest
61.416666666,33.993473052978516,40.83064651489258,1.4559745836930773,-0.0015979692107066512,0.0,step_1.5_rest
61.433333333,33.99347686767578,40.83064651489258,1.455965148307856,-0.00038963119732216,0.0,step_1.5_rest
61.449999999,33.99347686767578,40.83064651489258,1.45596498999645,-2.8484989798016613e-06,0.0,step_1.5_rest
61.466666666,33.99347686767578,40.83064270019531,1.455962114913996,0.00015394692309200764,0.0,step_1.5_rest
61.483333333,33.99347686767578,40.83064270019531,1.4559595667679972,9.789187060960103e-06,0.0,step_1.5_rest
61.499999999,33.99346160888672,40.83065414428711,1.455986700461154,0.002125335158780217,0.0,step_1.5_rest
61.516666666,33.993492126464844,40.83064270019531,1.4559349814795584,0.002593704964965582,0.0,step_1.5_rest
61.533333333,33.99348449707031,40.83064270019531,1.4559501396632213,-0.00205222493968904,0.0,step_1.5_rest
61.549999999,33.99347686767578,40.83064651489258,1.4559627591770554,-0.0016100091161206365,0.0,step_1.5_rest
61.566666666,33.993507385253906,40.83063888549805,1.455921710809238,-0.0010413281852379441,0.0,step_1.5_rest
61.583333333,33.99350357055664,40.83063888549805,1.4559288970750652,-0.00025671240291558206,0.0,step_1.5_rest
61.599999999,33.99351501464844,40.83063888549805,1.4559158018563243,0.00012639880878850818,0.0,step_1.5_rest
61.616666666,33.99351501464844,40.83063888549805,1.4559212430497908,-0.002820501336827874,0.0,step_1.5_rest
61.633333333,33.99351119995117,40.83063888549805,1.4559274684222576,-0.00030205948860384524,0.0,step_1.5_rest
61.649999999,33.993499755859375,40.83064651489258,1.455950466375749,-0.0043909186497330666,0.0,step_1.5_rest
61.666666666,33.993492126464844,40.83064270019531,1.45595430240606,0.0008111599599942565,0.0,step_1.5_rest
61.683333333,33.99349594116211,40.83064270019531,1.4559514277553596,4.793507287104148e-06,0.0,step_1.5_rest
61.699999999,33.99348831176758,40.830650329589844,1.4559704218394591,0.0025069997645914555,0.0,step_1.5_rest
61.716666666,33.99352264404297,40.83064270019531,1.4559305141423176,-0.003151163225993514,0.0,step_1.5_rest
61.733333333,33.993492126464844,40.83065414428711,1.455983349991743,-0.006929452531039715,0.0,step_1.5_rest
61.749999999,33.99349594116211,40.83065414428711,1.4559800166816022,-0.00028618736541830003,0.0,step_1.5_rest
61.766666666,33.993499755859375,40.830650329589844,1.455972661512116,-0.0016564400866627693,0.0,step_1.5_rest
61.783333333,33.99343490600586,40.83066177368164,1.45604818573567,0.0010333377867937088,0.0,step_1.5_rest
61.799999999,33.993507385253906,40.83064651489258,1.4559691340804786,-0.002931570168584585,0.0,step_1.5_rest
61.816666666,33.9935302734375,40.83063888549805,1.4559365790473155,-0.004562860354781151,0.0,step_1.5_rest
61.833333333,33.99348831176758,40.830650329589844,1.4559825653283125,0.004480802919715643,0.0,step_1.5_rest
61.849999999,33.993446350097656,40.83065414428711,1.4560467725576856,0.0047685871832072735,0.0,step_1.5_rest
61.866666666,33.993431091308594,40.830650329589844,1.4560651057058032,-6.636128091486171e-05,0.0,step_1.5_rest
61.883333333,33.99343490600586,40.830650329589844,1.456061455450883,-2.2828623968962347e-06,0.0,step_1.5_rest
61.899999999,33.993438720703125,40.830650329589844,1.4560547438307148,-0.0018286965787410736,0.0,step_1.5_rest
61.916666666,33.993408203125,40.83065414428711,1.4560927363441196,0.0008683135383762419,0.0,step_1.5_rest
61.933333333,33.99343490600586,40.830650329589844,1.4560544176319776,-0.000965289946179837,0.0,step_1.5_rest
61.949999999,33.993431091308594,40.830650329589844,1.4560600088571358,-0.0012800475815311074,0.0,step_1.5_rest
61.966666666,33.9933967590332,40.830657958984375,1.4561051980409407,0.0029523407574743032,0.0,step_1.5_rest
61.983333333,33.99348068237305,40.83063888549805,1.4560087648756546,-0.004136811941862106,0.0,step_1.5_rest
61.999999999,33.993412017822266,40.83065414428711,1.4560953109930146,0.0008638235740363598,0.0,step_1.5_rest
62.016666666,33.99344253540039,40.83064651489258,1.4560451584539722,0.014583321288228035,0.0,step_1.5_rest
62.033333333,33.99348831176758,40.83064651489258,1.4560207315682974,-0.0025363191962242126,0.0,step_1.5_rest
62.049999999,33.993499755859375,40.83064651489258,1.4560052369458982,-0.0017735724104568362,0.0,step_1.5_rest
62.066666666,33.99350357055664,40.83064651489258,1.4559996546464617,0.00014997758262325078,0.0,step_1.5_rest
62.083333333,33.99350357055664,40.83064651489258,1.4559974058860046,-0.0018958923174068332,0.0,step_1.5_rest
62.099999999,33.99346923828125,40.830657958984375,1.4560469138063579,0.0009816945530474186,0.0,step_1.5_rest
62.116666666,33.99346160888672,40.830657958984375,1.4560590383888807,0.001476501813158393,0.0,step_1.5_rest
62.133333333,33.99348068237305,40.83065414428711,1.4560432394727272,0.000824728689622134,0.0,step_1.5_rest
62.149999999,33.993499755859375,40.83064651489258,1.456017388834974,-0.0027651404961943626,0.0,step_1.5_rest
62.166666666,33.99342727661133,40.83066177368164,1.4560994537006402,0.0025367876514792442,0.0,step_1.5_rest
62.183333333,33.99348449707031,40.830650329589844,1.4560191260754123,-0.002990379696711898,0.0,step_1.5_rest
62.199999999,33.99348831176758,40.83064651489258,1.4560117891860005,1.376164050270745e-06,0.0,step_1.5_rest
62.216666666,33.99346923828125,40.830650329589844,1.4560367018439868,-0.0002842790854629129,0.0,step_1.5_rest
62.233333333,33.993473052978516,40.830650329589844,1.4560290381126988,0.00012262765085324645,0.0,step_1.5_rest
62.249999999,33.993473052978516,40.830650329589844,1.4560298226239985,0.0008172220550477505,0.0,step_1.5_rest
62.266666666,33.99348449707031,40.83064651489258,1.4560106690460173,0.0001594874047441408,0.0,step_1.5_rest
62.283333333,33.993507385253906,40.83064270019531,1.4559782433651236,-0.002216933062300086,0.0,step_1.5_rest
62.299999999,33.99346160888672,40.83065414428711,1.4560430866219425,0.003773801727220416,0.0,step_1.5_rest
62.316666666,33.9935417175293,40.83063888549805,1.4559455004442619,-0.003016121918335557,0.0,step_1.5_rest
62.333333333,33.99354934692383,40.83063507080078,1.4559314540402224,-0.0012983815977349877,0.0,step_1.5_rest
62.349999999,33.993595123291016,40.83062744140625,1.4558723714161252,-0.004281096160411835,0.0,step_1.5_rest
62.366666666,33.993568420410156,40.83063888549805,1.4559175643241757,-0.0030200504697859287,0.0,step_1.5_rest
62.383333333,33.99361038208008,40.83062744140625,1.4558540218183753,-0.002342281164601445,0.0,step_1.5_rest
62.399999999,33.993614196777344,40.83062744140625,1.4558460259091683,0.00032222969457507133,0.0,step_1.5_rest
62.416666666,33.993621826171875,40.830631256103516,1.4558393332203408,-0.001543208141811192,0.0,step_1.5_rest
62.433333333,33.99360275268555,40.830631256103516,1.455865823133052,1.5358322343672626e-05,0.0,step_1.5_rest
62.449999999,33.99361801147461,40.830631256103516,1.4558471548812144,-9.562211744196247e-06,0.0,step_1.5_rest
62.466666666,33.993621826171875,40.830631256103516,1.4558420312754956,-0.0019074765732511878,0.0,step_1.5_rest
62.483333333,33.993595123291016,40.83063507080078,1.4558794030091156,0.0008636964485049248,0.0,step_1.5_rest
62.499999999,33.993614196777344,40.83063507080078,1.4558583268975702,-0.0013270972995087504,0.0,step_1.5_rest
62.516666666,33.99360275268555,40.83063507080078,1.4558811569657486,-8.865058043738827e-05,0.0,step_1.5_rest
62.533333333,33.993629455566406,40.83063507080078,1.4558441035957017,-0.0016616812208667397,0.0,step_1.5_rest
62.549999999,33.99361038208008,40.83063507080078,1.4558710950860512,0.0007759998552501202,0.0,step_1.5_rest
62.566666666,33.99361038208008,40.83063888549805,1.455868061600897,-1.6021356714190915e-05,0.0,step_1.5_rest
62.583333333,33.993629455566406,40.83063507080078,1.4558380541003095,-0.002162222284823656,0.0,step_1.5_rest
62.599999999,33.99362564086914,40.83063507080078,1.4558468376428118,-0.001153236604295671,0.0,step_1.5_rest
62.616666666,33.993621826171875,40.83063507080078,1.4558474721156955,-4.7632885980419815e-05,0.0,step_1.5_rest
62.633333333,33.99358367919922,40.83063888549805,1.455908309065794,0.0003244963299948722,0.0,step_1.5_rest
62.649999999,33.993614196777344,40.83063507080078,1.455863917492483,-0.0012468581553548574,0.0,step_1.5_rest
62.666666666,33.99363327026367,40.830631256103516,1.4558331074486546,-0.0022702799178659916,0.0,step_1.5_rest
62.683333333,33.993595123291016,40.83063507080078,1.4558859640288822,0.0016272891080006957,0.0,step_1.5_rest
62.699999999,33.99357604980469,40.83063507080078,1.4559159786200597,0.002193476539105177,0.0,step_1.5_rest
62.716666666,33.99357223510742,40.83063507080078,1.455919170873588,4.498986982071074e-06,0.0,step_1.5_rest
62.733333333,33.99357604980469,40.83063507080078,1.4559063933430745,0.00015297430218197405,0.0,step_1.5_rest
62.749999999,33.99360656738281,40.830631256103516,1.4558658475807351,-0.001947498065419495,0.0,step_1.5_rest
62.766666666,33.99354553222656,40.83063888549805,1.4559394413712092,0.002095992211252451,0.0,step_1.5_rest
62.783333333,33.99358367919922,40.83062744140625,1.4558841870157024,9.756801591720432e-05,0.0,step_1.5_rest
62.799999999,33.993587493896484,40.830631256103516,1.4558785987496226,-0.0012148898094892502,0.0,step_1.5_rest
62.816666666,33.99357223510742,40.83062744140625,1.455904163681782,-0.00018755299970507622,0.0,step_1.5_rest
62.833333333,33.993568420410156,40.83062744140625,1.4559122924027106,0.003075841348618269,0.0,step_1.5_rest
62.849999999,33.99359893798828,40.83062744140625,1.4558778134660382,-0.0019069546833634377,0.0,step_1.5_rest
62.866666666,33.99359893798828,40.830631256103516,1.4558787568831317,0.00043895302223972976,0.0,step_1.5_rest
62.883333333,33.993614196777344,40.83062744140625,1.455860239718799,-0.002307472052052617,0.0,step_1.5_rest
62.899999999,33.99356460571289,40.83063888549805,1.4559281241049356,0.00014666083734482527,0.0,step_1.5_rest
62.916666666,33.99357223510742,40.83063507080078,1.4559175656952934,-0.00023055600468069315,0.0,step_1.5_rest
62.933333333,33.9935417175293,40.83065414428711,1.4559624415994008,-0.00506568094715476,0.0,step_1.5_rest
62.949999999,33.99354934692383,40.83065414428711,1.4559517359191774,-2.7097661586594768e-05,0.0,step_1.5_rest
62.966666666,33.993553161621094,40.83065414428711,1.4559456594322384,-0.001647596014663577,0.0,step_1.5_rest
62.983333333,33.99351501464844,40.830657958984375,1.4559983603798161,0.0005258552846498787,0.0,step_1.5_rest
62.999999999,33.993553161621094,40.83065414428711,1.4559501398135897,-0.001316589885391295,0.0,step_1.5_rest
63.016666666,33.99357604980469,40.83064651489258,1.4559172611297502,-0.0007085448014549911,0.0,step_1.5_rest
63.033333333,33.99358367919922,40.83064651489258,1.455905599893944,-0.0004230065969750285,0.0,step_1.5_rest
63.049999999,33.993560791015625,40.830650329589844,1.4559335264248128,-0.0002820594236254692,0.0,step_1.5_rest
63.066666666,33.99357986450195,40.83064651489258,1.4559001678721566,-0.002215599175542593,0.0,step_1.5_rest
63.083333333,33.993560791015625,40.83064651489258,1.4559202913028004,-5.3425534133566543e-05,0.0,step_1.5_rest
63.099999999,33.993553161621094,40.83064651489258,1.4559292324124693,0.0037594037130475044,0.0,step_1.5_rest
63.116666666,33.99356460571289,40.83064651489258,1.4559127774413383,0.00016648424207232893,0.0,step_1.5_rest
63.133333333,33.99356460571289,40.83064651489258,1.4559134123687092,-5.311741915647872e-05,0.0,step_1.5_rest
63.149999999,33.99356460571289,40.83064651489258,1.4559151579493905,-9.382881216879468e-06,0.0,step_1.5_rest
63.166666666,33.993560791015625,40.83064651489258,1.4559207667850955,1.2013331797788851e-05,0.0,step_1.5_rest
63.183333333,33.993560791015625,40.83064651489258,1.455917892386784,-8.269158570328727e-06,0.0,step_1.5_rest
63.199999999,33.99356460571289,40.83064651489258,1.4559107054495979,0.0002158243878511712,0.0,step_1.5_rest
63.216666666,33.99357223510742,40.83064651489258,1.4559003080910848,-0.001121657551266253,0.0,step_1.5_rest
63.233333333,33.99357223510742,40.83064651489258,1.4558925045478324,0.00014069770986679941,0.0,step_1.5_rest
63.249999999,33.99358367919922,40.83064270019531,1.4558725406726973,-0.0010084001114591956,0.0,step_1.5_rest
63.266666666,33.99354553222656,40.830650329589844,1.455925872974474,0.004702909849584103,0.0,step_1.5_rest
63.283333333,33.99361038208008,40.83063888549805,1.4558450820661826,-0.001758182537741959,0.0,step_1.5_rest
63.299999999,33.99361038208008,40.83063507080078,1.4558454003803811,-0.0016635577194392681,0.0,step_1.5_rest
63.316666666,33.993614196777344,40.83063507080078,1.4558370849194093,0.00015547519433312118,0.0,step_1.5_rest
63.333333333,33.99360275268555,40.83063888549805,1.4558613605983994,-0.00026234830147586763,0.0,step_1.5_rest
63.349999999,33.993629455566406,40.830631256103516,1.4558220860265838,0.0023499547969549894,0.0,step_1.5_rest
63.366666666,33.99360275268555,40.83063888549805,1.4558651796472684,0.0036955459509044886,0.0,step_1.5_rest
63.383333333,33.993621826171875,40.83063888549805,1.4558437952774703,-0.0019879054743796587,0.0025,turn90_0
63.399999999,33.99362564086914,40.83063888549805,1.455840770751015,-0.0023934035561978817,0.06405376500828425,turn90_0
63.416666666,33.993614196777344,40.83063888549805,1.4558581774559074,0.0009002182632684708,0.09657372499481426,turn90_0
63.433333333,33.99360275268555,40.83063888549805,1.4558835560759442,-0.00022007791267242283,0.12913390751185944,turn90_0
63.449999999,33.99361038208008,40.83063888549805,1.4558785991960785,0.0009945047786459327,0.16771995499715558,turn90_0
63.466666666,33.993614196777344,40.83063888549805,1.4558750896286183,-1.879489173006732e-05,0.20207947999500903,turn90_0
63.483333333,33.99360275268555,40.83064270019531,1.4558990484259844,-0.00030418773530982435,0.2490995400052634,turn90_0
63.499999999,33.99362564086914,40.83063888549805,1.4558703104211344,-0.003287044120952487,0.2984183325037884,turn90_0
63.516666666,33.993507385253906,40.830650329589844,1.4559808023809864,0.0047493926249444485,0.3451981899974635,turn90_0
63.533333333,33.99353790283203,40.830650329589844,1.455953350138723,-0.002758101560175419,0.3781489625084214,turn90_0
63.549999999,33.99353790283203,40.830650329589844,1.4559539846912437,-0.001343058655038476,0.4239112450063112,turn90_0
63.566666666,33.9935188293457,40.83065414428711,1.4561793115169757,0.03478164225816727,0.4648075600102311,turn90_0
63.583333333,33.993553161621094,40.8306884765625,1.4569190158283176,0.0668446272611618,0.5007737674981763,turn90_0
63.599999999,33.99350357055664,40.830745697021484,1.458251299730584,0.09292583912611008,0.5336981124941667,turn90_0
63.616666666,33.99348068237305,40.83066940307617,1.460089847215081,0.13241399824619293,0.5653477175014268,turn90_0
63.633333333,33.99346160888672,40.83066177368164,1.4625512315580291,0.17291784286499023,0.5949391625012503,turn90_0
63.649999999,33.99339294433594,40.83066177368164,1.465623916619784,0.20481084287166595,0.6318153475053259,turn90_0
63.666666666,33.993438720703125,40.830726623535156,1.469349923505553,0.25351718068122864,0.6780445450107799,turn90_0
63.683333333,33.99337387084961,40.83077621459961,1.4739365629612686,0.30277422070503235,0.7323693949996959,turn90_0
63.699999999,33.9932975769043,40.830780029296875,1.4792772274819634,0.34498438239097595,0.764016032507643,turn90_0
63.716666666,33.99327850341797,40.83082580566406,1.4852747064287246,0.38591647148132324,0.8171103225044498,turn90_0
63.733333333,33.9932861328125,40.830841064453125,1.4920076938635363,0.41841527819633484,0.8686292424949351,turn90_0
63.749999999,33.993263244628906,40.83102035522461,1.499047983980755,0.4342334568500519,0.901823612502485,turn90_0
63.766666666,33.99330139160156,40.83106994628906,1.5066844871065803,0.4847795069217682,0.951348612497386,turn90_0
63.783333333,33.993282318115234,40.83123016357422,1.5148568267182227,0.5019739270210266,0.984574929997907,turn90_0
63.799999999,33.99324035644531,40.8314094543457,1.5234906021280876,0.5317615866661072,1.0231179350097954,turn90_0
63.816666666,33.99320983886719,40.831539154052734,1.5326585630816758,0.5756325125694275,1.0596101350069511,turn90_0
63.833333333,33.993186950683594,40.831687927246094,1.5425598385197414,0.6107914447784424,1.1051248874986777,turn90_0
63.849999999,33.99313735961914,40.8317985534668,1.5532022689899603,0.6842827200889587,1.1474408299995411,turn90_0
63.866666666,33.99318313598633,40.8319091796875,1.5647062379146761,0.6978949308395386,1.190074917494203,turn90_0
63.883333333,33.993125915527344,40.83200454711914,1.5765324860266519,0.7282959818840027,1.2,turn90_0
63.899999999,33.99306106567383,40.83216857910156,1.5889981970993754,0.7702648639678955,1.2,turn90_0
63.916666666,33.99302673339844,40.83244705200195,1.602108372204076,0.8090208172798157,1.2,turn90_0
63.933333333,33.99296188354492,40.832820892333984,1.6157802843726532,0.8346401453018188,1.2,turn90_0
63.949999999,33.99286651611328,40.83302688598633,1.630037264730364,0.8825640082359314,1.2,turn90_0
63.966666666,33.99281692504883,40.83333969116211,1.6450404043341023,0.9261195659637451,1.2,turn90_0
63.983333333,33.99274826049805,40.83370590209961,1.6606293691777605,0.952311098575592,1.2,turn90_0
63.999999999,33.99265670776367,40.83412170410156,1.6767089276051335,0.9851891398429871,1.2,turn90_0
64.016666666,33.99254608154297,40.83460235595703,1.6933338838181737,1.0189439058303833,1.2,turn90_0
64.033333333,33.992435455322266,40.83510208129883,1.7105789986221,1.0608162879943848,1.2,turn90_0
64.049999999,33.99232864379883,40.835357666015625,1.7284910243676614,1.0973832607269287,1.2,turn90_0
64.066666666,33.992225646972656,40.83571243286133,1.7468009880197717,1.1131606101989746,1.2,turn90_0
64.083333333,33.99211883544922,40.8360710144043,1.7652849882539032,1.1173449754714966,1.2,turn90_0
64.099999999,33.99202346801758,40.836246490478516,1.7838914116916365,1.1280338764190674,1.2,turn90_0
64.116666666,33.99192810058594,40.83640670776367,1.8026641455810775,1.1371148824691772,1.2,turn90_0
64.133333333,33.99180603027344,40.836612701416016,1.821503471694526,1.1390798091888428,1.2,turn90_0
64.149999999,33.991676330566406,40.83683395385742,1.8403596611578246,1.138409972190857,1.2,turn90_0
64.166666666,33.99155044555664,40.83705520629883,1.8592016305881558,1.138307809829712,1.2,turn90_0
64.183333333,33.99142074584961,40.837276458740234,1.8780470274932175,1.137864351272583,1.2,turn90_0
64.199999999,33.99128341674805,40.837493896484375,1.8968786770889325,1.1367930173873901,1.2,turn90_0
64.216666666,33.99115753173828,40.83768844604492,1.9156937332538506,1.136359691619873,1.2,turn90_0
64.233333333,33.99104309082031,40.837867736816406,1.9345167788493738,1.137006402015686,1.2,turn90_0
64.249999999,33.990901947021484,40.83806228637695,1.953356683745779,1.1376591920852661,1.2,turn90_0
64.266666666,33.9908332824707,40.83818817138672,1.972208197980756,1.139027714729309,1.2,turn90_0
64.283333333,33.990726470947266,40.83831024169922,1.9911221001439194,1.142272710800171,1.2,turn90_0
64.299999999,33.990577697753906,40.83846664428711,2.0100398159785926,1.1403881311416626,1.2,turn90_0
64.316666666,33.99048614501953,40.83857727050781,2.0289183228742216,1.1401945352554321,1.2,turn90_0
64.333333333,33.9903678894043,40.83869934082031,2.047843746498949,1.1443703174591064,1.2,turn90_0
64.349999999,33.990211486816406,40.83884811401367,2.066781755237001,1.1442331075668335,1.2,turn90_0
64.366666666,33.990047454833984,40.83900451660156,2.0857082150226285,1.142349123954773,1.2,turn90_0
64.383333333,33.989891052246094,40.839141845703125,2.1046149198534785,1.1400467157363892,1.2,turn90_0
64.399999999,33.98981475830078,40.83926010131836,2.1234890134314157,1.1401063203811646,1.2,turn90_0
64.416666666,33.98970031738281,40.83937454223633,2.1424085378468996,1.1431816816329956,1.2,turn90_0
64.433333333,33.98954772949219,40.839508056640625,2.1613200354422144,1.1412369012832642,1.2,turn90_0
64.449999999,33.989383697509766,40.839664459228516,2.180216904738866,1.140961766242981,1.2,turn90_0
64.466666666,33.98921585083008,40.839786529541016,2.1991071726404163,1.1409308910369873,1.2,turn90_0
64.483333333,33.98905563354492,40.83991622924805,2.2179961695884387,1.1399459838867188,1.2,turn90_0
64.499999999,33.9888916015625,40.840057373046875,2.2368732117906602,1.1390506029129028,1.2,turn90_0
64.516666666,33.988887786865234,40.840171813964844,2.2558215971226283,1.147444725036621,1.2,turn90_0
64.533333333,33.988861083984375,40.84016036987305,2.274803167979426,1.1466230154037476,1.2,turn90_0
64.549999999,33.988800048828125,40.840084075927734,2.293769050017727,1.14493727684021,1.2,turn90_0
64.566666666,33.98870086669922,40.84013748168945,2.3128053849231462,1.1512526273727417,1.2,turn90_0
64.583333333,33.988529205322266,40.84021759033203,2.3318690544055607,1.148521900177002,1.2,turn90_0
64.599999999,33.98848342895508,40.840335845947266,2.3508994885524532,1.1492960453033447,1.2,turn90_0
64.616666666,33.98839569091797,40.84034729003906,2.369903106809172,1.1467543840408325,1.2,turn90_0
64.633333333,33.988285064697266,40.84043502807617,2.388921610418847,1.148800253868103,1.2,turn90_0
64.649999999,33.9881706237793,40.84052658081055,2.4079194415982386,1.146501898765564,1.2,turn90_0
64.666666666,33.98802185058594,40.840614318847656,2.4269049248192403,1.1470614671707153,1.2,turn90_0
64.683333333,33.98784637451172,40.84072494506836,2.4458774167458266,1.144623875617981,1.2,turn90_0
64.699999999,33.9876708984375,40.840824127197266,2.464823335723828,1.1430683135986328,1.2,turn90_0
64.716666666,33.98755645751953,40.840938568115234,2.4837444620366846,1.142578125,1.2,turn90_0
64.733333333,33.987388610839844,40.84104919433594,2.502673002889935,1.141810655593872,1.2,turn90_0
64.749999999,33.98717498779297,40.84113693237305,2.521587137101748,1.140403389930725,1.2,turn90_0
64.766666666,33.98707580566406,40.841251373291016,2.5404754391516664,1.1423066854476929,1.2,turn90_0
64.783333333,33.9869270324707,40.84133529663086,2.5594110681460136,1.1447808742523193,1.2,turn90_0
64.799999999,33.98673629760742,40.8414192199707,2.578358777215034,1.142425537109375,1.1681260957403785,turn90_0
64.816666666,33.98661804199219,40.841529846191406,2.59726942843838,1.1419942378997803,1.1352746007424932,turn90_0
64.833333333,33.9864501953125,40.84162139892578,2.616188551571487,1.1416130065917969,1.1035191532529345,turn90_0
64.849999999,33.98630142211914,40.84174346923828,2.635092644196546,1.1434053182601929,1.060541255751675,turn90_0
64.866666666,33.98613739013672,40.84183120727539,2.6540279582554103,1.143125295639038,1.0299906832507324,turn90_0
64.883333333,33.9859733581543,40.8419075012207,2.672969065673389,1.1438366174697876,0.9960894007373347,turn90_0
64.899999999,33.98581314086914,40.84196853637695,2.691910153782755,1.143259882926941,0.9195819057414403,turn90_0
64.916666666,33.98560333251953,40.84199523925781,2.7108359664436934,1.1425763368606567,0.8812445882496169,turn90_0
64.933333333,33.98538589477539,40.84206008911133,2.729750355065489,1.1427013874053955,0.8374560207404349,turn90_0
64.949999999,33.985172271728516,40.84212112426758,2.748658273526649,1.1418218612670898,0.7981499957487606,turn90_0
64.966666666,33.98502731323242,40.84218215942383,2.7674488223994276,1.1316800117492676,0.7618261307426357,turn90_0
64.983333333,33.98488998413086,40.842105865478516,2.7860152345840175,1.1152904033660889,0.7284422007388704,turn90_0
64.999999999,33.98478317260742,40.84204864501953,2.8043019565054443,1.0992590188980103,0.6927659832537094,turn90_0
65.016666666,33.984718322753906,40.84199142456055,2.822227712721144,1.0723918676376343,0.6548820332456009,turn90_0
65.033333333,33.98468017578125,40.84189987182617,2.839720458924633,1.0479427576065063,0.6229355607457612,turn90_0
65.049999999,33.984710693359375,40.841861724853516,2.8567464430844147,1.0158805847167969,0.5840673932426645,turn90_0
65.066666666,33.984764099121094,40.84183120727539,2.8731636048168134,0.978397786617279,0.5127612257412031,turn90_0
65.083333333,33.984798431396484,40.841758728027344,2.888935703454038,0.9383745789527893,0.46814828073832104,turn90_0
65.099999999,33.98490524291992,40.84168243408203,2.903989441479146,0.8973738551139832,0.43036284324910157,turn90_0
65.116666666,33.98502731323242,40.84164810180664,2.9183099189202966,0.8451440930366516,0.36032679324773853,turn90_0
65.133333333,33.985111236572266,40.84161376953125,2.931900556603226,0.8097298741340637,0.31883918074083994,turn90_0
65.149999999,33.985164642333984,40.8415412902832,2.944874600871551,0.7706475853919983,0.2886835932396272,turn90_0
65.166666666,33.98527145385742,40.84146499633789,2.9571833239489766,0.7284589409828186,0.25378888325133375,turn90_0
65.183333333,33.9853401184082,40.841514587402344,2.9687993626336895,0.6909860968589783,0.2028111182472705,turn90_0
65.199999999,33.9853401184082,40.84151077270508,2.9798315016391617,0.6552976369857788,0.16990167324832073,turn90_0
65.216666666,33.98532485961914,40.84146499633789,2.9902306639441183,0.6159775853157043,0.12,turn90_0
65.233333333,33.98530960083008,40.841392517089844,2.9998329248912743,0.5620594024658203,0.12,turn90_0
65.249999999,33.98536682128906,40.8413200378418,3.0085511389309345,0.5120803713798523,0.08199332499600132,turn90_0
65.266666666,33.985469818115234,40.841270446777344,3.0164646419394114,0.46024230122566223,0.04527591877807602,turn90_0
65.283333333,33.9854850769043,40.84128952026367,3.0233964171190695,0.40582969784736633,0.0,turn90_0
65.299999999,33.98551559448242,40.84126663208008,3.0294271289230115,0.3408815562725067,0.0,turn90_0_settle
65.316666666,33.98550796508789,40.84125900268555,3.0346268040543416,0.3059644103050232,0.0,turn90_0_settle
65.333333333,33.985496520996094,40.841251373291016,3.0392082041657154,0.26737523078918457,0.0,turn90_0_settle
65.349999999,33.985469818115234,40.8411979675293,3.0430985815853524,0.22251035273075104,0.0,turn90_0_settle
65.366666666,33.98548126220703,40.8411750793457,3.0463020668589,0.1826297789812088,0.0,turn90_0_settle
65.383333333,33.98545837402344,40.84111785888672,3.0488160961676147,0.1396522969007492,0.0,turn90_0_settle
65.399999999,33.985450744628906,40.841121673583984,3.050829494460315,0.1227768212556839,0.0,turn90_0_settle
65.416666666,33.98543930053711,40.841064453125,3.052426677258999,0.0886085107922554,0.0,turn90_0_settle
65.433333333,33.98542785644531,40.841068267822266,3.0534502860249915,0.05596946179866791,0.0,turn90_0_settle
65.449999999,33.98542404174805,40.84097671508789,3.0538519981115715,0.011850199662148952,0.0,turn90_0_settle
65.466666666,33.98542404174805,40.840946197509766,3.0538966196622663,0.0029610178899019957,0.0,turn90_0_settle
65.483333333,33.98542404174805,40.840946197509766,3.053899378769825,-6.311013294180157e-06,0.0,turn90_0_settle
65.499999999,33.98542404174805,40.840946197509766,3.053900173386519,7.258554978761822e-05,0.0,turn90_0_settle
65.516666666,33.98542404174805,40.840946197509766,3.0538979180261454,8.155430987244472e-05,0.0,turn90_0_settle
65.533333333,33.98542404174805,40.84095001220703,3.053894773376696,2.5366964109707624e-05,0.0,turn90_0_settle
65.549999999,33.98542404174805,40.8409423828125,3.0539134802180734,-0.00017267573275603354,0.0,turn90_0_settle
65.566666666,33.98542404174805,40.84095001220703,3.053900223970869,-1.5684670870541595e-05,0.0,turn90_0_settle
65.583333333,33.98542022705078,40.840938568115234,3.0539209935312197,-4.472765067475848e-05,0.0,turn90_0_settle
65.599999999,33.98542404174805,40.840946197509766,3.0539058543371627,-0.0019310740754008293,0.0,turn90_0_settle
65.616666666,33.98542404174805,40.84093475341797,3.0539246272824574,0.0016580435913056135,0.0,turn90_0_settle
65.633333333,33.98542404174805,40.8409423828125,3.0539068924254145,0.00014195161929819733,0.0,turn90_0_settle
65.649999999,33.98542404174805,40.84095001220703,3.0538972061001286,-0.002664505736902356,0.0,turn90_0_settle
65.666666666,33.98542022705078,40.840938568115234,3.053919021536211,-0.0001443499349988997,0.0,turn90_0_settle
65.683333333,33.98542022705078,40.84093475341797,3.0539260293968984,-0.00013230093463789672,0.0,turn90_0_settle
65.699999999,33.98542022705078,40.84093475341797,3.0539231656715407,3.74624396499712e-05,0.0,turn90_0_settle
65.716666666,33.98542404174805,40.8409423828125,3.053906159223573,-0.0008734094444662333,0.0,turn90_0_settle
65.733333333,33.98542404174805,40.8409309387207,3.0539229582304257,0.0009661391959525645,0.0,turn90_0_settle
65.749999999,33.98542404174805,40.84093475341797,3.0539173804346222,0.0008509984472766519,0.0,turn90_0_settle
65.766666666,33.98542404174805,40.8409423828125,3.053900528854645,0.00013044917432125658,0.0,turn90_0_settle
65.783333333,33.98542404174805,40.8409423828125,3.0539029024167257,0.0009882866870611906,0.0,turn90_0_settle
65.799999999,33.98542404174805,40.840946197509766,3.0538952921135087,-0.00202965852804482,0.0,turn90_0_settle
65.816666666,33.98542022705078,40.8409309387207,3.0539185971793867,0.0015358050586655736,0.0,turn90_0_settle
65.833333333,33.98542404174805,40.84095764160156,3.0538767122271873,-0.0023464690893888474,0.0,turn90_0_settle
65.849999999,33.98542022705078,40.8409309387207,3.053915891004664,0.0006222141673788428,0.0,turn90_0_settle
65.866666666,33.98542404174805,40.84095001220703,3.0538899667819486,-0.0008936996455304325,0.0025,turn90_1
65.883333333,33.98542022705078,40.84093475341797,3.0539209788472594,0.000787674798630178,0.04058648749327404,turn90_1
65.899999999,33.98542404174805,40.8409423828125,3.0539044299410327,-0.000946976593695581,0.07160980750035378,turn90_1
65.916666666,33.98542404174805,40.84093475341797,3.053915006842495,0.0026253110263496637,0.11362105250504101,turn90_1
65.933333333,33.98542404174805,40.84092712402344,3.0539204064737397,0.0008272369159385562,0.15018327000638237,turn90_1
65.949999999,33.98542404174805,40.84095764160156,3.0538840841876214,-0.0022017909213900566,0.19398165249134763,turn90_1
65.966666666,33.98542404174805,40.8409538269043,3.0538881716147417,0.0011903352569788694,0.22313047499614186,turn90_1
65.983333333,33.98542022705078,40.840938568115234,3.053914926911168,-0.00017741801275406033,0.2564505049935542,turn90_1
65.999999999,33.98542022705078,40.8409423828125,3.053910808331335,-0.0014379966305568814,0.28880753500692663,turn90_1
66.016666666,33.98542785644531,40.840965270996094,3.0538786321371387,-0.0016216486692428589,0.31836986500769854,turn90_1
66.033333333,33.98541259765625,40.84091567993164,3.0539586963327454,0.0014561740681529045,0.3480103250053071,turn90_1
66.049999999,33.985408782958984,40.840885162353516,3.054030195865126,0.012789430096745491,0.3788304025051184,turn90_1
66.066666666,33.985416412353516,40.84086990356445,3.0544202710567836,0.04139205068349838,0.4114309049959411,turn90_1
66.083333333,33.98545455932617,40.840816497802734,3.0554027046835848,0.08493242412805557,0.443253205002693,turn90_1
66.099999999,33.985477447509766,40.840824127197266,3.057041213374397,0.12465382367372513,0.4759621950046858,turn90_1
66.116666666,33.9854621887207,40.84088134765625,3.0593415965565067,0.16404788196086884,0.5321177849959349,turn90_1
66.133333333,33.985435485839844,40.840946197509766,3.0622515533306394,0.1977117359638214,0.5646498149957915,turn90_1
66.149999999,33.985389709472656,40.84090042114258,3.0657280329343553,0.23008637130260468,0.6118255449923162,turn90_1
66.166666666,33.9853630065918,40.84087371826172,3.069768720722047,0.2658703029155731,0.6452678775071399,turn90_1
66.183333333,33.985374450683594,40.84092712402344,3.0743033390777716,0.29157471656799316,0.6842430750015773,turn90_1
66.199999999,33.98535919189453,40.840885162353516,3.0793262817220532,0.31664344668388367,0.7137543474977428,turn90_1
66.216666666,33.9853401184082,40.840850830078125,3.084757606287738,0.3454512655735016,0.7460481349966721,turn90_1
66.233333333,33.985260009765625,40.84086990356445,3.0906873202821066,0.38355597853660583,0.7802321475077769,turn90_1
66.249999999,33.98527526855469,40.84083557128906,3.0972337139599904,0.4094124138355255,0.810345837498462,turn90_1
66.266666666,33.98527908325195,40.840797424316406,3.104194832588472,0.4349864423274994,0.8403545050072716,turn90_1
66.283333333,33.9851188659668,40.840789794921875,3.111700356247074,0.4679521322250366,0.8728811875056999,turn90_1
66.299999999,33.984989166259766,40.840736389160156,3.11974935084261,0.5028039813041687,0.9172754924924811,turn90_1
66.316666666,33.98477554321289,40.840728759765625,3.128384216640819,0.5385156273841858,0.9538575574965216,turn90_1
66.333333333,33.98461151123047,40.84074020385742,3.1376228919121685,0.5828871726989746,0.9887309275013103,turn90_1
66.349999999,33.984561920166016,40.840702056884766,-3.1354940313695447,0.6494544148445129,1.0250968475060653,turn90_1
66.366666666,33.98452377319336,40.840702056884766,-3.1246398727889466,0.6587205529212952,1.0553103324941184,turn90_1
66.383333333,33.98445510864258,40.84063720703125,-3.113514566923018,0.684253454208374,1.0895342274938593,turn90_1
66.399999999,33.9842643737793,40.840606689453125,-3.1019338587799763,0.7133937478065491,1.1219582350071868,turn90_1
66.416666666,33.984153747558594,40.84052276611328,-3.089915634220494,0.7409720420837402,1.1538479849963914,turn90_1
66.433333333,33.98401641845703,40.84046936035156,-3.077379386197667,0.7722482085227966,1.1834296074898156,turn90_1
66.449999999,33.98393249511719,40.84042739868164,-3.064334202850948,0.8069669604301453,1.2,turn90_1
66.466666666,33.98382568359375,40.840354919433594,-3.0506377051172895,0.8458929061889648,1.2,turn90_1
66.483333333,33.98369598388672,40.84027099609375,-3.036376443171898,0.8778555393218994,1.2,turn90_1
66.499999999,33.983428955078125,40.840213775634766,-3.021578586584036,0.908123254776001,1.2,turn90_1
66.516666666,33.98307418823242,40.84012222290039,-3.0063367749680094,0.9304882884025574,1.2,turn90_1
66.533333333,33.98271179199219,40.840030670166016,-2.9907020793055,0.955024003982544,1.2,turn90_1
66.549999999,33.9825325012207,40.83992385864258,-2.97452160506575,0.9947837591171265,1.2,turn90_1
66.566666666,33.982215881347656,40.839820861816406,-2.957783005853915,1.0216600894927979,1.2,turn90_1
66.583333333,33.98182678222656,40.839683532714844,-2.940660861433273,1.040300965309143,1.2,turn90_1
66.599999999,33.98147964477539,40.839561462402344,-2.9231260016076677,1.0762096643447876,1.2,turn90_1
66.616666666,33.981109619140625,40.83941650390625,-2.9051334003695057,1.093230962753296,1.2,turn90_1
66.633333333,33.98074722290039,40.83928298950195,-2.886932292097607,1.1024754047393799,1.2,turn90_1
66.649999999,33.9805908203125,40.83928298950195,-2.868447888397058,1.124725580215454,1.2,turn90_1
66.666666666,33.980613708496094,40.839195251464844,-2.8497789596287486,1.128864049911499,1.2,turn90_1
66.683333333,33.980525970458984,40.8390998840332,-2.8309523897187145,1.1407060623168945,1.2,turn90_1
66.699999999,33.98036193847656,40.838966369628906,-2.8120490473848396,1.1407159566879272,1.2,turn90_1
66.716666666,33.9802360534668,40.83889389038086,-2.7931666280659546,1.1400959491729736,1.2,turn90_1
66.733333333,33.980098724365234,40.83878707885742,-2.774240888777959,1.142960786819458,1.2,turn90_1
66.749999999,33.979949951171875,40.83867263793945,-2.755291092888487,1.1440778970718384,1.2,turn90_1
66.766666666,33.979820251464844,40.838539123535156,-2.7363238651936395,1.1459919214248657,1.2,turn90_1
66.783333333,33.97968673706055,40.83839797973633,-2.7173553019998105,1.1432188749313354,1.2,turn90_1
66.799999999,33.97956466674805,40.83835220336914,-2.6984328962580344,1.1423636674880981,1.2,turn90_1
66.816666666,33.979522705078125,40.838260650634766,-2.6795216554405537,1.1416975259780884,1.2,turn90_1
66.833333333,33.97941589355469,40.838165283203125,-2.6605497788834955,1.1464589834213257,1.2,turn90_1
66.849999999,33.97929763793945,40.838104248046875,-2.6415884088202475,1.1441657543182373,1.2,turn90_1
66.866666666,33.9792594909668,40.83800506591797,-2.622650112161312,1.1429165601730347,1.2,turn90_1
66.883333333,33.97915267944336,40.837890625,-2.6036641079180747,1.1463584899902344,1.2,turn90_1
66.899999999,33.979034423828125,40.837825775146484,-2.5847007369613664,1.1445980072021484,1.2,turn90_1
66.916666666,33.97899627685547,40.83771896362305,-2.565757235424656,1.143366813659668,1.2,turn90_1
66.933333333,33.9788818359375,40.837608337402344,-2.5467730624278473,1.147577166557312,1.2,turn90_1
66.949999999,33.978759765625,40.83744812011719,-2.527783032763,1.145155906677246,1.2,turn90_1
66.966666666,33.978633880615234,40.83728790283203,-2.5088197290102414,1.1432278156280518,1.2,turn90_1
66.983333333,33.97849655151367,40.83712387084961,-2.4898969186454436,1.1400725841522217,1.2,turn90_1
66.999999999,33.97837829589844,40.837093353271484,-2.4710048281091055,1.1417956352233887,1.2,turn90_1
67.016666666,33.978355407714844,40.83702087402344,-2.452103209764322,1.1418423652648926,1.2,turn90_1
67.033333333,33.9782600402832,40.83690643310547,-2.433137399860385,1.1473736763000488,1.2,turn90_1
67.049999999,33.97814178466797,40.836769104003906,-2.414144767183164,1.1462161540985107,1.2,turn90_1
67.066666666,33.978023529052734,40.836727142333984,-2.3951656995566704,1.146834373474121,1.2,turn90_1
67.083333333,33.97799301147461,40.83664321899414,-2.376196517812177,1.1458083391189575,1.2,turn90_1
67.099999999,33.97789764404297,40.836524963378906,-2.3571886790528715,1.148295283317566,1.2,turn90_1
67.116666666,33.97780227661133,40.83635711669922,-2.3381884088042018,1.145020842552185,1.2,turn90_1
67.133333333,33.9776725769043,40.83620834350586,-2.3192295493029733,1.1446622610092163,1.2,turn90_1
67.149999999,33.977561950683594,40.83613204956055,-2.3002761465622954,1.1447999477386475,1.2,turn90_1
67.166666666,33.9775276184082,40.836029052734375,-2.281336503329045,1.1427783966064453,1.2,turn90_1
67.183333333,33.977447509765625,40.83589172363281,-2.2623889559307226,1.1447159051895142,1.2,turn90_1
67.199999999,33.97734069824219,40.8357048034668,-2.2434346283201303,1.142148733139038,1.2,turn90_1
67.216666666,33.97722244262695,40.83557891845703,-2.224510917996147,1.143850326538086,1.2,turn90_1
67.233333333,33.97711944580078,40.83543014526367,-2.2055747146497815,1.1437482833862305,1.2,turn90_1
67.249999999,33.97701644897461,40.83525466918945,-2.1866372905299247,1.1427937746047974,1.2,turn90_1
67.266666666,33.97693634033203,40.835060119628906,-2.1677185558324563,1.1414746046066284,1.2,turn90_1
67.283333333,33.976844787597656,40.834842681884766,-2.148819916066003,1.1397324800491333,1.2,turn90_1
67.299999999,33.97673416137695,40.83477020263672,-2.129904481681217,1.142674207687378,1.2,turn90_1
67.316666666,33.976715087890625,40.834678649902344,-2.110984264264126,1.1421295404434204,1.1785784807529769,turn90_1
67.333333333,33.976661682128906,40.83453369140625,-2.0920450396860524,1.1442562341690063,1.1410043632481308,turn90_1
67.349999999,33.97654724121094,40.834434509277344,-2.073082770779035,1.1449203491210938,1.1000790257407704,turn90_1
67.366666666,33.97645950317383,40.83427429199219,-2.054113170310583,1.145029067993164,1.0660682757538513,turn90_1
67.383333333,33.976356506347656,40.8341178894043,-2.0351505961627248,1.1452571153640747,1.0158934332452834,turn90_1
67.399999999,33.97628402709961,40.833927154541016,-2.0161966702541165,1.1445800065994263,0.9766662882379666,turn90_1
67.416666666,33.97620391845703,40.833763122558594,-1.9972582649912822,1.1430057287216187,0.9365921107514357,turn90_1
67.433333333,33.97615051269531,40.83363723754883,-1.978339911654508,1.1423585414886475,0.9053502982482957,turn90_1
67.449999999,33.97610092163086,40.83346939086914,-1.959422633691016,1.1435576677322388,0.8758186207473688,turn90_1
67.466666666,33.97608184814453,40.83325958251953,-1.9405001252053236,1.1412484645843506,0.840255450743344,turn90_1
67.483333333,33.97596740722656,40.833187103271484,-1.9215757659754131,1.1426619291305542,0.8019120782541638,turn90_1
67.499999999,33.97593688964844,40.833099365234375,-1.9028046529387819,1.128420114517212,0.7601550907515691,turn90_1
67.516666666,33.975975036621094,40.832984924316406,-1.8843373709206057,1.1075648069381714,0.7151128732534477,turn90_1
67.533333333,33.97606658935547,40.83290481567383,-1.866281074760593,1.0786199569702148,0.6467313257366829,turn90_1
67.549999999,33.97612380981445,40.83285903930664,-1.8487248261402767,1.0496220588684082,0.6015187382531355,turn90_1
67.566666666,33.97621154785156,40.832889556884766,-1.831748121595805,1.010784387588501,0.5712343707404859,turn90_1
67.583333333,33.976314544677734,40.833011627197266,-1.8153485748037594,0.9808346033096313,0.5276882482525895,turn90_1
67.599999999,33.976409912109375,40.833126068115234,-1.7994725700008796,0.9448495507240295,0.47366272573933266,turn90_1
67.616666666,33.97647476196289,40.83322525024414,-1.7841680489682767,0.9139743447303772,0.42996932075263494,turn90_1
67.633333333,33.976566314697266,40.83333206176758,-1.7694291653491294,0.8781217336654663,0.38487823825059486,turn90_1
67.649999999,33.97663116455078,40.83345413208008,-1.7552823207899422,0.8433727025985718,0.34489009574324037,turn90_1
67.666666666,33.97669219970703,40.83357238769531,-1.7417491795217248,0.8013880848884583,0.3007455182473411,turn90_1
67.683333333,33.976654052734375,40.83368682861328,-1.7289119095923795,0.7635343670845032,0.2666161557449147,turn90_1
67.699999999,33.976654052734375,40.83377456665039,-1.7168490272405654,0.710495114326477,0.22472519074151087,turn90_1
67.716666666,33.976707458496094,40.833866119384766,-1.7056272521115492,0.6623526811599731,0.1791564832405772,turn90_1
67.733333333,33.97676467895508,40.833980560302734,-1.695204294453774,0.6117066740989685,0.14332747324667316,turn90_1
67.749999999,33.976749420166016,40.83404541015625,-1.6856217648384637,0.5684661865234375,0.12,turn90_1
67.766666666,33.97674560546875,40.834075927734375,-1.6767975258488808,0.5172268748283386,0.06787168864609394,turn90_1
67.783333333,33.97679138183594,40.834102630615234,-1.6688341262890174,0.4620923399925232,0.04581109117213655,turn90_1
67.799999999,33.97687911987305,40.834136962890625,-1.6616976353300936,0.41760408878326416,0.0,turn90_1
67.816666666,33.976932525634766,40.83422088623047,-1.6553094016797971,0.3725295662879944,0.0,turn90_1_settle
67.833333333,33.976890563964844,40.834259033203125,-1.6496791288554782,0.3241898715496063,0.0,turn90_1_settle
67.849999999,33.97688674926758,40.8342170715332,-1.644787060549305,0.28322410583496094,0.0,turn90_1_settle
67.866666666,33.9769172668457,40.83420181274414,-1.6405942881052398,0.2425922006368637,0.0,turn90_1_settle
67.883333333,33.97697448730469,40.83418655395508,-1.6371238633540368,0.19858713448047638,0.0,turn90_1_settle
67.899999999,33.97700500488281,40.83418655395508,-1.6343516869400003,0.15599866211414337,0.0,turn90_1_settle
67.916666666,33.97700500488281,40.83418655395508,-1.632150947492547,0.12707547843456268,0.0,turn90_1_settle
67.933333333,33.97700881958008,40.83417510986328,-1.6305992799777376,0.08221209049224854,0.0,turn90_1_settle
67.949999999,33.977012634277344,40.83416748046875,-1.6296429228580989,0.05164717137813568,0.0,turn90_1_settle
67.966666666,33.97705078125,40.834163665771484,-1.6292649965225705,0.013585303910076618,0.0,turn90_1_settle
67.983333333,33.97705841064453,40.834163665771484,-1.629246582118069,-0.00017024298722390085,0.0,turn90_1_settle
67.999999999,33.9770622253418,40.834163665771484,-1.6292408537949166,-4.0679566154722124e-05,0.0,turn90_1_settle
68.016666666,33.97705078125,40.83416748046875,-1.6292663844460105,-0.0011443193070590496,0.0,turn90_1_settle
68.033333333,33.977054595947266,40.834163665771484,-1.6292592681783755,0.002483911346644163,0.0,turn90_1_settle
68.049999999,33.97704315185547,40.834163665771484,-1.6292710822277467,7.297859701793641e-05,0.0,turn90_1_settle
68.066666666,33.977046966552734,40.834163665771484,-1.6292676133681674,-0.0012740648817270994,0.0,turn90_1_settle
68.083333333,33.97707748413086,40.83415985107422,-1.6292330334617022,0.0009420068236067891,0.0,turn90_1_settle
68.099999999,33.97703170776367,40.834163665771484,-1.6292912362897665,0.0005026878789067268,0.0,turn90_1_settle
68.116666666,33.977027893066406,40.834163665771484,-1.6292922868073687,0.00046827702317386866,0.0,turn90_1_settle
68.133333333,33.977027893066406,40.834163665771484,-1.6292908842844047,5.372356463340111e-05,0.0,turn90_1_settle
68.149999999,33.97701644897461,40.83416748046875,-1.6293131248303494,-0.001121671637520194,0.0,turn90_1_settle
68.166666666,33.97703552246094,40.834163665771484,-1.6292815030126944,0.0023527047596871853,0.0,turn90_1_settle
68.183333333,33.977027893066406,40.834163665771484,-1.629291934995864,-0.0010306877084076405,0.0,turn90_1_settle
68.199999999,33.97701644897461,40.83416748046875,-1.6293086105734316,-0.0011905553983524442,0.0,turn90_1_settle
68.216666666,33.97702407836914,40.83416748046875,-1.6292948882788814,0.001250583678483963,0.0,turn90_1_settle
68.233333333,33.97704315185547,40.83415985107422,-1.6292714338718892,-0.00030612212140113115,0.0,turn90_1_settle
68.249999999,33.97702407836914,40.834163665771484,-1.6293028769144042,-0.0013401397736743093,0.0,turn90_1_settle
68.266666666,33.9770393371582,40.834163665771484,-1.6292825387463254,-6.95212438586168e-05,0.0,turn90_1_settle
68.283333333,33.97704315185547,40.834163665771484,-1.6292778664579368,0.0017802263610064983,0.0,turn90_1_settle
68.299999999,33.97702407836914,40.834163665771484,-1.6293034022555322,-0.0008380618528462946,0.0,turn90_1_settle
68.316666666,33.97703552246094,40.834163665771484,-1.6292919247590438,-0.0006873873062431812,0.0,turn90_1_settle
68.333333333,33.97703552246094,40.834163665771484,-1.6292910626418302,-4.899816121906042e-05,0.0,turn90_1_settle
68.349999999,33.9770393371582,40.834163665771484,-1.6292877575929017,0.0011516009690240026,0.0,turn90_1_settle
68.366666666,33.97703552246094,40.834163665771484,-1.6292917615142892,0.0006977759767323732,0.0,turn90_1_settle
68.383333333,33.97702407836914,40.83416748046875,-1.6293132987061758,-0.0005381780792959034,0.0025,turn90_2
68.399999999,33.97705078125,40.83416748046875,-1.6292749123068848,0.0011524907313287258,0.06256893499943544,turn90_2
68.416666666,33.97703170776367,40.834163665771484,-1.6293056619925508,0.00011414325126679614,0.11698487499365001,turn90_2
68.433333333,33.97700500488281,40.834171295166016,-1.6293482262821453,-0.002330466639250517,0.14925504999104305,turn90_2
68.449999999,33.9770622253418,40.83415985107422,-1.6292719480983273,0.002575784455984831,0.18207223748453544,turn90_2
68.466666666,33.9770622253418,40.83415985107422,-1.6292773408754944,0.001057711779139936,0.21528459498716984,turn90_2
68.483333333,33.9770622253418,40.83415985107422,-1.6292757698925875,-0.00013091556320432574,0.26602033999501146,turn90_2
68.499999999,33.97705078125,40.834163665771484,-1.6292974952481667,-0.0010943047236651182,0.3122732149944932,turn90_2
68.516666666,33.977081298828125,40.83415603637695,-1.6292451938672563,0.0018579690949991345,0.36435595499773626,turn90_2
68.533333333,33.97704315185547,40.83415985107422,-1.6292928023834115,-0.0018934441031888127,0.40844378750029137,turn90_2
68.549999999,33.977054595947266,40.83415985107422,-1.6292696940107445,-3.1868821679381654e-05,0.49795959249371663,turn90_2
68.566666666,33.97707748413086,40.83415222167969,-1.6290087597216558,0.031170710921287537,0.5984170799906132,turn90_2
68.583333333,33.977088928222656,40.83415603637695,-1.628142449710143,0.07798995822668076,0.6314148974974523,turn90_2
68.599999999,33.97712326049805,40.8340950012207,-1.6265798315473914,0.12206380814313889,0.6693905774859013,turn90_2
68.616666666,33.97709274291992,40.834068298339844,-1.6243614595312592,0.15661020576953888,0.7116244724870193,turn90_2
68.633333333,33.977054595947266,40.83403396606445,-1.621575953601105,0.19159527122974396,0.7426361249867477,turn90_2
68.649999999,33.977169036865234,40.83401870727539,-1.61831994989555,0.2122880220413208,0.7824237174913287,turn90_2
68.666666666,33.977195739746094,40.834022521972656,-1.6143458728829343,0.2584821581840515,0.83279526998871,turn90_2
68.683333333,33.977210998535156,40.833797454833984,-1.6098148219861752,0.2876485586166382,0.8657692599894653,turn90_2
68.699999999,33.977195739746094,40.833717346191406,-1.6045170113748897,0.3547099530696869,0.894731139987416,turn90_2
68.716666666,33.97722244262695,40.833778381347656,-1.5979070555290307,0.43291276693344116,0.9270652899880951,turn90_2
68.733333333,33.9772834777832,40.83378982543945,-1.590158573084653,0.49090123176574707,0.959675872499647,turn90_2
68.749999999,33.977294921875,40.83363723754883,-1.5815740554239561,0.5389227867126465,0.9976741949953429,turn90_2
68.766666666,33.977291107177734,40.833438873291016,-1.572221893272591,0.590156078338623,1.0383168774837395,turn90_2
68.783333333,33.977333068847656,40.833396911621094,-1.5619580423585964,0.6485840678215027,1.0709689775007427,turn90_2
68.799999999,33.97740173339844,40.83332443237305,-1.5509495113218763,0.6785041689872742,1.1014030624841689,turn90_2
68.816666666,33.977455139160156,40.833126068115234,-1.5394435430011826,0.7099987268447876,1.1539195575000485,turn90_2
68.833333333,33.97750473022461,40.8328742980957,-1.52733202120337,0.7450129985809326,1.187816397495626,turn90_2
68.849999999,33.97760772705078,40.83261489868164,-1.514675044904503,0.7851352095603943,1.2,turn90_2
68.866666666,33.97764205932617,40.8324089050293,-1.5013380814754063,0.8281276226043701,1.2,turn90_2
68.883333333,33.9776611328125,40.83233642578125,-1.48734825838651,0.8612583875656128,1.2,turn90_2
68.899999999,33.977752685546875,40.83226013183594,-1.47287094441278,0.8837639689445496,1.2,turn90_2
68.916666666,33.97782897949219,40.83202362060547,-1.4579674029765324,0.911280632019043,1.2,turn90_2
68.933333333,33.977928161621094,40.83168029785156,-1.442645123661661,0.9338628053665161,1.2,turn90_2
68.949999999,33.97795486450195,40.83155059814453,-1.4267816259606545,0.975125253200531,1.2,turn90_2
68.966666666,33.9780387878418,40.83137512207031,-1.4103437843789923,1.0008618831634521,1.2,turn90_2
68.983333333,33.9781608581543,40.831024169921875,-1.3934538272131625,1.0316773653030396,1.2,turn90_2
68.999999999,33.97829055786133,40.8305549621582,-1.3760775177486235,1.0622146129608154,1.2,turn90_2
69.016666666,33.978458404541016,40.8300666809082,-1.358317332161634,1.0776665210723877,1.2,turn90_2
69.033333333,33.97848892211914,40.82987976074219,-1.3400934791592773,1.115242838859558,1.2,turn90_2
69.049999999,33.97858810424805,40.829750061035156,-1.3214693296740914,1.1290215253829956,1.2,turn90_2
69.066666666,33.97860336303711,40.829620361328125,-1.3027069590322033,1.1349560022354126,1.2,turn90_2
69.083333333,33.97868728637695,40.829586029052734,-1.2838971410634816,1.1369380950927734,1.2,turn90_2
69.099999999,33.97878646850586,40.8294792175293,-1.2649868676816474,1.1436164379119873,1.2,turn90_2
69.116666666,33.978843688964844,40.829376220703125,-1.246061170824994,1.1427944898605347,1.2,turn90_2
69.133333333,33.97895431518555,40.829254150390625,-1.2270908075962075,1.145485758781433,1.2,turn90_2
69.149999999,33.97907257080078,40.8291130065918,-1.2081049203310497,1.1454925537109375,1.2,turn90_2
69.166666666,33.979183197021484,40.82900619506836,-1.1891441652278603,1.1449030637741089,1.2,turn90_2
69.183333333,33.97929763793945,40.828880310058594,-1.1701613519683594,1.1460723876953125,1.2,turn90_2
69.199999999,33.97943878173828,40.8287353515625,-1.1511869941548825,1.1423012018203735,1.2,turn90_2
69.216666666,33.9794807434082,40.828609466552734,-1.132245931559782,1.1440685987472534,1.2,turn90_2
69.233333333,33.97956848144531,40.828575134277344,-1.1133109913405714,1.1433439254760742,1.2,turn90_2
69.249999999,33.97966003417969,40.82847595214844,-1.094317598191655,1.1482490301132202,1.2,turn90_2
69.266666666,33.979793548583984,40.82835006713867,-1.075298744704925,1.1479967832565308,1.2,turn90_2
69.283333333,33.97993469238281,40.82822036743164,-1.0562867299321317,1.14780855178833,1.2,turn90_2
69.299999999,33.98009490966797,40.82807540893555,-1.0373020150390437,1.1438572406768799,1.2,turn90_2
69.316666666,33.980224609375,40.827945709228516,-1.0183562340349235,1.1421371698379517,1.2,turn90_2
69.333333333,33.98038864135742,40.827816009521484,-0.9994360906741027,1.1399003267288208,1.2,turn90_2
69.349999999,33.980350494384766,40.827693939208984,-0.9804776483399521,1.145658016204834,1.2,turn90_2
69.366666666,33.980342864990234,40.827667236328125,-0.9615207389038769,1.1436032056808472,1.2,turn90_2
69.383333333,33.98039245605469,40.82771301269531,-0.9425927761717869,1.1425973176956177,1.2,turn90_2
69.399999999,33.98048400878906,40.82780838012695,-0.9236794989946818,1.1421371698379517,1.2,turn90_2
69.416666666,33.98058319091797,40.82775115966797,-0.9046755029922858,1.151861310005188,1.2,turn90_2
69.433333333,33.980751037597656,40.8276252746582,-0.8856293169376014,1.1468188762664795,1.2,turn90_2
69.449999999,33.98076629638672,40.82750701904297,-0.8666005454672892,1.1498808860778809,1.2,turn90_2
69.466666666,33.980812072753906,40.82749557495117,-0.847587939497821,1.1474498510360718,1.2,turn90_2
69.483333333,33.98090362548828,40.82756042480469,-0.8286077726259683,1.1454675197601318,1.2,turn90_2
69.499999999,33.981014251708984,40.827491760253906,-0.809574817006374,1.1505244970321655,1.2,turn90_2
69.516666666,33.98101043701172,40.82736587524414,-0.7904837497953844,1.1536598205566406,1.2,turn90_2
69.533333333,33.98102951049805,40.82735824584961,-0.7714166380294223,1.1506285667419434,1.2,turn90_2
69.549999999,33.98108673095703,40.827415466308594,-0.752395186845591,1.148391604423523,1.2,turn90_2
69.566666666,33.9811897277832,40.82735824584961,-0.7333227658421354,1.1542112827301025,1.2,turn90_2
69.583333333,33.98135757446289,40.82725524902344,-0.7142515032480209,1.1485673189163208,1.2,turn90_2
69.599999999,33.98152160644531,40.8271484375,-0.6952474658410073,1.1462788581848145,1.2,turn90_2
69.616666666,33.981685638427734,40.8270378112793,-0.6762839557750852,1.1441700458526611,1.2,turn90_2
69.633333333,33.98173141479492,40.82691955566406,-0.6573038655974701,1.1473560333251953,1.2,turn90_2
69.649999999,33.981807708740234,40.82691192626953,-0.6383214407872041,1.1461949348449707,1.2,turn90_2
69.666666666,33.981910705566406,40.82695770263672,-0.6193619359027825,1.1440719366073608,1.2,turn90_2
69.683333333,33.982051849365234,40.8268928527832,-0.6003778097971371,1.1456315517425537,1.2,turn90_2
69.699999999,33.982154846191406,40.826778411865234,-0.5813871648585314,1.1476796865463257,1.2,turn90_2
69.716666666,33.98229217529297,40.826698303222656,-0.5623812206793604,1.1485828161239624,1.2,turn90_2
69.733333333,33.98245620727539,40.82660675048828,-0.5433937989203096,1.1453219652175903,1.2,turn90_2
69.749999999,33.982574462890625,40.82650375366211,-0.5244447168129924,1.1439236402511597,1.2,turn90_2
69.766666666,33.98274230957031,40.82640838623047,-0.5054947193772693,1.144175410270691,1.1648732052339994,turn90_2
69.783333333,33.982948303222656,40.82634735107422,-0.486560378744784,1.1421726942062378,1.124033722735004,turn90_2
69.799999999,33.98305892944336,40.82622528076172,-0.46764330812671784,1.1429877281188965,1.071013955242489,turn90_2
69.816666666,33.983211517333984,40.82615661621094,-0.4487054094737406,1.1443370580673218,1.0340964477468162,turn90_2
69.833333333,33.98342514038086,40.82612228393555,-0.42976245558252923,1.1420233249664307,0.9956859452354194,turn90_2
69.849999999,33.98358917236328,40.826019287109375,-0.4108465222081177,1.1429646015167236,0.9592848052302372,turn90_2
69.866666666,33.9837760925293,40.82596206665039,-0.39192580477419,1.1428157091140747,0.9182641202455499,turn90_2
69.883333333,33.9840202331543,40.825931549072266,-0.37301144009992365,1.142349123954773,0.8528382577419336,turn90_2
69.899999999,33.98428726196289,40.82587814331055,-0.35410788440565716,1.1399815082550049,0.8115074202391781,turn90_2
69.916666666,33.98444747924805,40.82575988769531,-0.3352306170318007,1.1404465436935425,0.7705323577460887,turn90_2
69.933333333,33.98457717895508,40.82572555541992,-0.31644224357421386,1.1316341161727905,0.7175547202309474,turn90_2
69.949999999,33.984710693359375,40.82575607299805,-0.29788508845175754,1.1143701076507568,0.6841808077474354,turn90_2
69.966666666,33.98478317260742,40.82583236694336,-0.2797295659648225,1.0851446390151978,0.6454164827477882,turn90_2
69.983333333,33.984764099121094,40.82589340209961,-0.26208276063869557,1.053480625152588,0.6033176777413984,turn90_2
69.999999999,33.98466110229492,40.82597732543945,-0.24495898219697756,1.0238343477249146,0.569372962745075,turn90_2
70.016666666,33.984554290771484,40.82605743408203,-0.2283377604200172,0.993077278137207,0.5242711002388034,turn90_2
70.033333333,33.984432220458984,40.82614517211914,-0.21223571378116574,0.961225688457489,0.48091112523205193,turn90_2
70.049999999,33.98427200317383,40.826255798339844,-0.19678927395700216,0.9170473217964172,0.4448151177343618,turn90_2
70.066666666,33.98414993286133,40.826316833496094,-0.18206930638145769,0.8747230768203735,0.39627024023455415,turn90_2
70.083333333,33.98403549194336,40.82640838623047,-0.16807030173985046,0.8312929272651672,0.3531875352377767,turn90_2
70.099999999,33.983890533447266,40.82645797729492,-0.15487267354073153,0.7802812457084656,0.30957276274373835,turn90_2
70.116666666,33.98375701904297,40.8265380859375,-0.14243658787849683,0.7376527786254883,0.27826686273281775,turn90_2
70.133333333,33.98362350463867,40.82659912109375,-0.13082050347639052,0.6940001249313354,0.24278675024059448,turn90_2
70.149999999,33.98351287841797,40.8266716003418,-0.11983262703041948,0.6482362151145935,0.2033144752381133,turn90_2
70.166666666,33.98339080810547,40.826744079589844,-0.10956925115358775,0.6055115461349487,0.16958353773541712,turn90_2
70.183333333,33.98332977294922,40.82671356201172,-0.1000940207696179,0.5641472339630127,0.13695434274221152,turn90_2
70.199999999,33.983272552490234,40.8267822265625,-0.09129272260378583,0.5178960561752319,0.12,turn90_2
70.216666666,33.98318862915039,40.826812744140625,-0.08325448668772985,0.4718399941921234,0.12,turn90_2
70.233333333,33.98311233520508,40.826839447021484,-0.0759669076649813,0.42819640040397644,0.08706010999332647,turn90_2
70.249999999,33.98299789428711,40.826866149902344,-0.06944278773412162,0.37995317578315735,0.05241581249094451,turn90_2
70.266666666,33.98295211791992,40.82683181762695,-0.0636794817731505,0.33764392137527466,0.0,turn90_2
70.283333333,33.98287582397461,40.826812744140625,-0.05860048758883371,0.2931787967681885,0.0,turn90_2_settle
70.299999999,33.982818603515625,40.82685470581055,-0.05415663389874873,0.2599872052669525,0.0,turn90_2_settle
70.316666666,33.982765197753906,40.82693099975586,-0.050322117821646,0.22292755544185638,0.0,turn90_2_settle
70.333333333,33.98271560668945,40.82695388793945,-0.04713254253498016,0.18073490262031555,0.0,turn90_2_settle
70.349999999,33.982730865478516,40.8270378112793,-0.044526276144755766,0.14890775084495544,0.0,turn90_2_settle
70.366666666,33.98278045654297,40.82699203491211,-0.04242469079240372,0.12415347248315811,0.0,turn90_2_settle
70.383333333,33.98284149169922,40.827022552490234,-0.040563282455313564,0.1160183995962143,0.0,turn90_2_settle
70.399999999,33.9828987121582,40.82695770263672,-0.039007776464012156,0.09050940722227097,0.0,turn90_2_settle
70.416666666,33.982948303222656,40.82696533203125,-0.037910690362073236,0.05948890373110771,0.0,turn90_2_settle
70.433333333,33.98297882080078,40.82691955566406,-0.03747987173906521,0.013564514927566051,0.0,turn90_2_settle
70.449999999,33.98297882080078,40.82691192626953,-0.037487015185367095,0.00022441930195782334,0.0,turn90_2_settle
70.466666666,33.98297882080078,40.826908111572266,-0.037497583439329046,-0.0009682175586931407,0.0,turn90_2_settle
70.483333333,33.98297882080078,40.826904296875,-0.037506605103727664,-0.0007583517581224442,0.0,turn90_2_settle
70.499999999,33.98297882080078,40.82691955566406,-0.037489357135878094,-8.11576592241181e-06,0.0,turn90_2_settle
70.516666666,33.98297882080078,40.82692337036133,-0.03748802527026843,0.0015597852179780602,0.0,turn90_2_settle
70.533333333,33.982975006103516,40.826904296875,-0.03751192913035386,-0.0008557990659028292,0.0,turn90_2_settle
70.549999999,33.98297882080078,40.82692337036133,-0.037485620873703246,0.0011292429408058524,0.0,turn90_2_settle
70.566666666,33.98297882080078,40.8269157409668,-0.03749826185024645,3.374873995198868e-05,0.0,turn90_2_settle
70.583333333,33.982975006103516,40.826900482177734,-0.03752203697478481,-0.0006942680338397622,0.0,turn90_2_settle
70.599999999,33.98297882080078,40.82693099975586,-0.03747897953834094,0.0019515868043527007,0.0,turn90_2_settle
70.616666666,33.982975006103516,40.826908111572266,-0.037514928786684165,-0.0005334754823707044,0.0,turn90_2_settle
70.633333333,33.982975006103516,40.826908111572266,-0.0375136859950223,9.481440793024376e-05,0.0,turn90_2_settle
70.649999999,33.982975006103516,40.82691192626953,-0.03750748599484306,0.0009606703533791006,0.0,turn90_2_settle
70.666666666,33.98297119140625,40.826900482177734,-0.03753019341507344,-0.0005987997865304351,0.0,turn90_2_settle
70.683333333,33.982975006103516,40.82692337036133,-0.03750202363506226,0.0007356741116382182,0.0,turn90_2_settle
70.699999999,33.982975006103516,40.82691192626953,-0.03751198110252331,-0.00013783124450128525,0.0,turn90_2_settle
70.716666666,33.98297119140625,40.826904296875,-0.03753081243549569,-0.0007092223968356848,0.0,turn90_2_settle
70.733333333,33.98297119140625,40.826927185058594,-0.037501067955848316,0.0007985929260030389,0.0,turn90_2_settle
70.749999999,33.98297119140625,40.826927185058594,-0.03750962700487919,0.0007274625822901726,0.0,turn90_2_settle
70.766666666,33.98297119140625,40.82692337036133,-0.03751234637383209,1.4518413081532344e-05,0.0,turn90_2_settle
70.783333333,33.98297119140625,40.82692337036133,-0.03752018631837544,0.00016461190534755588,0.0,turn90_2_settle
70.799999999,33.98297119140625,40.82692337036133,-0.03751946098685783,6.346411828417331e-05,0.0,turn90_2_settle
70.816666666,33.98297119140625,40.82692337036133,-0.037532120320739645,0.00010662544082151726,0.0,turn90_2_settle
70.833333333,33.98297119140625,40.82691192626953,-0.03754974525133512,9.780688560567796e-05,0.0,turn90_2_settle
70.849999999,33.98297119140625,40.826900482177734,-0.03756167536325755,0.00012078436702722684,0.0,turn90_2_settle
70.866666666,33.982975006103516,40.826904296875,-0.03755565793238634,-0.0008539204718545079,0.0,turn90_2_settle
70.883333333,33.982975006103516,40.82692337036133,-0.0375378329875187,-0.00013994064647704363,0.0,turn90_2_settle
70.899999999,33.982975006103516,40.8269157409668,-0.03755185326957132,9.744133421918377e-06,0.0025,turn90_3
70.916666666,33.982967376708984,40.826900482177734,-0.03757555163353882,-0.0006907085189595819,0.040830544994096274,turn90_3
70.933333333,33.982975006103516,40.826934814453125,-0.03753473402208872,0.0016169470036402345,0.07221629249164835,turn90_3
70.949999999,33.982975006103516,40.826904296875,-0.03757047481351374,-0.0009054496185854077,0.10379740499905893,turn90_3
70.966666666,33.98297119140625,40.8269157409668,-0.03755475200929095,-1.4617416127293836e-05,0.14611705749251996,turn90_3
70.983333333,33.982975006103516,40.82691192626953,-0.03756291871418873,-4.9354650400346145e-05,0.18302419249215746,turn90_3
70.999999999,33.982975006103516,40.826900482177734,-0.03757767951873619,9.659280476626009e-05,0.2261135049861332,turn90_3
71.016666666,33.98297119140625,40.826904296875,-0.037571468291800025,-0.0007941497606225312,0.25653880499652587,turn90_3
71.033333333,33.982975006103516,40.8269157409668,-0.037553453438809774,-7.489882409572601e-05,0.28560000749115716,turn90_3
71.049999999,33.982975006103516,40.826927185058594,-0.03754280556006038,0.0006745136342942715,0.3165164849901339,turn90_3
71.066666666,33.982975006103516,40.82691192626953,-0.037557886878056834,-0.00012317256187088788,0.34929907748795813,turn90_3
71.083333333,33.98297119140625,40.826904296875,-0.03745542232312596,0.01877124048769474,0.3829194424992602,turn90_3
71.099999999,33.98300552368164,40.8269157409668,-0.036996394393560394,0.045251812785863876,0.42922639998272644,turn90_3
71.116666666,33.983036041259766,40.82697677612305,-0.03605962540855736,0.07954385131597519,0.4715030699930503,turn90_3
71.133333333,33.98304748535156,40.8270263671875,-0.0344964673435725,0.1202552542090416,0.5149065224845253,turn90_3
71.149999999,33.98306655883789,40.82708740234375,-0.03228624060050509,0.15796199440956116,0.5682140474977495,turn90_3
71.166666666,33.983062744140625,40.82708740234375,-0.02942117492893998,0.1993904411792755,0.6087563074920035,turn90_3
71.183333333,33.983070373535156,40.82704544067383,-0.025928872792804265,0.2321014553308487,0.6473631774946988,turn90_3
71.199999999,33.983123779296875,40.82707595825195,-0.02195459294728951,0.25708356499671936,0.6941514974909659,turn90_3
71.216666666,33.983177185058594,40.82706832885742,-0.0175292308343788,0.2888054847717285,0.7500484224960382,turn90_3
71.233333333,33.98316955566406,40.82706069946289,-0.012512325082214235,0.32547491788864136,0.8147652774909511,turn90_3
71.249999999,33.98319625854492,40.82706069946289,-0.006952255050420898,0.35168248414993286,0.8733437849963956,turn90_3
71.266666666,33.983299255371094,40.827091217041016,-0.0008219849120859415,0.39174190163612366,0.9132866649901552,turn90_3
71.283333333,33.98330307006836,40.82707214355469,0.005975722414408752,0.4364233613014221,0.9597383499835268,turn90_3
71.299999999,33.98325729370117,40.8270378112793,0.013552410659489297,0.4789469838142395,1.0051924749945464,turn90_3
71.316666666,33.98335266113281,40.827083587646484,0.021710501884419708,0.5047997236251831,1.0581935774911835,turn90_3
71.333333333,33.983367919921875,40.82707214355469,0.030507222280470977,0.5653411149978638,1.1065354174838284,turn90_3
71.349999999,33.98341751098633,40.82711410522461,0.040096459987786034,0.5928487181663513,1.1383022749845986,turn90_3
71.366666666,33.983551025390625,40.827152252197266,0.050291915091700355,0.6264293789863586,1.1683917799832124,turn90_3
71.383333333,33.98382568359375,40.827213287353516,0.06099688695194287,0.6610468626022339,1.2,turn90_3
71.399999999,33.98419189453125,40.82725524902344,0.07230640101910804,0.6970170140266418,1.2,turn90_3
71.416666666,33.984527587890625,40.82735824584961,0.0843988880070954,0.7593088150024414,1.2,turn90_3
71.433333333,33.98489761352539,40.82744598388672,0.09733112287284695,0.7963210940361023,1.2,turn90_3
71.449999999,33.985233306884766,40.82754135131836,0.11098649335458645,0.8526691198348999,1.2,turn90_3
71.466666666,33.98558807373047,40.82762145996094,0.12548618265529185,0.8945054411888123,1.2,turn90_3
71.483333333,33.986026763916016,40.82773208618164,0.14062975198060676,0.9280747175216675,1.2,turn90_3
71.499999999,33.98655700683594,40.82784652709961,0.15637308050715248,0.9698550701141357,1.2,turn90_3
71.516666666,33.987098693847656,40.827964782714844,0.1727768712338045,1.0096454620361328,1.2,turn90_3
71.533333333,33.98748779296875,40.82807540893555,0.1898832168805598,1.0580917596817017,1.2,turn90_3
71.549999999,33.98790740966797,40.828208923339844,0.20766183302713104,1.0850588083267212,1.2,turn90_3
71.566666666,33.988277435302734,40.828346252441406,0.22574235470243062,1.0946438312530518,1.2,turn90_3
71.583333333,33.9886360168457,40.82847595214844,0.2439710326763235,1.1041674613952637,1.2,turn90_3
71.599999999,33.988773345947266,40.82842254638672,0.2625472475792471,1.1319599151611328,1.2,turn90_3
71.616666666,33.98870849609375,40.828468322753906,0.28132066508168,1.1347072124481201,1.2,turn90_3
71.633333333,33.988765716552734,40.82856369018555,0.30024745566876665,1.147641897201538,1.2,turn90_3
71.649999999,33.9889030456543,40.828678131103516,0.31925759807487913,1.1459184885025024,1.2,turn90_3
71.666666666,33.98906326293945,40.828792572021484,0.3382611118443195,1.1467771530151367,1.2,turn90_3
71.683333333,33.98918151855469,40.82889175415039,0.35722664932172504,1.1449313163757324,1.2,turn90_3
71.699999999,33.98931121826172,40.82899856567383,0.37620868672143404,1.1454050540924072,1.2,turn90_3
71.716666666,33.989444732666016,40.82910919189453,0.3951910928980914,1.1449576616287231,1.2,turn90_3
71.733333333,33.98957824707031,40.82923889160156,0.41417642126708415,1.1451144218444824,1.2,turn90_3
71.749999999,33.98970413208008,40.829383850097656,0.43314991825288074,1.1443088054656982,1.2,turn90_3
71.766666666,33.98979568481445,40.829490661621094,0.4520835280298198,1.1433687210083008,1.2,turn90_3
71.783333333,33.98991394042969,40.82960891723633,0.47104725273945564,1.145756721496582,1.2,turn90_3
71.799999999,33.990055084228516,40.829750061035156,0.4900043997643439,1.1428229808807373,1.2,turn90_3
71.816666666,33.99018478393555,40.829872131347656,0.508945062713964,1.1437366008758545,1.2,turn90_3
71.833333333,33.99031066894531,40.830020904541016,0.5279103437508528,1.1437971591949463,1.2,turn90_3
71.849999999,33.990440368652344,40.83014678955078,0.5468571019997832,1.1437439918518066,1.2,turn90_3
71.866666666,33.99056625366211,40.83028030395508,0.5658000811487026,1.143376111984253,1.2,turn90_3
71.883333333,33.99068069458008,40.83036804199219,0.5847288266911101,1.1430381536483765,1.2,turn90_3
71.899999999,33.990806579589844,40.830501556396484,0.6036821182950105,1.1440314054489136,1.2,turn90_3
71.916666666,33.99093246459961,40.83059310913086,0.6226130488242447,1.1432480812072754,1.2,turn90_3
71.933333333,33.991050720214844,40.83071517944336,0.641570990534738,1.1443493366241455,1.2,turn90_3
71.949999999,33.991188049316406,40.83089065551758,0.6605132773787327,1.1429810523986816,1.2,turn90_3
71.966666666,33.991310119628906,40.83107376098633,0.679424283916633,1.1400576829910278,1.2,turn90_3
71.983333333,33.991458892822266,40.83124923706055,0.6983038799748236,1.1374562978744507,1.2,turn90_3
71.999999999,33.991580963134766,40.83140563964844,0.7171734691442972,1.1384023427963257,1.2,turn90_3
72.016666666,33.99169158935547,40.831451416015625,0.7360500998268843,1.1413459777832031,1.2,turn90_3
72.033333333,33.99170684814453,40.83152389526367,0.7549438509525273,1.1412440538406372,1.2,turn90_3
72.049999999,33.99178695678711,40.83164978027344,0.7738999982800521,1.147167682647705,1.2,turn90_3
72.066666666,33.991905212402344,40.8317985534668,0.792882181270569,1.1451278924942017,1.2,turn90_3
72.083333333,33.99201583862305,40.83195877075195,0.811838067021732,1.144587755203247,1.2,turn90_3
72.099999999,33.99211502075195,40.8321418762207,0.8307842937526179,1.1433329582214355,1.2,turn90_3
72.116666666,33.99223327636719,40.83226776123047,0.8497055339230225,1.1430591344833374,1.2,turn90_3
72.133333333,33.992340087890625,40.83241653442383,0.8686353980492677,1.1439741849899292,1.2,turn90_3
72.149999999,33.99244689941406,40.83261489868164,0.887569539475196,1.1416743993759155,1.2,turn90_3
72.166666666,33.99254608154297,40.83283233642578,0.9064726368057549,1.1415836811065674,1.2,turn90_3
72.183333333,33.99265670776367,40.83302688598633,0.9253676786106971,1.1392462253570557,1.2,turn90_3
72.199999999,33.99275588989258,40.83322525024414,0.9442409409344378,1.1392828226089478,1.2,turn90_3
72.216666666,33.99286651611328,40.83344268798828,0.9631047556250293,1.1386367082595825,1.2,turn90_3
72.233333333,33.99298095703125,40.83363723754883,0.9819752235086534,1.1401509046554565,1.2,turn90_3
72.249999999,33.99307632446289,40.8338508605957,1.0008632049942765,1.140429973602295,1.2,turn90_3
72.266666666,33.9931755065918,40.83405303955078,1.0197574047211708,1.1407532691955566,1.2,turn90_3
72.283333333,33.99329376220703,40.83419418334961,1.0386318170449766,1.1421656608581543,1.2,turn90_3
72.299999999,33.99338912963867,40.83436584472656,1.0575594362698897,1.1432020664215088,1.2,turn90_3
72.316666666,33.99345016479492,40.8345832824707,1.0764887814356026,1.1430593729019165,1.1892476438437205,turn90_3
72.333333333,33.993499755859375,40.83484649658203,1.0954036403855358,1.14130699634552,1.1599302813477896,turn90_3
72.349999999,33.99356460571289,40.83511734008789,1.1142987323427855,1.1398342847824097,1.1302109563361062,turn90_3
72.366666666,33.993690490722656,40.83528518676758,1.1331579447048645,1.1396479606628418,1.1000674288437784,turn90_3
72.383333333,33.993770599365234,40.83546829223633,1.1520514776142314,1.1417700052261353,1.0696446813484561,turn90_3
72.399999999,33.99386978149414,40.83563232421875,1.1709582216098313,1.1425895690917969,1.0407216638408334,turn90_3
72.416666666,33.99392318725586,40.83580780029297,1.1898912596572664,1.1437054872512817,1.0087211063468038,turn90_3
72.433333333,33.993988037109375,40.83596420288086,1.2088271447110797,1.1444588899612427,0.9713866988489661,turn90_3
72.449999999,33.99398422241211,40.83616638183594,1.2277789180315866,1.1442335844039917,0.9421568413484982,turn90_3
72.466666666,33.99403762817383,40.83638381958008,1.2467228611233787,1.1440857648849487,0.9132599463476998,turn90_3
72.483333333,33.99407958984375,40.83658218383789,1.2656031550454439,1.1359503269195557,0.870574843840024,turn90_3
72.499999999,33.99417495727539,40.83672332763672,1.2843151065170084,1.126539707183838,0.8374975688378816,turn90_3
72.516666666,33.994197845458984,40.83685302734375,1.3028174347790258,1.1124210357666016,0.8021974563338352,turn90_3
72.533333333,33.99415588378906,40.83698272705078,1.3210499325076048,1.0949517488479614,0.7684125663321373,turn90_3
72.549999999,33.99409103393555,40.83709716796875,1.3389560726250023,1.0722483396530151,0.7361316288473807,turn90_3
72.566666666,33.99416732788086,40.83719253540039,1.356509999202175,1.0516598224639893,0.7069322513338028,turn90_3
72.583333333,33.994136810302734,40.837318420410156,1.3736621048891784,1.0273739099502563,0.6776852738324868,turn90_3
72.599999999,33.994041442871094,40.837406158447266,1.3903566505934004,0.9984917044639587,0.6486923438491266,turn90_3
72.616666666,33.993988037109375,40.837398529052734,1.4065309158495116,0.9637011885643005,0.6192693138394878,turn90_3
72.633333333,33.99392318725586,40.83729553222656,1.4221781156901963,0.9361571073532104,0.5895835738477961,turn90_3
72.649999999,33.99382019042969,40.837181091308594,1.437338963615573,0.9064010977745056,0.5593610263453064,turn90_3
72.666666666,33.99376678466797,40.83706283569336,1.4519669420078876,0.8713355660438538,0.5296865288359021,turn90_3
72.683333333,33.993751525878906,40.83698654174805,1.4660282729190055,0.8379068374633789,0.4845617538479763,turn90_3
72.699999999,33.99367904663086,40.8369140625,1.4795310732715474,0.8051413893699646,0.45554514384219313,turn90_3
72.716666666,33.99361801147461,40.83680725097656,1.4924434088489897,0.7684398293495178,0.4259015813398781,turn90_3
72.733333333,33.993534088134766,40.83669662475586,1.5047993097598906,0.7329493761062622,0.3970320013389772,turn90_3
72.749999999,33.99357604980469,40.83662414550781,1.5165483435593912,0.701891303062439,0.36355966133795103,turn90_3
72.766666666,33.99359893798828,40.836605072021484,1.5278108600091742,0.6714311838150024,0.33290525633800083,turn90_3
72.783333333,33.993553161621094,40.83659362792969,1.5385617460587184,0.6393298506736755,0.0,turn90_3
72.799999999,33.993465423583984,40.836570739746094,1.5487971299384538,0.6095919609069824,0.0,turn90_3_settle
72.816666666,33.99343490600586,40.83648681640625,1.5585085295139045,0.5769357085227966,0.0,turn90_3_settle
72.833333333,33.99338150024414,40.83641815185547,1.5677248090171787,0.5468389391899109,0.0,turn90_3_settle
72.849999999,33.99338150024414,40.836307525634766,1.5763390747627486,0.5105860829353333,0.0,turn90_3_settle
72.866666666,33.99336624145508,40.83620071411133,1.5843536674211727,0.4752574861049652,0.0,turn90_3_settle
72.883333333,33.99333572387695,40.836090087890625,1.5918075717711728,0.4416864514350891,0.0,turn90_3_settle
72.899999999,33.99334716796875,40.83605194091797,1.5987596213256192,0.41365543007850647,0.0,turn90_3_settle
72.916666666,33.99331283569336,40.83599090576172,1.6051696939388307,0.3775792717933655,0.0,turn90_3_settle
72.933333333,33.99333572387695,40.83594512939453,1.6110228121625652,0.34528711438179016,0.0,turn90_3_settle
72.949999999,33.99333190917969,40.83584976196289,1.6150710439373126,0.21627630293369293,0.0,turn90_3_settle
72.966666666,33.993263244628906,40.8358268737793,1.617353704434464,0.08782365918159485,0.0,turn90_3_settle
72.983333333,33.993309020996094,40.83578109741211,1.618141517730958,0.03367612510919571,0.0,turn90_3_settle
72.999999999,33.99331283569336,40.83574676513672,1.6183285852861424,0.006319727282971144,0.0,turn90_3_settle
73.016666666,33.99331283569336,40.835750579833984,1.6183266832199936,-9.45724532357417e-05,0.0,turn90_3_settle
73.033333333,33.99330520629883,40.835750579833984,1.618336702884852,0.0011829311260953546,0.0,turn90_3_settle
73.049999999,33.99330520629883,40.83575439453125,1.6183392909831331,0.0008367498521693051,0.0,turn90_3_settle
73.066666666,33.99330139160156,40.835750579833984,1.6183432672831428,6.412042421288788e-05,0.0,turn90_3_settle
73.083333333,33.99331283569336,40.83575439453125,1.618318048597018,-0.0011034130584448576,0.0,turn90_3_settle
73.099999999,33.9932975769043,40.83575439453125,1.6183420637417156,0.0008477792143821716,0.0,turn90_3_settle
73.116666666,33.993309020996094,40.83575439453125,1.6183235740787638,-8.119703852571547e-05,0.0,turn90_3_settle
73.133333333,33.9932975769043,40.83575439453125,1.6183337694436948,0.001036974135786295,0.0,turn90_3_settle
73.149999999,33.99332046508789,40.83575439453125,1.618299915682446,-0.001910919090732932,0.0,turn90_3_settle
73.166666666,33.99329376220703,40.83575439453125,1.618335326254197,0.0010221557458862662,0.0,turn90_3_settle
73.183333333,33.99330139160156,40.83575439453125,1.6183223660993533,-1.4873140571580734e-05,0.0,turn90_3_settle
73.199999999,33.993309020996094,40.83575439453125,1.6183066520600737,-0.00012858284753747284,0.0,turn90_3_settle
73.216666666,33.99332046508789,40.835758209228516,1.6182880014087577,-0.0017674975097179413,0.0,turn90_3_settle
73.233333333,33.9932975769043,40.835758209228516,1.6183180474607348,0.0006279440713115036,0.0,turn90_3_settle
73.249999999,33.9932975769043,40.83575439453125,1.6183173535121829,0.001998632214963436,0.0,turn90_3_settle
73.266666666,33.99331283569336,40.83575439453125,1.6182943859248902,-0.0001016110327327624,0.0,turn90_3_settle
73.283333333,33.99333190917969,40.83576202392578,1.6182719226644675,-0.0014792511938139796,0.0,turn90_3_settle
73.299999999,33.99330139160156,40.83575439453125,1.6183059572672809,0.0011788861593231559,0.0,turn90_3_settle
73.316666666,33.99333190917969,40.83576202392578,1.6182601830032208,-0.002072933129966259,0.0,turn90_3_settle
73.333333333,33.99329376220703,40.835750579833984,1.6183111458989285,0.0018650776473805308,0.0,turn90_3_settle
73.349999999,33.99333953857422,40.835758209228516,1.61824688555879,-0.0029716643039137125,0.0,turn90_3_settle
73.366666666,33.993282318115234,40.835750579833984,1.6183140747562388,0.0022869575768709183,0.0,turn90_3_settle
73.383333333,33.993343353271484,40.835758209228516,1.6182378979978176,-0.0018852179637178779,0.0,turn90_3_settle
73.399999999,33.99329376220703,40.83574676513672,1.618296455288012,0.00178589578717947,0.0,turn90_3_settle
73.416666666,33.993324279785156,40.83574676513672,1.6182543126946616,-0.001989449141547084,0.0,turn90_3_settle
73.433333333,33.99332809448242,40.83574676513672,1.6182575896792206,-0.00015191563579719514,0.0,end
73.449999999,33.993324279785156,40.83574676513672,1.618260530803713,-0.001311280531808734,0.0,end
73.466666666,33.99332046508789,40.83574676513672,1.6182658832393746,5.3720807045465335e-05,0.0,end
73.483333333,33.99329376220703,40.83574676513672,1.618299733153961,0.0012051825178787112,0.0,end
73.499999999,33.99331283569336,40.83574676513672,1.6182774563958173,-0.0016537756891921163,0.0,end
73.516666666,33.993309020996094,40.83574676513672,1.6182847107535476,-7.941405783640221e-05,0.0,end
73.533333333,33.99331283569336,40.83574676513672,1.6182760718753668,-1.528904067527037e-05,0.0,end
73.549999999,33.993316650390625,40.83574295043945,1.6182726168030066,-9.894324466586113e-05,0.0,end
73.566666666,33.99330520629883,40.83574676513672,1.6182862632485122,6.70956724206917e-05,0.0,end
73.583333333,33.99331283569336,40.83574295043945,1.6182729664510462,-6.214312634256203e-06,0.0,end
73.599999999,33.99332809448242,40.83574676513672,1.6182515469492271,-0.001179200946353376,0.0,end
73.616666666,33.99330139160156,40.83574676513672,1.6182866085105283,0.0011476612417027354,0.0,end
73.633333333,33.9932975769043,40.83574676513672,1.6182897184494138,0.0013533378951251507,0.0,end
73.649999999,33.99332046508789,40.83574676513672,1.618262425518699,-0.0004974611802026629,0.0,end
73.666666666,33.99331283569336,40.83574676513672,1.6182719266287344,-0.0005789417191408575,0.0,end
73.683333333,33.99331283569336,40.835750579833984,1.6182760676771915,0.0009294157498516142,0.0,end
73.699999999,33.99330520629883,40.835750579833984,1.6182867812379236,0.0010954091558232903,0.0,end
73.716666666,33.99331283569336,40.835750579833984,1.6182741739353224,-4.6356628445209935e-05,0.0,end
73.733333333,33.993309020996094,40.83575439453125,1.6182812558600443,3.0228371542762034e-05,0.0,end
73.749999999,33.99330520629883,40.83575439453125,1.6182866169472778,0.000824103772174567,0.0,end
73.766666666,33.99330139160156,40.835750579833984,1.6182907534313467,0.00012718181824311614,0.0,end
73.783333333,33.99330520629883,40.83575439453125,1.6182767624011236,2.6640473151928745e-05,0.0,end
73.799999999,33.99331283569336,40.83575439453125,1.6182677899138818,-0.0015875312965363264,0.0,end
73.816666666,33.99331283569336,40.83575439453125,1.6182681266611498,-2.3264925403054804e-05,0.0,end
73.833333333,33.99330139160156,40.835750579833984,1.6182850637023625,0.0011034347116947174,0.0,end
73.849999999,33.993316650390625,40.83575439453125,1.6182603468965526,-0.0010993799660354853,0.0,end
73.866666666,33.993316650390625,40.83575439453125,1.6182632874332175,0.0008088469039648771,0.0,end
73.883333333,33.99330520629883,40.835750579833984,1.6182795259634684,0.00011318545875838026,0.0,end
73.899999999,33.99332809448242,40.83575439453125,1.6182480889660509,-0.001523718237876892,0.0,end
73.916666666,33.993309020996094,40.83575439453125,1.6182676130913118,5.50914992345497e-05,0.0,end
73.933333333,33.99330139160156,40.83575439453125,1.6182731304020697,0.0008287701639346778,0.0,end
73.949999999,33.99330520629883,40.83575439453125,1.6182577706642651,-1.641692506382242e-05,0.0,end
73.966666666,33.993309020996094,40.83575439453125,1.618257240673174,0.00017029214359354228,0.0,end
73.983333333,33.99332046508789,40.83575439453125,1.6182423862751503,-9.492802200838923e-05,0.0,end
73.999999999,33.99330139160156,40.83575439453125,1.6182650125998492,0.00016868015518411994,0.0,end
74.016666666,33.99330520629883,40.83575439453125,1.6182560373047337,-3.1951978598954156e-05,0.0,end
74.033333333,33.993309020996094,40.83575439453125,1.6182489589963278,-0.00015043330495245755,0.0,end
74.049999999,33.99332809448242,40.835758209228516,1.618216128255648,-0.001283831661567092,0.0,end
74.066666666,33.9932975769043,40.83575439453125,1.6182620793817246,0.002183550735935569,0.0,end
74.083333333,33.99332046508789,40.835758209228516,1.6182287440630845,-0.0009944788180291653,0.0,end
74.099999999,33.99330139160156,40.835758209228516,1.618255868312687,0.0016703944420441985,0.0,end
74.116666666,33.9932746887207,40.835750579833984,1.6182847108987508,0.0013818106381222606,0.0,end
74.133333333,33.9932746887207,40.835750579833984,1.6182872988261316,-3.6914213978889165e-06,0.0,end
74.149999999,33.993263244628906,40.83574676513672,1.618304404330444,0.001389782875776291,0.0,end
74.166666666,33.993282318115234,40.83574676513672,1.6182731435286588,-0.000889149378053844,0.0,end
74.183333333,33.99327850341797,40.835750579833984,1.6182816008702776,-0.0011091369669884443,0.0,end
74.199999999,33.993263244628906,40.83574295043945,1.618314768491355,0.0011298899771645665,0.0,end
74.216666666,33.99327850341797,40.835750579833984,1.6182926642664675,-0.0009501017048023641,0.0,end
74.233333333,33.9932746887207,40.83574295043945,1.6183031887540962,0.0015767770819365978,0.0,end
74.249999999,33.993289947509766,40.83574676513672,1.6182748728996657,-0.0010567998979240656,0.0,end
74.266666666,33.99327850341797,40.835750579833984,1.6182928321561725,6.388952169800177e-05,0.0,end
74.283333333,33.993255615234375,40.83574295043945,1.6183280709368377,0.001178913051262498,0.0,end
74.299999999,33.993263244628906,40.83574676513672,1.6183158005371556,0.00014076811203267425,0.0,end
74.316666666,33.99327087402344,40.83574295043945,1.618306648377987,-5.793169475509785e-05,0.0,end
74.333333333,33.99329376220703,40.83574676513672,1.618272793729067,-0.001598763046786189,0.0,end
74.349999999,33.993282318115234,40.835750579833984,1.618295761314723,0.0001277579867746681,0.0,end
74.366666666,33.99325942993164,40.83574295043945,1.618329972749103,0.0014298384776338935,0.0,end
74.383333333,33.9932861328125,40.835750579833984,1.6182976687658985,-0.0009181029163300991,0.0,end
74.399999999,33.9932746887207,40.83574295043945,1.6183166673224116,0.0011135676177218556,0.0,end
74.416666666,33.99329376220703,40.835750579833984,1.6182880021666395,-0.0012893445091322064,0.0,end
74.433333333,33.99326705932617,40.83574295043945,1.6183275496936442,0.0011348637053743005,0.0,end
